콘텐츠명,노키즈존,예약가능여부,룸보유여부,유아서비스기타,평일오픈시간,평일클로즈시간,주말오픈시간,주말클로즈시간,휴식시작시간,휴식종료시간,대표메뉴기타
웅스키친,,,,,11:30,20:30,11:30,20:30,,,
제주기정떡,,,,,09:00,16:00,09:00,16:00,,,
곽지식당,,,,,11:00,23:00,11:00,23:00,,,
쉬림프봉봉&올레파머스,,,,,10:00,18:00,10:00,18:00,,,
준반점,,,,,08:30,21:00,08:30,21:00,,,
돌하르방 뚝배기,,y,,,09:00,16:00,09:00,16:00,,,
대관원,,,,,11:00,21:00,11:00,21:00,,,
버거307,,,,,12:00,16:00,12:00,16:00,,,
동방양꼬치구이,,,,,04:00,02:00,04:00,02:00,,,
용두암 바당회국수,,,,,08:00,22:00,08:00,22:00,,,
돌하르방식당,,,,,10:00,17:00,10:00,17:00,,,
킨포크,,,,,10:00,22:00,10:00,22:00,,,
키스더티라미수,,,,,,,,,,,
바다위에코끼리,,,,,10:00,18:00,10:00,18:00,,,
돌토고리족욕카페,,,,,10:00,22:00,10:00,22:00,,,
라스또르따스,,,,,11:00,15:00,11:00,15:00,,,
라쁠라주,,,,,09:00,00:00,09:00,00:00,,,
채원일식,,,,,11:30,22:00,11:30,22:00,,,
함덕밀면,,,,,11:00,20:00,10:00,21:00,,,
탐라 뚝배기,,,,,08:00,19:00,08:00,19:00,,,
토담골,,,,,10:00,22:00,10:00,22:00,,,
갤러리앤카페고팡,,,,,10:00,18:00,10:00,18:00,,,
골막식당,,,,,06:30,18:00,06:30,18:00,,,
다래향,,,,,10:00,20:00,10:00,20:00,,,
길벗식당,,,,,10:00,22:00,10:00,22:00,,,
민봉태중화요리,,,,,11:00,20:30,11:00,20:30,,,
세자매식당,,,,,11:00,21:00,09:30,19:30,,,
땅꼬분식 뷔페,,,,,11:00,20:00,11:00,20:00,,,
협재해녀의집,,,,,10:00,22:00,10:00,22:00,,,
치저스,,,,,11:00,16:00,11:00,15:00,,,
신옛촌,,,,,08:30,20:00,08:30,20:00,,,
가든이다,,,,,12:00,22:30,12:00,22:30,,,
업체등록확인,,,,,00:00,00:00,00:00,00:00,,,
강정해녀의집,,,,,10:00,20:00,10:00,20:00,,,
이성필 커피볶는집,,,,,10:00,00:00,10:00,00:00,,,
명당양과,,,,,07:00,23:00,07:00,23:00,,,
한림로342쩜빵,,,,,11:00,21:30,11:00,16:00,,,
마중물삼계탕,,,,,10:00,22:00,10:00,22:00,,,"삼계탕 13.000원 전복삼계탕 15,000원 등"
산라한,,,,,11:30,22:00,11:30,22:00,,,점심뷔페 8000원
늘봄흑돼지,,,,,11:00,23:00,11:00,23:00,,,
고메아일랜드,,,,,11:30,21:00,11:30,21:00,,,
우유부단,y,,,,10:00,18:00,10:00,18:00,,,
저팔계깡통연탄구이,,,,,16:00,23:00,16:00,23:00,,,
하와이새우트럭,,,,,11:30,22:00,11:30,22:00,,,
물금,,,,,08:00,23:00,08:00,23:00,,,
아랑,,,,,10:30,21:00,10:30,21:00,,,
해금강횟집,,y,,,12:00,22:00,12:00,22:00,,,
산포식당,,,,,10:00,20:30,10:00,20:30,,,
잠녀해녀촌,,,,,07:00,20:30,07:00,20:30,,,
촌촌해녀촌,,,,,09:00,19:00,09:00,19:00,,,
마라도별장식당,,,,,10:00,16:00,10:00,16:00,,,
BHC치킨 연동점,,,,,12:00,00:00,12:00,00:00,,,치킨
제주신화월드 F&B,,,,,,,,,,,
월정리갈비밥,,,,,11:00,19:40,11:00,19:40,,,
쉬림프박스,,,,,11:00,18:00,11:00,18:00,,,
머루황토불갈비,,,,,10:00,22:00,10:00,22:00,,,
난드르깡통구이,,,,,16:00,22:00,16:00,22:00,,,
살랑살랑샤브샤브,,,,,,,,,,,
미번베트남쌀국수,,,,,08:00,21:00,08:00,21:00,,,
좀녀마을뚝배기,,,,,08:00,20:00,08:00,20:00,,,
행운문,,,,,11:00,17:00,11:00,17:00,,,새우버거
쉐프1192레스토랑,y,y,,,10:00,21:00,10:00,21:00,,,"비프 나시 고랭, 허브버터갈릭 안심스테이크, 그릴피쉬"
천보식당,,,,,17:00,21:00,17:00,21:00,,,
제주돔베막국수,,,,,11:00,14:00,11:00,14:00,,,
카페오늘의바다,y,y,,,08:00,22:00,08:00,22:00,,,"오늘의 바다 소다, 쑥라떼"
제주스럽닭서귀포올레점,y,y,,,11:30,01:00,11:30,01:00,,,"댕귤까망SET, 숙성마농mini, 제주까망치킨, 청귤맥주"
제주에인감귤밭,y,y,,,10:00,18:00,10:00,18:00,,,"라퐁퐁당에이드, 청귤퐁당에이드, 자몽퐁당에이드, 프렌치토스트, 봉귤주스"
상명식당,,,,,11:00,21:30,11:00,21:30,,,"점심뷔페 9,000 원"
숨비나리카페,,,,,10:00,18:00,10:00,18:00,,,
엄블랑디,,,,,08:00,17:00,,,,,
제주오성,,y,,,08:00,21:00,08:00,21:00,,,
카페 아트진,,,,,11:00,21:30,11:00,21:30,,,
모퉁이스낵,,,,,17:00,00:00,17:00,00:00,,,
황금어장,,,,,10:00,22:30,10:00,22:30,,,
바다동굴,,,,,11:30,18:00,,,,,
현기네식당,,,,,06:00,15:00,06:00,15:00,,,
은희네해장국 본점,,,,,06:00,15:00,06:00,14:00,,,
제주 어가,,,,,09:00,20:40,09:00,20:40,,,
치치퐁,,,,,10:30,17:20,10:30,17:20,,,
참전복죽,y,y,n,주문전 요청가능,08:00,16:00,08:00,16:00,,,참전복죽
명품진전복해물탕,,,,,11:00,21:00,11:00,21:00,,,
정순화손두부,,,,,09:00,20:30,09:00,20:30,,,
달에,,,,,19:00,23:00,19:00,23:00,,,
오르막가든,,,,,10:00,22:00,10:00,22:00,,,
아라서,y,y,,,11:30,21:00,11:30,21:00,,,
두리호집,,,,,09:30,21:00,09:30,21:00,,,
카페 웰컴,,,,,,,,,,,
운해횟집,,,,,11:30,22:00,11:30,22:00,,,
자리돔횟집,,,,,11:00,21:30,11:00,21:30,,,
금문도,,,,,11:00,22:00,11:00,22:00,,,
시니어손맛 아리랑,,,,,10:00,15:00,,,,,
바다풍경횟집,,,,,11:00,23:00,11:00,23:00,,,
비양도식당,,,,,08:00,21:00,08:00,21:00,,,
두가시영,,,,,10:00,21:00,10:00,21:00,,,
달리맨,,,,,11:00,21:00,11:00,21:00,,,
알마니,,,,,17:00,00:00,17:00,00:00,,,
워터쉐드카페,,,,,09:00,18:00,09:00,18:00,,,
앞돈지,,,,,09:30,21:40,09:30,21:40,,,
곽지BAR다,,,,,17:00,22:30,17:00,22:30,,,
넘버 138,,,,,,,,,,,
2093하우스,,,,,10:00,15:00,10:00,15:00,,,
금능제면소,y,y,,,09:30,21:00,09:30,21:00,,,
데미안,,,,,11:00,15:30,11:00,15:30,,,
현옥식당,,,,,07:00,22:00,07:00,22:00,,,
땅땅치킨 봉개점,,,,,,,,,,,
카페공작소,,,,,09:00,19:00,09:00,19:00,,,
명리동식당구좌직영점,y,y,,,11:30,21:30,11:30,21:30,,,"제주 흑돼지 삽겹 및 목살, 제주 짜투리 고기, 김치전골 뚝배기"
협재이길,y,y,,,08:00,15:00,08:00,15:00,,,"치즈김치볶음밥, 잠봉치즈샌드위치, 크림치즈바게뜨, 크로플샌드, 이길피자, 퍼스트모닝"
섭지향,,,,,11:00,22:00,11:00,22:00,,,
돈사돈,,,,,12:00,22:00,12:00,22:00,,,
카페씨닉,y,n,,,10:00,19:00,10:00,19:00,,,"흑돼지 잠봉뵈르, 에그인헬, 갈레트, 브라운토스트, 너트라떼"
아뜰리에 제주명월,,,,,11:00,18:00,11:00,18:00,,,
숙이네보리빵,,,,,08:00,17:00,08:00,17:00,,,
르카페하도,y,y,,,08:30,00:00,08:30,00:00,,,"핸드드립 커피, 유기농차, 생과일에이드, 깔라만시파인애플"
리보스코화덕피자,,,,,11:00,21:00,11:00,21:00,,,
세이슌,,,,,11:00,03:00,11:00,03:00,,,
그릴데미그라스,,,,,11:30,21:00,11:30,21:00,,,
연화키친,,,,,10:30,20:00,10:30,20:00,,,
키아스마,,,,,11:00,18:00,11:00,18:00,,,
이익새양과점,,,,,10:00,18:00,10:00,18:00,,,
대향연탄구이,,,,,16:00,00:00,16:00,00:00,,,
범일분식,,,,,09:00,17:00,09:00,17:00,,,
대수길다방,,,,,10:00,18:00,10:00,18:00,,,
카페 도두,,,,,10:00,22:00,10:00,22:00,,,
쫑이네밥집,,,,,11:00,19:00,11:00,19:00,,,
컴홈,,,,,11:00,20:00,11:00,20:00,,,
돈이랑 정육점식당,,,,,11:30,23:00,11:30,23:00,,,
어반르토아,,,,,08:30,20:00,08:30,20:00,,,
범선국수,,,,,,,,,,,
탐라면,,,,,09:00,21:00,09:00,21:00,,,
모모제이,y,y,,,10:00,22:00,10:00,22:00,,,"아보카토 오픈 샌드위치, 팬케이크"
그리다앤쿡,,,,,12:00,22:00,12:00,22:00,,,
전복사랑,,,,,08:00,20:00,08:00,20:00,,,
돈수육,,,,,10:30,22:00,10:30,22:00,,,수육
중문수두리보말칼국수,y,n,,,08:00,16:30,08:00,16:30,,,"수두리보말칼국수, 성게전복죽"
엘리펀시아,,,,,11:00,18:00,11:00,19:00,,,
오름위에버거,,,,,10:30,19:30,10:30,19:30,,,
고집돌우럭(중문),,,,,10:00,21:30,10:00,21:30,,,
뚱딴지 애월본점,,,,,11:00,22:00,11:00,22:00,,,숙성 흑돼지 근고기
샤라의정원,,,,,11:00,18:00,11:00,18:00,,,
소금빵까페 키친오즈,,,,,10:00,19:30,10:00,19:30,,,
춤추는오병장의돼지꿈,,,,,15:00,23:00,15:00,23:00,,,
원담,,,,,16:00,00:00,16:00,00:00,,,고등어회
오데뜨,,,,,11:30,20:30,11:30,20:30,,,
교래아름가든,,,,,10:00,19:30,10:00,19:30,,,
꼬꼬닭한마리,,,,,11:00,21:00,11:00,21:00,,,
ㅇㅇㅇ,,,,,06:00,00:00,04:30,00:00,,,
탑동패밀리레스토랑,,,,,11:30,21:00,11:30,21:00,,,
지오아라,,,,,,,,,,,
피쉬웍스,,,,,11:00,22:00,11:00,22:00,,,
수다브런치카페,,,,,10:30,23:00,10:30,23:00,,,
돌미롱,,,,,16:00,19:00,11:00,19:00,,,
공주네국수,y,,,,09:00,20:00,09:00,20:00,,,
제주바솔트,y,y,,,10:00,19:00,10:00,19:00,,,
해무,,,,,11:00,19:00,11:00,19:00,,,빙수
감미롭다 제주,y,y,,,10:00,16:00,10:00,16:00,,,
러프라이프커피,,,,,08:00,21:00,08:00,21:00,,,
기억나는집,,,,,09:00,21:30,09:00,21:30,,,
호텔샌드,,,,,09:00,21:00,09:00,21:00,,,
커피림,,,,,10:00,22:00,10:00,22:00,,,
가파도 용궁정식,,,,,10:00,20:00,10:00,20:00,,,
신스버거,,,,,10:00,20:00,10:00,20:00,,,
달아래팥,,,,,11:00,20:00,11:00,20:00,,,
뚱삼춘연탄구이,,,,,12:00,22:30,12:00,22:30,,,
바사그미,,,,,09:00,22:00,09:00,22:00,,,"살치살스테이크(320g) 46,000원  치킨 로메스코 28,000 원"
수눌음1,,,,,,,,,,,
평대스낵,,,,,11:30,16:00,11:30,16:00,,,
신우성타운,,,,,08:00,22:30,08:00,22:30,,,
미나식탁,,,,,11:30,21:00,11:30,21:00,,,
제주감자탕 탕자감,y,y,n,,11:00,23:55,11:00,23:55,,,
유끼네,,,,,11:30,16:30,11:30,16:30,,,
하찌,,y,,,17:00,21:00,17:00,21:00,,,초밥
진미명가,,,,,17:40,21:00,17:40,21:00,,,
김지순의 낭푼밥상,,,,,10:30,18:00,10:30,18:00,,,
조셉마켓,y,y,,,11:00,19:00,11:00,19:00,,,바스크 치즈케이크 
영춘식당,y,y,,,11:00,20:00,11:00,15:00,,,
카페콧수염,,,,,10:00,21:00,10:00,21:00,,,
어머니와고등어,,,,,09:00,21:00,09:00,21:00,,,
바다속고등어쌈밥,,,,,08:00,21:00,08:00,21:00,,,
산호풍경,,,,,,,,,,,
엉클통김밥,,,,,,,,,,,
헬로우우도,,,,,08:00,20:00,08:00,20:00,,,
카페 깡,,y,,,10:00,19:30,10:00,19:30,,,
춘심이네,,,,,10:30,20:00,10:30,20:00,,,
흑돼지해물삼합,,,,,12:00,22:00,12:00,22:00,,,흑돼지 해물삼합
재복헌훠궈,y,n,,,17:30,23:00,17:30,23:00,,,홍탕과 백탕에 신선한 식재료를 함께 즐기는 사천식 훠궈
블루밍제이,,,,,11:00,19:00,11:00,19:00,,,
명물,,,,,09:00,21:00,09:00,21:00,,,
오조해녀의 집,,,,,07:00,19:00,07:00,19:00,,,
순풍해장국,,,,,06:00,16:00,06:00,16:00,,,
코너스윗,,,,,11:30,22:00,11:30,22:00,,,
추자도중앙식당,,,,,,,,,,,
513텐동,y,y,,,11:20,20:30,11:20,20:30,,,
커먼브릭,,,,,11:00,20:30,11:00,20:30,,,
봉평메밀가,,,,,10:00,21:00,10:00,21:00,,,
중문랜드프리미엄뷔페,,,,,11:30,21:00,11:30,21:00,,,
영주말가든,,,,,10:00,22:00,10:00,22:00,,,
오로라식당,,,,,07:30,20:30,07:30,20:30,,,
파라다이스비치,,,,,11:00,20:00,11:00,20:00,,,
둥지식당,,,,,10:30,17:00,10:30,17:00,,,
지붕위제주바다,,,,,11:00,18:30,11:00,18:30,,,
생돈우리,,,,,11:30,22:00,11:30,22:00,,,
새로나분식,,,,,11:30,20:00,11:30,20:00,,,
추가네,,,,,09:30,21:00,09:30,21:00,,,
아지 함덕점,,,,,,,,,,,
마린보이횟집,,,,,10:00,21:30,10:00,21:30,,,
흑염소마루,,,,,11:00,21:00,11:00,21:00,,,
낭뜰에쉼팡,,,,,09:00,20:00,09:00,20:00,,,"낭뜰정식, 쌈채, 야채비빔밥, 녹차들깨수제비"
장승포식당,,,,,09:30,20:30,09:30,20:30,,,
한림칼국수,,,,,08:00,19:30,08:00,19:30,,,
제대가는길,,,,,10:00,19:00,10:00,19:00,,,
밤수중 협재점,n,,,,20:00,02:00,20:00,02:00,,,
섯동네해녀의집,,,,,,,,,,,
바이닐 제주,y,,,,10:00,22:00,10:00,22:00,,,
와토커피,,,,,08:00,18:00,08:00,18:00,,,
중문별장,,y,,,10:00,22:00,10:00,22:00,,,
커피잇수다,,,,,10:00,19:00,10:00,19:00,,,
나루면빨,,,,,10:00,18:00,10:00,18:00,,,
이스트엔드,,,,,12:00,21:30,,,,,
황궁쟁반탐라원,,,,,11:00,19:00,11:00,19:00,,,
금뽕똘향토음식점,,,,,11:00,16:00,11:00,16:00,,,
제라한보쌈,,,,,15:00,23:00,15:00,23:00,,,
대광장식당,,,,,06:30,21:00,06:30,21:00,,,
미원,,,,,05:00,16:00,05:00,16:00,,,
강해일횟집,,y,,,10:00,23:00,10:00,23:00,,,
한라앤탐,,,,,08:30,16:00,,,,,
괸당네식당,,,,,08:30,16:30,08:30,16:30,,,
비원,,,,,10:30,21:00,10:30,21:00,,,
대담 애월본점,y,y,,,13:00,01:00,13:00,01:00,,,
도두해녀의집,,,,,10:00,20:00,10:00,20:00,,,
솔지식당 시청점,,,,,17:00,21:50,17:00,21:50,,,"가브리살, 멜조림"
동도원,,,,,09:00,21:00,09:00,21:00,,,
비밀역,y,y,,,10:30,18:00,10:30,18:00,,,
경주네횟집,,,,,10:00,22:00,10:00,22:00,,,
해월향,,,,,11:00,21:30,11:00,21:30,,,
만민식당,,,,,10:00,21:30,10:00,21:30,,,
바다를본돼지(판포점),,,,,12:00,22:00,12:00,22:00,,,
옹포별장가든,,,,,11:00,21:00,11:00,21:00,,,
금보,,,,,07:30,22:30,07:30,22:30,,,
제일식당,,,,,,,,,,,
거부한정식(신제주점),,,,,09:00,21:00,09:00,21:00,,,
젠하이드어웨이,,,,,11:00,21:00,11:00,21:00,,,
뜰향기,,,,,09:00,19:00,09:00,19:00,,,
시흥해녀의집,,,,,07:00,20:00,07:00,20:00,,,
원항아리칼국수보쌈,,,,,09:00,20:30,09:00,20:30,,,
거닐다,,,,,11:00,20:00,11:00,20:00,,,
한라마테우리,y,n,,,11:00,19:00,11:00,19:00,,,
다미진,,,,,11:30,22:00,11:30,22:00,,,
리부아르,,,,,10:00,20:00,10:00,20:00,,,"감귤 크림브륄레, 까눌레, 솔트빌리커피, 한라봉 선셋, 크로플"
연미정,,,,,09:00,21:00,09:00,21:00,,,
뵈뵈,,,,,11:00,20:00,11:00,20:00,,,
양가형제,,,,,11:00,19:30,11:00,19:30,,,"경버거, 양버거, 어니언링, 감자튀김, 밀크쉐이크"
모락,,,,,11:00,,11:00,,,,
덤장,,y,,,08:00,21:00,08:00,21:00,,,
플로웨이브,,,,,16:00,22:00,16:00,22:00,,,"등뼈오름 18,000원"
또또시,,,,,,,,,,,
대원가,,,,,09:00,21:00,09:00,21:00,,,
한치앞도모를바다,,,,,11:30,19:00,11:30,19:00,,,
중문자연산횟집,,,,,12:00,01:00,12:00,01:00,,,
이끼숲소길,y,,,,09:00,17:30,09:00,17:30,,,
브릭스 제주,n,,,,12:00,18:00,12:00,18:00,,,
카페루시아,y,n,,,09:30,20:00,09:30,20:00,,,"아메리카노, 댕유자차"
돈돼지흑돼지,,,,,09:00,23:00,09:00,23:00,,,
마돈,,,,,10:00,22:00,10:00,22:00,,,
어장군,,,,,09:00,21:00,09:00,21:00,,,차롱밥상 15.000원
별방21,,,,,11:30,20:00,11:30,20:00,,,
순이네해장국,,,,,09:00,20:30,,,,,
상춘재,,,,,10:00,16:00,10:00,16:00,,,
봉끄랑,,,,,10:00,16:30,10:00,16:30,,,
타코마씸,,,,,11:00,22:00,11:00,22:00,,,
조남매구움과자(폐업),y,y,,,10:00,17:00,10:00,17:00,,,"다쿠아즈, 아메리카노, 수제청에이드"
로뎀가든,,,,,10:30,16:00,10:30,16:00,,,
청춘다락,,,,,12:00,18:00,12:00,18:00,,,
신제주보말칼국수,,,,,08:00,15:00,08:00,15:00,,,"보말칼국수 11,000원"
몽상드애월(몽상),,,,,11:00,19:30,11:00,19:30,,,
88버거,,,,,10:00,21:00,10:00,21:00,,,"88버거, 아메리칸치즈버거, 크림소스버거, 어니언칠리버거"
포도원흑돼지,,y,,,11:00,22:00,11:00,22:00,,,
사방팔방,,,,,16:30,22:00,16:30,22:00,,,
망고레이,,,,,,,,,,,
신동성식당,,,,,10:00,21:00,10:00,21:00,,,
파리바게트 성산일출봉점,,,,,07:00,23:00,07:00,23:00,,,
과수원집,,,,,11:30,21:00,11:30,21:00,,,
임제,y,y,,,12:00,22:30,12:00,22:30,,,
우뭇개일번지,,,,,06:00,17:00,06:00,17:00,,,
비자림부엉이,,,,,10:00,00:00,10:00,00:00,,,
돔베돈 공항점,,,,,11:30,23:00,11:30,23:00,,,
미르담,y,n,n,,10:00,21:00,10:00,21:00,,,
이재모피자,,,,,10:00,21:00,10:00,21:00,,,이재모크러스트피자 s 26000원
운정이네,,,,,08:00,22:00,08:00,22:00,,,
신설오름,,,,,08:00,04:00,08:00,04:00,,,
청정제주밥집&카페,,,,,07:00,21:00,07:00,21:00,,,
독도참치,,,,,18:00,23:00,18:00,23:00,,,
조마루뼈다귀서귀포점,,,,,10:00,00:00,10:00,00:00,,,
제주도푸른밥,,,,,11:00,20:00,11:00,20:00,,,
몽생이,,,,,06:00,15:00,06:00,15:00,,,
바당꺼몬딱,,,,,09:00,20:00,09:00,20:00,,,
듀포레,,,,,10:00,21:00,10:00,21:00,,,
달콤한휴식,,,,,11:00,15:30,11:00,15:30,,,
낙화곡주(구.우도주막),,,,,09:00,20:00,09:00,20:00,,,
파리바게트 도남점,,,,,07:00,00:00,07:00,00:00,,,
솔트스톤브이점,y,y,,,13:00,23:00,13:00,23:00,,,"솔트티라미슈라떼, 솔트슈페너, 솔트크림라떼, 석스톤라떼"
성산맛집 성환이네 닭칼국수,,,,,09:00,20:30,09:00,20:30,,,
꽃까스,n,n,n,,12:00,19:00,12:00,19:00,,,경양식돈까스
탐라가든,y,y,,,12:00,21:40,12:00,21:40,,,
짬뽕에취한날,,,,,10:30,14:30,10:30,14:30,,,
성산포뚝배기,,,,,08:00,22:00,08:00,22:00,,,
쌍둥이횟집본점,,,,,11:00,22:00,11:00,22:00,,,
돈풍년,,,,,11:00,22:00,11:00,22:00,,,
알라스카인제주 용담점,,,,,,,,,,,
마라도해녀촌짜장,,,,,,,,,,,
어우늘,,,,,11:00,15:00,11:00,15:00,,,
황금손가락,,,,,11:30,22:00,11:30,22:00,,,
심봉사눈뜬톳해물짜장짬뽕,,,,,10:00,15:30,10:00,15:30,,,
머들왓,,,,,10:00,19:00,10:00,19:00,,,
단소,y,y,,,10:30,15:00,10:30,15:00,,,
진고개가든,,,,,,,,,,,
탐라흑돼지,,,,,11:00,22:00,11:00,22:00,,,
해운대가든,,,,,10:00,22:00,10:00,22:00,,,
추자본섬,,y,,,15:00,22:00,15:00,22:00,,,"고등어회,삼치회"
제주정,,,,,08:30,20:30,08:30,20:30,,,
수월봉 가마솥순대국,,,,,08:00,20:00,08:00,20:00,,,
돌집식당,,,,,10:00,21:00,10:00,21:00,,,
예지원,,,,,08:00,21:00,08:00,21:00,,,
한라식당,,,,,09:00,19:00,09:00,19:00,,,
양촌리마을,,,,,10:30,20:30,10:30,20:30,,,
카페마니,,,,,10:00,17:00,10:00,17:00,,,
수철이네 왕새우튀김 제주성산점,,,,,10:30,20:00,10:30,20:00,,,
산토샤,,y,,,11:00,17:00,11:00,17:00,,, 깻순 둥지 파스타 등
삼무국수,,,,,08:00,23:00,08:00,23:00,,,
오드랑 베이커리앤카페 신촌점,y,n,,,08:00,22:00,08:00,22:00,,,
목민,,y,,,17:00,22:00,17:00,22:00,,,
틴크레스트,,,,수유실,10:00,17:00,10:00,17:00,,, 스프레드 세트 등
색달식당,,,,,10:00,21:00,10:00,21:00,,,
아일랜드조르바,,,,,11:00,18:00,11:00,18:00,,,
금강민물장어,,,,,10:00,22:00,10:00,22:00,,,
바다목장 횟집,,,,,10:00,22:00,10:00,22:00,,,
ㄷㄷ,,,,,00:00,00:00,00:00,00:00,,,
제주바다바다,,,,,11:00,22:00,11:00,22:00,,,
제주광어직판장,,,,,11:00,22:00,11:00,22:00,,,
중화요리 사해방,,,,,10:00,20:30,10:00,20:30,,,
우무(umu),,,,,09:00,20:00,09:00,20:00,,,푸딩
벨로인카페,,,,,10:00,00:00,10:00,13:00,,,
명랑스낵,y,n,,,11:30,19:00,11:30,19:00,,,"떡볶이, 짜장떡볶이"
레이지박스,,,,,09:30,19:00,09:30,19:00,,,
델문도,,,,,06:00,00:00,06:00,00:00,,,
이돈갓시청점,,,,,11:00,21:00,11:00,21:00,,,
알라스카인제주,,,,,12:00,21:00,12:00,21:00,,,
베케 [유형 오기입],y,,,,09:30,17:30,09:30,17:30,,,"성인 12,000원"
예소담,,,,,07:00,22:00,07:00,20:00,,,
연우네,,,,,11:00,15:20,11:00,15:20,,,
노을언덕,,,,,09:00,23:00,09:00,23:00,,,
에너벨리,,,,,08:00,22:00,08:00,22:00,,,
오끼416갤러리,,,,,10:00,19:30,10:00,19:30,,,
수정+_____@22,,,,,,,,,,,
성산마씸,y,y,,,10:00,20:30,10:00,20:30,,,"마씸정식, 옥돔구이, 갈치조림, 흑돼지 돔베고기"
신산리마을카페,,,,,10:00,18:00,10:00,18:00,,,
전원일기,,,,,11:00,21:00,11:00,21:00,,,
창훈이네,,,,,09:30,19:00,09:30,19:00,,,
착한제주고등어,y,y,,,09:00,20:00,09:00,20:00,,,갈치 조림 정식
카페동백,,,,,10:00,17:00,10:00,17:00,,,
와팡,,,,,10:00,20:00,10:00,20:00,,,
제주진미마돈가,,,,,11:00,21:30,11:00,21:30,,,
천하대장군,,,,,10:00,21:00,10:00,21:00,,,
바람기억,,,,,09:00,00:00,09:00,00:00,,,
알라스카인제주 애월점,,,,,11:00,20:00,11:00,20:00,,,
남해횟집,,,,,17:00,23:00,17:00,23:00,,,
24시 뼈다귀탕 제주점,,,,,00:00,00:00,00:00,00:00,,,
제주반지만들기카페,,,,,10:00,22:00,10:00,22:00,,,
일통이반,,,,,12:00,23:30,12:00,23:30,,,
카카듀,,,,,10:00,22:30,10:00,22:30,,,
육갑봉,,,,,09:00,22:00,09:00,22:00,,,
육값하네식육가든,,,,,16:00,22:00,16:00,22:00,,,
제주슬로비,,,,,11:00,21:00,11:00,21:00,,,
삼수정,,,,,11:00,22:00,11:00,22:00,,,
누바비치,,,,,11:00,01:00,11:00,01:00,,,
서우봉가든,,,,,11:30,00:00,11:30,00:00,,,
에이바우트 스타디움,,,,,07:30,02:00,07:30,02:00,,,아메리카노 3500원 등
생이소리,,,,,07:00,20:00,07:00,20:00,,,
제주맛촌본점,,,,,10:00,21:00,10:00,21:00,,,
바램목장&카페,y,n,,,10:00,17:00,10:00,17:00,,,"한라봉에이드, 청귤차, 베이글"
황금어장(제주시),,,,,09:00,21:00,09:00,21:00,,,
앨리스 카페,,,,,12:00,22:00,12:00,22:00,,,
카페헤밍웨이,,,,,10:00,19:00,10:00,19:00,,,
짜장면시키신분 마라점,,,,,10:40,15:30,10:40,15:30,,,
돈마구이해장국(연동점),,,,,10:00,22:00,08:00,22:00,,,
순옥이네 명가,,,,,09:00,21:00,09:00,21:00,,,
순정문어,,,,,14:00,01:00,14:00,01:00,,,
윤재커피,y,y,,,11:30,18:00,,,,,기름떡
서귀포갈비,,,,,11:00,21:00,11:00,21:00,,,
황토기와집,,,,,10:00,20:00,10:00,20:00,,,
북촌에가면(폐업),,,,,11:00,17:00,11:00,17:00,,,
컴포트브라운,,,,,09:30,18:00,09:30,18:00,,,
유인원,y,y,,,11:00,18:00,11:00,18:00,,,
아방 얼큰 칼국수,y,y,n,오락기 미끄럼틀,10:30,20:30,10:30,20:30,,,칼국수 전골 수제비
코코찌봉,,,,,15:00,00:00,15:00,00:00,,,
삼계절,y,y,,,11:00,22:00,11:00,22:00,,,
현경식당,,,,,11:00,21:00,11:00,21:00,,,
텍시아,,,,,11:00,18:00,11:00,18:00,,,
올랭이와물꾸럭,,,,,17:00,21:00,16:00,22:00,,,
미친부엌,,,,,17:30,00:00,17:30,00:00,,,
만배성,,,,,11:30,21:30,11:30,21:30,,,
던스페이스,,,,,10:00,18:00,10:00,18:00,,,
다올터해장국,,,,,06:00,22:00,06:00,22:00,,,
도희네칼국수,,y,,,10:00,21:00,10:00,21:00,,,
피자굽는돌하르방,,,,,11:00,16:00,11:00,16:00,,,
제주초가집,y,y,,,11:00,21:00,11:00,21:00,,,전복전골
겐짱야,,,,,11:00,20:30,11:00,20:30,,,
누리해장국,,y,,,05:30,20:00,05:30,20:00,,,
델리지아레스토랑,,,,,11:00,15:30,11:30,15:00,,,
무진장회식당,,,,,10:00,21:00,10:00,21:00,,,
제주당 베이커리 카페,,,,,10:00,21:00,10:00,21:00,,,
젠칸투스,n,y,,,18:00,01:00,18:00,01:00,,,주류
잉겅 한림협재흑돼지,y,y,,,11:30,22:00,11:30,22:00,,,
섬채,,,,,11:00,21:30,11:00,21:30,,,
효선떡방,y,y,,,10:00,18:00,10:00,18:00,,,떡
블랙포엠,,,,,09:00,23:00,09:00,23:00,,,
건달다방,,,,,10:30,22:00,10:30,22:00,,,
커피구십구점구(99.9),,,,,10:00,23:00,10:00,23:00,,,
사계바다,,y,,,10:00,23:50,10:00,23:50,,,
부두식당 (모슬포),,,,,10:00,22:00,10:00,22:00,,,
사랑분식,,,,,10:30,19:00,10:30,19:00,,,
부르네비어가든,,,,,10:00,22:00,10:00,22:00,,,
다이노바이트 샌드위치,,,,,10:30,19:30,10:30,19:30,,,
화진전복,,,,,08:00,22:00,08:00,22:00,,,
카페희상(폐업),,,,,08:00,20:00,08:00,20:00,,,
어부랑누이랑,,,,,11:30,21:30,11:30,21:30,,,
명호돗갈비,,y,,,12:00,21:30,12:00,21:30,,,돼지생갈비
핫마마,,y,,,17:00,21:00,,,,,
서연의집(영화 건축학개론),,,,,10:00,19:00,10:00,19:00,,,
붉은제주,,,,,11:20,20:30,11:20,20:30,,,
오가네전복설렁탕,,,,,08:00,20:00,08:00,20:00,,,
알라스카인제주 제주항공우주박물관점,,,,,,,,,,,
메밀꽃차롱,,,,,11:00,15:00,11:00,15:00,,,
수제홍과일모찌,,,,,10:00,19:00,10:00,19:00,,,
라포레사려니,,,,,11:00,19:00,11:00,19:00,,,
그때그맛,,,,,06:00,18:00,,,,,
아페즈,,,,,12:00,22:00,12:00,22:00,,,
시스터필드,,,,,09:00,18:00,09:00,18:00,,,
아이스크림연구소(올레시장점),,,,,09:00,23:00,09:00,23:00,,,
넉둥베기 고사리육개장,,,,,09:00,16:00,09:00,16:00,,,
해일리 카페,y,,,,09:00,21:00,09:00,21:00,,,여름시즌음료 코코파인 9000원
프릳츠 제주성산점,,,,,08:00,20:00,08:00,20:00,,,"아메리카노 5,100원"
파리바게뜨 성산일출봉점,,,,,07:00,23:00,07:00,23:00,,,
타임스탬프,,,,,10:00,21:00,10:00,21:00,,,
섭지코지화덕피자,,,,,11:00,21:00,11:00,21:00,,,
빌라드아토,,,,,10:00,22:00,10:00,22:00,,,
나까무라,,,,,11:30,23:00,11:30,23:00,,,
도그헤븐 애견카페,y,y,,,09:00,19:00,09:00,19:00,,,
쪼끌락,,y,,,10:30,18:30,11:00,18:30,,,
스팅그레이(폐업),y,n,,,10:00,19:00,10:00,19:00,,,
비양도 올레카페,,,,,09:00,16:00,09:00,16:00,,,
김희선몸국,,,,,07:00,15:00,07:00,15:00,,,
선우식당,,,,,11:30,21:00,11:30,21:00,,,
모해 통갈치화덕구이전문점,,,,,11:00,22:00,11:00,22:00,,,
무뚱 식도락 식당,,,,,09:30,20:00,09:30,20:00,,,
짜이다방,y,n,,,12:00,20:00,12:00,20:00,,,
화로향,,y,,,17:00,00:00,17:00,00:00,,,
24시 뼈다귀탕,,,,,00:00,00:00,00:00,00:00,,,뼈감탕
Osds 협재,y,,,,09:00,17:00,09:00,17:00,,,
해림식당,,y,,,08:00,17:00,08:00,15:00,,,
홍요깃거리,,,,,08:30,16:30,08:30,16:30,,,
다미회,,,,,11:30,22:00,11:30,22:00,,,
팜알로하,,,,,09:00,19:00,09:00,19:00,,,
고집돌우럭(제주공항점),,,,,10:00,21:30,10:00,21:30,,,
성산회관,,,,,11:30,21:00,11:30,21:00,,,
다해복국,,,,,11:00,21:30,11:00,21:30,,,
대포횟집,,,,,11:00,21:50,11:00,21:50,,,
이가 흑돼지,,,,,11:30,22:30,11:30,22:30,,,
만세국수,,,,,09:00,20:30,09:00,20:30,,,
국수와냉면,,,,,10:00,22:00,10:00,22:00,,,
그옛맛,,,,,09:00,16:00,,,,,
마두천손칼국수,,,,,10:00,16:00,10:00,16:00,,,
이찌방,,,,,11:00,00:00,11:00,00:00,,,
은혜전복,,,,,10:00,20:00,10:00,20:00,,,
미나리식당,,,,,,,,,,,
산내들맛집,,,,,10:30,21:00,10:30,21:00,,,
서귀포손칼국수,,,,,10:00,20:00,10:00,20:00,,,
해월정,,,,,08:00,20:30,08:00,20:30,,,
돈사촌 외도점,,y,,,14:00,00:00,14:00,00:00,,,
나무카페,,,,,,,,,,,
호루의한끼,y,y,,,08:00,15:00,08:00,15:00,,,"호루쌈밥도시락,  프로방살 닭고기스튜, 옥돔미역국정식, 깍두기차돌덮밥"
어부와농부,,,,,09:00,22:00,09:00,22:00,,,
신세계제과,,,,,,,,,,,
카페엔다이닝채우다,,,,,09:00,19:00,09:00,19:00,,,
닐모리동동,,,,,11:00,23:00,11:00,23:00,,,
호임당,,,,,10:00,19:00,10:00,19:00,,,
소반,,,,,11:00,15:00,,,,,
돈앤돌,,,,,10:00,22:00,17:00,22:00,,,
돈향기,,y,,,11:30,22:40,11:30,22:40,,,
마운트 에베레스트 레스토랑,,,,,11:00,23:00,11:00,23:00,,,"커리, 난, 탄두리치킨, 비리야니, 사모사"
ROAD129(로드129),,n,,,10:30,20:00,10:30,20:00,,,
감나무집,,,,,10:30,22:00,10:30,22:00,,,
수국향,,,,,,,,,,,
떡볶이대학 라면학과,,,,,09:00,21:00,09:00,21:00,,,
공설식당,,,,,07:30,21:30,07:30,21:30,,,
물메골,,,,,10:00,19:00,10:00,19:00,,,
탑부평,,,,,11:00,23:00,11:00,23:00,,,
고객식당,,,,,08:00,19:00,08:00,19:00,,,
모리노아루요,,,,,11:30,14:30,11:30,14:30,,,
곱들락,,,,,12:00,22:00,12:00,22:00,,,
쓰쓰카페,,,,,09:00,16:00,09:00,16:00,,,
민경이네어등포해녀촌,,,,,09:00,20:00,09:00,20:00,,,
하늘채가든,,,,,11:00,21:30,11:00,21:30,,,
창천삼거리식당,,,,,08:00,19:40,08:00,19:40,,,
이리로카페,,,,,10:00,19:00,10:00,19:00,,,
PERLO (페를로),,,,,11:00,20:50,11:00,20:50,,,
미주크크,y,,,,12:00,19:00,12:00,19:00,,,아메리카노 4000원 
행복한시저네,,,,,10:30,15:30,,,,,
시소카이막,,,,,09:00,20:00,09:00,20:00,,,시소카이막 13000원 등
헤이브라더,,,,,10:00,18:00,10:00,18:00,,,
남바마버거,,,,,11:00,17:00,11:00,17:00,,,
홍도니,,,,,11:00,23:00,11:00,23:00,,,
해지개,,,,,09:00,21:00,09:00,21:00,,,
뚱보조개 바다풍경점 ,y,y,n,,15:00,23:30,14:00,23:30,,,조개구이와 생새우 오도리 회 구이 머리버터구이
종이비행기,,,,,,,,,,,
살롱드라방 SALON de LAVANT,,,,,09:30,17:30,09:30,17:30,,,
동우네,,,,,08:00,22:30,08:00,22:30,,,
딕시,,,,,10:00,22:00,10:00,22:00,,,
명도암수다뜰,,,,,,,,,,,
목돈,,,,,17:00,00:00,17:00,00:00,,,
하르방밀면 제주공항점,,,,,10:00,20:00,10:00,20:00,,,
해녀의 부엌 북촌점,,y,,,10:00,19:00,10:00,19:00,,,
하얀성&더돈,,,,,08:00,23:00,08:00,23:00,,,
한림바다체험마을,,,,,10:00,22:00,10:00,22:00,,,
경미네집(경미휴게소),,,,,08:30,16:00,08:30,16:00,,,
그러므로,,,,,11:00,17:00,11:00,17:00,,,
탑동골목,n,y,,,17:00,23:10,17:00,23:10,,,주류
할매추어탕,,,,,09:00,20:00,09:00,20:00,,,
파시랑,,,,,11:00,20:00,11:00,20:00,,,
성춘(토종순대),,,,,09:00,20:30,09:00,20:30,,,
독개물항,,,,,09:00,22:00,09:00,22:00,,,
인풍감자탕,,,,,11:00,22:00,16:00,22:00,,,
에귤타르트,,,,,08:00,00:00,08:00,00:00,,,
고미미,,,,,10:00,18:00,10:00,18:00,,,
당주제 제주,,,,,12:00,22:00,12:00,22:00,,,
마진가,,,,,10:30,22:00,10:30,22:00,,,
동그라미가든,,,,,,,,,,,
해녀식당(동복리),,,,,10:00,18:30,10:00,18:30,,,
원앤온리,,,,,09:00,18:40,09:00,18:40,,,
파스쿠찌 도남점,,,,,07:30,23:00,08:00,23:00,,,
아크로디니온,,,,,10:00,18:00,10:00,18:00,,,
맛나리,,,,,06:00,21:00,06:00,21:00,,,
간이옥돔역,,,,,11:00,19:00,11:00,19:00,,,
제제그리너,y,,,,11:00,17:00,11:00,17:00,,,
면공장,,,,,11:00,19:00,11:00,19:00,,,
르피라트,,,,,11:00,19:00,11:00,19:00,,,
해변가든(켄싱턴리조트),,,,,11:30,22:00,11:30,22:00,,,
맵찜,,,,,11:00,21:00,11:00,21:00,,,
도남오거리도남점,,,,,15:00,23:00,15:00,23:00,,,
바다잔치,,,,,09:00,22:00,09:00,22:00,,,
마쇼,,,,,11:00,15:00,11:00,15:00,,,
스테이위드커피,,,,,08:30,17:30,08:30,17:30,,,
본가 1호점,,,,,09:00,22:00,09:00,22:00,,,
코리코카페 제주,,,,,09:00,18:00,09:00,18:00,,,
대굴대굴구이,,,,,17:00,00:00,17:00,00:00,,,
방듸,,,,,11:00,22:00,11:00,22:00,,,
노을과 어울림 카페,,,,,09:00,23:00,09:00,23:00,,,
마님순대,,,,,,,,,,,
하나로국밥,,,,,06:00,22:00,06:00,22:00,,,
플라잉애월,y,,,,08:00,20:00,08:00,20:00,,,
김명자굴국밥(제주본점),,,,,06:00,15:00,06:00,15:00,,,
마노르블랑,,,,,09:00,19:00,09:00,19:00,,,
영해식당 (제주점),,,,,11:00,19:00,11:00,19:00,,,
우도돼지네 땅콩만두,,,,,11:00,22:00,11:00,22:00,,,
삼다도횟집,,,,,10:00,22:00,10:00,22:00,,,
옛촌전복,,,,,08:00,20:00,08:00,20:00,,,
부지깽이,,,,,11:30,23:00,11:30,23:00,,,
리듬앤브루스,,,,,08:00,20:00,08:00,20:00,,,
나무아래,,y,,,10:00,19:00,10:00,19:00,,,
서광마을국수,y,y,n,"유아용 숟가락, 포크 제공",08:00,19:00,08:00,19:00,,,"전복죽칼국수, 고기국수, 후라이김밥"
골목집갈치와고등어,,y,,,09:20,21:00,09:20,21:00,,,
세이슌 칠성로점,,,,,11:00,00:00,11:00,00:00,,,
일 이탈리아노,,,,,11:30,21:30,11:30,21:30,,,
포트그릴 스테이크하우스,,y,,,12:00,21:30,12:00,21:30,,,"스테이크 세트메뉴, 와인, 샴페인, 싱글몰트"
가시식당,,,,,08:30,20:00,08:30,20:00,,,
바캉스샤브샤브,,,,,11:30,21:00,11:30,21:00,,,
깡촌흑돼지,,,,,11:00,01:00,11:00,01:00,,,
지금이순간,,,,,09:00,20:00,09:00,20:00,,,
구름물고기,,,,,12:00,17:30,12:00,17:30,,,
명문가시리식당,,,,,09:00,21:00,09:00,21:00,,,
모드락,,,,,10:00,22:00,10:00,22:00,,,
한양식당,,,,,11:30,22:00,11:30,22:00,,,
비밀의숲 카페,,,,,09:00,18:00,09:00,18:00,,,
빌레왓,,,,,11:00,20:30,11:00,20:30,,,
마므레,,,,,12:00,22:00,12:00,22:00,,,
제주오름밥상,,,,,09:00,18:00,09:00,18:00,,,
커피가게쉬고가게,,,,,11:00,21:00,11:00,21:00,,,
하비마카롱,,,,,11:00,19:00,11:00,19:00,,,
연이네,,,,,10:00,17:00,10:00,17:00,,,
루스트플레이스 아라점,,,,,11:00,23:00,11:00,23:00,,,
서귀포네거리식당,,,,,07:00,21:40,07:00,21:40,,,
카페더몹시,,,,,,,,,,,
봉봉커피,,,,,,,,,,,
국시트멍,,,,,09:00,19:00,11:00,16:00,,,
깜돈 흑돼지,,,,,17:00,22:00,17:00,22:00,,,
방모루,,,,,09:00,20:00,09:00,20:00,,,
우드스탁,,,,,10:00,18:00,10:00,18:00,,,
채점석베이커리,,,,,08:00,22:00,08:00,22:00,,,
카이로스,,y,,,09:00,19:00,09:00,19:00,,,
사해방흑돼지,,,,,10:30,22:00,10:30,22:00,,,
무인카페 산책,,,,,08:00,20:00,08:00,20:00,,,
새콤달콤,,,,,08:00,00:00,08:00,00:00,,,
협재삼춘네횟집,,,,,09:00,21:00,09:00,21:00,,,
청호식당,,,,,09:00,20:00,09:00,20:00,,,
돈내코숯불갈비,,,,,15:00,22:00,15:00,22:00,,,
마음카페,,,,,10:00,17:00,10:00,17:00,,,
미레이나,,,,,11:00,21:00,11:00,21:00,,,
비마이게스트,,,,,09:30,17:30,09:30,17:30,,,
복여네왕돈가스,,,,,09:30,19:00,09:30,19:00,,,
소심한이층,,,,,19:30,02:00,19:30,02:00,,,
제주다음,,,,,11:00,19:00,11:00,19:00,,,
식전당포,y,y,,,15:00,00:00,15:00,00:00,,,
마실디,,,,,09:30,20:30,09:30,20:30,,,
떡하니,,,,,11:30,17:00,11:30,17:00,,,
요리하는 목수,,,,,10:00,20:00,10:00,20:00,,,
애월더선셋,,,,,10:00,19:30,10:00,19:30,,,"치즈오믈렛, 생과일프렌치토스트, 브런치, 과일에이드"
월정조용한카페앤펍,y,y,,,11:00,20:00,11:00,20:00,,,"제주 한라봉 프라페,  우도피넛라떼, 한라산 쑥 식빵,  한라봉 피나콜라다 칵테일"
블루사이공,,,,,11:30,16:00,11:30,16:00,,,
함덕카페h,,,,,10:00,20:00,10:00,20:00,,,
바다의집,,,,,11:00,16:00,11:00,16:00,,,
엠츄로,,,,,12:00,00:00,12:00,00:00,,,
더홀스카페,,,,,10:00,18:00,10:00,18:00,,,
꽃밭에서,,,,,07:00,18:00,07:00,18:00,,,
내가 찾은 맛고을,,,,,11:00,22:00,11:00,22:00,,,
루스트플레이스 칠성로점,,,,,11:00,21:00,11:00,21:00,,,
고요남,,,,,11:00,22:00,11:00,22:00,,,
하하호호(HAHAHOHO),,,,,10:30,17:00,10:30,17:00,,,
카페흠뻑,,,,,10:00,22:00,10:00,22:00,,,
뽀요요 카페,,,,,08:00,21:00,08:00,21:00,,,
선미식당,,y,,,07:00,21:00,07:00,21:00,,,
만첩,,,,,12:00,22:00,12:00,22:00,,,
리브라이프 키친앤스테이,,,,,13:00,19:00,13:00,19:00,,,
해와달그리고섬,,,,,10:00,20:30,10:00,20:30,,,
해담은,,,,,11:00,23:00,11:00,23:00,,,
하노이안브라더스,,y,,,11:00,21:00,11:00,21:00,,,
공간서오,y,,,,10:00,17:00,10:00,17:00,,,
피어22,,,,,12:00,21:00,12:00,21:00,,,
영천횟집 탑동본점,,y,,,11:00,23:00,11:00,23:00,,,
귤메달 하우스,,,,,11:00,19:00,11:00,19:00,,,
블랑로쉐,,,,,10:00,17:00,10:00,17:00,,,
우도 풍원,,,,,09:30,19:00,09:30,19:00,,,
오늘제주,,,,,10:00,19:00,10:00,19:00,,,
쇼디치카페,,,,,09:00,23:00,09:00,23:00,,,
복자씨연탄구이,,,,,12:00,22:00,12:00,22:00,,,
인더오조,,,,,11:00,21:00,11:00,21:00,,,
우도면파전리,,,,,08:00,20:00,08:00,20:00,,,
한성식당,,y,,,08:30,18:00,08:30,18:00,,,
성산해오름식당,,y,,,08:00,20:00,08:00,20:00,,,
춘천고려닭갈비,,,,,,,,,,,
모실래기해녀해물촌,,,,,,,,,,,
국수의전설,,,,,09:30,15:00,09:30,15:00,,,
달리다방,,,,,09:30,20:30,09:30,20:30,,,
봉끄랑횟집,,,,,10:00,23:00,10:00,23:00,,,
서건면가,,,,,10:00,20:00,10:00,20:00,,,
서울앵무새 제주,y,y,,,09:00,20:00,09:00,20:00,,,"퀸아망, 시나몬 롤"
춘심이네 3호점,,,,,10:00,21:00,10:00,21:00,,,
티라미소,,,,,,,,,,,
오하이 츄러스,,,,,10:30,17:00,10:30,17:00,,,
성산 어멍횟집,y,y,,,12:00,21:50,12:00,21:50,,,
토계정,,,,,09:00,21:00,09:00,21:00,,,
컬쳐드,,,,,11:00,21:00,11:00,21:00,,,
제리스펍,,,,,18:00,02:00,18:00,02:00,,,
아모레퍼시픽 제주센터 cafe N,,y,,,11:00,18:00,11:00,18:00,,,
아뜰리에안,,,,,10:00,22:00,10:00,22:00,,,
고고리식당,,,,,11:00,21:00,11:00,21:00,,,
돈돈이네,,,,,08:00,22:00,08:00,22:00,,,
육수명가도우락,,,,,08:00,00:00,,,,,
금빌레509,,,,,11:00,17:00,11:00,17:00,,,
이게밥도둑,,,,,11:30,21:00,11:30,21:00,,,
알랑가카페,,,,,,,,,,,
명성식당,,,,,09:00,20:00,09:00,20:00,,,
루스트플레이스 노형점,,,,,11:00,23:00,11:00,23:00,,,
공방앤공방,,,,,,,,,,,
장춘육당,,,,,12:00,22:00,12:00,22:00,,,
유지커피웍스,n,n,,,10:00,21:00,10:00,21:00,,,
홀리데이홀릭,y,,,,10:00,18:00,10:00,18:00,,,
바당지기,,,,,08:00,21:00,08:00,21:00,,,
엉클망고,,,,,,,,,,,
추자북경,,,,,11:30,15:00,11:30,15:00,,,
탐라칼국수 직영2호점,,y,,,10:00,15:00,10:00,15:00,,,
만조이천쌀밥,,,,,09:30,20:30,09:30,20:30,,,
1080칼국수,,,,,10:00,20:00,10:00,20:00,,,
솔향바다가든,,,,,16:00,22:00,11:00,22:00,,,
안녕육지사람,,,,,10:00,21:00,10:00,21:00,,,
뽈살집,,,,,15:00,00:00,15:00,00:00,,,
톰톰카레,,,,,11:00,20:00,11:00,20:00,,,
제주스럽,y,y,y,좌식테이블,10:00,19:30,10:00,19:30,,,"소금라떼,소금빵"
엉클통김밥(본점),,,,,07:30,19:00,07:30,19:00,,,
더츠커피돌핀점 (That’s Coffee Dolphin & Resort),,,,,,,,,,,
카멜커피,y,y,,,10:00,18:00,10:00,20:00,,,
로드하우스,,,,,10:00,21:00,10:00,21:00,,,
바그다드,,,,,11:30,23:00,11:30,23:00,,,
어제보다오늘,y,n,,,11:00,21:00,11:00,21:00,,,"쇼콜라무스, 복숭아무스"
부엌인세화,,,,,11:00,21:00,11:00,21:00,,,
광평도새기촌 본점,,y,,,17:00,22:00,17:00,22:00,,,
흑돈향,,,,,17:00,22:00,17:00,22:00,,,
삼대해녀의집,,,,,09:00,20:00,08:00,21:00,,,
제주온반,,,,,08:00,19:00,08:00,19:00,,,"흑돼지곰국, 해장국밥, 카펠리니 비빔국수, 흑돼지 떡갈비"
성산달래식당,,,,,10:00,21:00,10:00,21:00,,,
건축카페 유토피아,,,,,,,,,,,
미트타운,,,,,,,,,,,
한량2010,,,,,08:00,18:00,12:00,18:00,,,
유동커피,,,,,08:00,21:00,08:00,21:00,,,
이음,y,y,n,,09:30,16:00,09:30,16:00,,,채식한상
국수냐 국밥이냐,,,,,10:00,22:00,10:00,22:00,,,
그리운바다성산포,y,y,,,09:00,21:30,09:00,21:30,,,"그리운 한상차림, 고등어회"
코코분식,,,,,11:00,20:00,11:00,20:00,,,
탑동산호전복,,y,,,07:00,21:00,07:00,21:00,,,
성읍칠십리식당,,,,,11:00,20:30,11:00,20:30,,,
서울떡볶이,,,,,11:30,21:00,11:30,21:00,,,
어사촌도야지,,,,,09:00,20:30,09:00,20:30,,,
픽스커피,,,,,,,,,,,
곱을락(음식점),,,,,11:00,21:00,11:00,21:00,,,
얌얌돈가스,,,,,11:00,20:00,11:00,20:00,,,
삼대국수회관 신제주점,,,,,09:00,21:00,09:00,21:00,,,
밀리우,,,,,18:00,22:00,18:00,22:00,,,
올레수산회센터,,,,,11:30,22:00,11:30,22:00,,,
우도향,,,,,11:00,18:00,11:00,18:00,,,
단수이카스테라,,,,,07:00,19:00,07:00,19:00,,,
카페피크닉(르피크닉),,y,,,08:00,21:00,08:00,21:00,,,
봉이네식당,,,,,08:00,20:00,08:00,20:00,,,
일도 국수,,,,,00:00,00:00,00:00,00:00,,,
마마롱(애월),,,,,10:00,18:00,10:00,18:00,,,
포레스텔라인제주,y,y,n,,10:00,18:00,10:00,18:00,,,"브런치, 파스타, 마르게리따 등 "
제주홍돈 협재본점,,,,,12:00,23:00,12:00,23:00,,,
생원전복,,,,,10:00,21:00,10:00,21:00,,,"돈 샤브샤브 13,000원 전복회, 구이대 50000원 등"
카페 연이랑,,,,,10:00,17:00,10:00,17:00,,,
위더스트래블,,,,,09:00,19:00,09:00,19:00,,,
허벅식당,,y,,,08:00,20:30,08:00,20:30,,,
유스커피,,,,,08:00,18:00,11:00,18:00,,,
유남수산,,,,,08:00,22:00,08:00,22:00,,,
우도왕자이야기,,,,,08:30,18:00,08:30,18:00,,,
이어도식당,,,,,07:00,20:00,07:00,20:00,,,
장인의 집,y,y,y,,09:30,22:00,09:30,22:30,,,
홍어일번지,,,,,12:00,22:00,12:00,22:00,,,
어머니의 뜻을 담다 단지,,,,,11:00,20:00,11:00,20:00,,,
윤옥,y,n,,,11:30,20:00,11:30,20:00,,,"윤라멘, 쇼유라멘, 토마토절임, 닭껍질교자"
호랑이해장국,,,,,09:00,15:00,09:00,15:00,,,
보목해녀의집,,,,,10:00,20:00,10:00,20:00,,,
수우동,,,,,10:30,16:00,10:30,16:00,,,
kim여사의밥상,,,,,11:00,20:30,11:00,20:30,,,
퍼스트노엘,,,,,10:00,19:00,12:00,20:00,,,
고불락,y,y,,,08:00,21:00,08:00,21:00,,,"고등어쌈밥, 상추밥 정식"
더 스트롱홀드,,,,,11:00,22:00,11:00,22:00,,,
성광식당,,,,,10:30,18:00,10:30,18:00,,,
환상의짜장,,,,,08:00,18:00,08:00,18:00,,,
센잇,,,,,10:00,18:00,00:00,00:00,,,"풍미새우화석과자, 먹물한치화석과자, 매운낙지화석과자"
왕대포 연동점,,,,,17:00,05:00,17:00,05:00,,,
일출봉쑥빵보리빵,,,,,07:00,19:00,07:00,19:00,,,
제주신라호텔 히노데,,,,,17:30,22:00,17:30,22:00,,,철판 요리
벨롱,,,,,10:30,18:00,10:30,18:00,,,
성미식당,,,,,10:00,22:00,10:00,22:00,,,
바코,,y,,,17:30,23:00,17:30,23:00,,,한우 1++ 채끝 스테이크
카페 사우다드,,,,,09:00,18:00,09:00,18:00,,,
천지연해물전복뚝배기,,,,,08:00,19:00,08:00,19:00,,,
타무라,,,,,11:00,21:00,11:00,21:00,,,
천리식당,,,,,09:00,17:00,09:00,17:00,,,
더파크뷰(신라호텔),,,,,07:30,22:00,07:30,22:00,,,
모닥식탁(카페이전으로 비공개처리),,,,,11:00,19:30,11:00,19:30,,,
머들정원,,,,,10:00,17:00,10:00,17:00,,,
바다어멍,y,y,y,,07:00,22:00,07:00,22:00,,,"갈치구이, 갈치조림, 전복"
이찌마루,,,,,11:00,23:00,11:00,23:00,,,
맛있는집,,,,,09:00,20:00,09:00,20:00,,,
카페오름,,,,,12:00,20:00,12:00,20:00,,,
카페살레,,,,,10:30,16:30,10:30,16:30,,,
훔쳐온뒷고기 화북점,y,y,,,16:30,23:00,16:30,23:00,,,
삼교리동치미막국수 제주점,y,y,,,10:00,20:00,10:00,20:00,,,
김선문,,,,,12:00,20:00,12:00,20:00,,,
쿠싱 샌드위치,n,,,,09:30,18:00,09:30,18:00,,,
삼다정,,,,,,,,,,,
체면,,,,,11:30,19:30,11:30,19:30,,,
오메기식당,,,,,08:00,17:00,08:00,17:00,,,
느영나영 감귤창고,,,,,10:00,22:00,10:00,22:00,,,"제주감귤차, 귤꿀팬케이크, 귤꿀카래떡구이,"
그리고카페,,,,,09:00,18:00,09:00,18:00,,,
하누가물애,,,,,10:00,22:00,10:00,22:00,,,
어머니와장독대,,,,,10:30,21:00,10:30,21:00,,,
우도우베이커리,,,,,09:00,17:00,09:00,17:00,,,
제일떡집,,,,,,,,,,,
옛날옛적,,,,,09:00,22:00,09:00,22:00,,,
야자수 식당,,,,,10:00,20:30,10:00,20:30,,,
바보카페,,,,,10:00,19:00,10:00,19:00,,,
서귀포수일통닭,,,,,16:00,00:30,16:00,00:30,,,
음식점,n,n,n,ㅁㅁ음식점,00:00,02:00,00:00,02:00,,,ㅁㅇㅁ
범섬앞어촌계횟집,,,,,11:00,22:00,11:00,22:00,,,
후년하우스,,,,,10:00,22:00,10:00,22:00,,,
화북코끼리식당,,,,,10:00,22:00,10:00,22:00,,,
쏠피쉬,,,,,11:30,23:00,11:30,23:00,,,
아모르키친,,,,,,,,,,,
가파도해물짜장짬뽕,,,,,09:00,15:30,09:00,15:30,,,
리솔라 무인카페,,,,,10:00,22:00,10:00,22:00,,,
흑돼지구이집 하영,,,,,10:00,22:00,10:00,22:00,,,
제스토리(음식점 카테고리로 들어가 있어서 수정),,,,,09:00,21:00,09:00,21:00,,,
산물통숨비소리,,,,,07:00,20:00,07:00,20:00,,,
에피소드베이커리카페,,,,,10:00,18:00,10:00,18:00,,,
문어빵굽는문빵9,,,,,09:00,18:00,09:00,18:00,,,
동해루,,y,,,11:00,21:00,11:00,21:00,,,
바굥식당,,,,,11:00,15:00,11:00,15:00,,,
바다회국수,,,,,09:30,20:00,09:30,20:00,,,
만덕이네,y,n,,,08:00,21:00,08:00,21:00,,,"갈치조림정식, 전복문어흑돼지두루치기,접짝뼈국"
바당봉봉,,,,,10:30,19:30,10:30,19:30,,,
성산올레회국수,,,,,09:00,21:00,09:00,21:00,,,
회양과 국수군,,y,,,10:30,21:00,10:30,21:00,,,
허브올레,,,,,10:00,18:30,10:00,18:30,,,
소섬반점,,,,,11:00,18:00,11:00,18:00,,,
국수마당 본점,,,,,09:00,22:55,09:00,22:55,,,"고기국수, 비고국수 9,000원"
산방산초가집,,,,,10:00,21:00,10:00,21:00,,,
파도소리해녀촌,,,,,08:00,20:00,08:00,20:00,,,
써스티몽크제주시청점,,,,,17:00,02:00,17:00,02:00,,,
더비치하우스,n,y,n,,12:00,22:00,12:00,22:00,,,"더비치선라이즈,흑돼지크림파스타"
달테이블,,,,,11:00,10:00,11:00,10:00,,,
고망딱새,,,,,10:00,22:00,10:00,22:00,,,
서문뒷고기,,,,,17:00,22:00,17:00,22:00,,,
후쿠오카함바그,,,,,12:00,21:00,11:30,21:00,,,
중문 빠블릭 PUB,,,,,18:00,02:00,18:00,22:00,,,
명품한라봉아이스크림,,,,,10:00,21:00,10:00,21:00,,,
섬마을청년회관,,,,,09:00,15:00,09:00,15:00,,,
나주닭집,,,,,10:00,20:30,10:00,20:30,,,
까미노,,,,,10:30,20:00,10:30,20:00,,,
르꼬앙,,,,,16:00,22:30,12:00,22:30,,,
모아시,,,,,10:00,18:00,10:00,18:00,,,
우도이야기,,,,,10:00,19:00,10:00,19:00,,,
안녕소깍 서귀포쇠소깍브런치카페,,,,,10:00,17:00,10:00,17:00,,,
누리프렌즈카페인제주,,,,,10:00,19:00,10:00,19:00,,,
청해원,,,,,08:00,22:00,08:00,22:00,,,
만원의행복,,,,,17:00,22:00,17:00,22:00,,,
그리다시카고피자&파스타,,,,,12:00,22:00,12:00,22:00,,,
제주침시술소바 (오로라식품),,,,,11:00,01:00,11:00,01:00,,,
곽지 애월회관 흑돼지,,,,,11:30,23:00,11:30,23:00,,,
전설의마녀,,,,,10:30,20:00,10:30,20:00,,,
나폴리피자 서귀포중문점,y,n,,,00:00,00:00,00:00,00:00,,,"3657 하우스피자, 스페셜피자, 부팔리노피자"
쉐프 이야기,,,,,18:00,01:00,18:00,02:00,,,
물메쉼팡,,,,,09:30,19:30,09:30,19:30,,,
바다는안보여요,,,,,10:00,22:00,10:00,22:00,,,
콜레트커피,,,,,10:30,18:00,10:00,18:00,,,콜레트 라떼
사형제횟집,,,,,11:00,22:00,11:00,22:00,,,
스틸네거티브클럽,,,,,10:00,18:00,10:00,18:00,,,
용담생국수,,,,,10:00,21:00,10:00,21:00,,,"고기국수 9,000원"
굴무기낭,,,,,11:00,17:00,13:00,17:00,,,
풍차로가는길,y,y,n,,10:30,19:30,10:30,19:30,,,땅콩오드리라떼
오스모시스 구좌세화카페,,,,,10:00,22:00,10:00,22:00,,, 당근주스 등
스시마시,,,,,11:00,21:30,11:00,21:30,,,
향원복집,,,,,09:00,21:30,09:00,21:30,,,
올래회어촌,,,,,10:00,22:00,10:00,22:00,,,
성산흑돼지두루치기,,,,,10:30,21:00,10:30,21:00,,,
평화다방 제주시청점,,,,,11:30,03:00,11:30,03:00,,,
인터포레스트,y,y,,,11:00,18:00,11:00,19:00,,,"한라봉비앙코, 한라봉크로플, 잠봉뵈르"
중문수원음식점,,,,,10:00,21:00,10:00,21:00,,,
주디,y,n,n,,10:00,18:30,10:00,18:30,,,카페 & 기념품
꽃담수제버거,,,,,09:00,19:00,09:00,19:00,,,
다담은,,,,,11:00,21:00,11:00,21:00,,,
카페다랑쉬,,,,,,,,,,,
가산토방 식당,,,,,11:00,22:00,11:00,22:00,,,
이런날엔카페&레스토랑,,,,,11:00,21:00,11:00,21:00,,,
미소짓는 흑도야지,,,,,16:50,22:00,16:50,22:00,,,
문어빵굽는 문빵9 서귀포올레시장,,,,,,,,,,,
산야,y,y,n,,19:00,01:00,19:00,01:00,,,"명란파스타, 아카미, 가라아게, 고등어구이 등 "
미정이네,,,,,09:30,21:00,09:30,21:00,,,
녹 (NOK),y,y,n,,12:00,19:00,12:00,19:00,,,커피
구닮카페(구름을닮다),,,,,09:00,19:00,09:00,19:00,,,
크래커스 한경점,y,n,,,08:30,17:30,08:30,17:30,,,"아메리카노, 카페라떼"
시스베이글,,,,,11:00,18:00,11:00,18:00,,,
성산진미식당,,,,,07:00,20:00,07:00,20:00,,,
안다미로,,,,,10:00,20:00,10:00,20:00,,,
똣똣라면 제주시직영점,,y,,,07:00,14:30,07:00,14:30,,,
풍년떡집,,,,,07:00,20:00,07:00,20:00,,,
에니스케리,,,,,12:00,20:00,12:00,20:00,,,
산지물식당(건입동본점),,,,,07:30,22:30,07:30,22:30,,,
도을,y,n,,,11:00,16:00,11:00,16:00,,,
옛정의골 식당,,,,,,,,,,,
동북왕,,,,,11:00,21:00,11:00,21:00,,,
블리스풀,n,n,,,11:00,23:00,11:00,19:00,,,
등경돌식당,,,,,08:00,21:00,08:00,21:00,,,
오라숲소리,,,,,09:00,21:00,09:00,21:00,,,
우림일식,,,,,11:30,22:00,11:30,22:00,,,
송악산 엉클스 화덕 피자,,,,,11:00,20:00,11:00,20:00,,,
담아래,n,,,,11:00,16:00,11:00,16:00,,,
아라파파 a la papa,,,,,08:00,21:00,08:00,21:00,,,
순희뽀글이,,,,,07:00,17:00,07:00,17:00,,,
승범이네집,,,,,11:00,23:00,11:00,23:00,,,
퍼시픽 리솜 엘마리노 뷔페,,y,,,12:00,20:00,12:00,20:00,,,
절물자연휴양림휴게소,y,n,,,08:00,18:00,08:00,18:00,,,"음료, 스낵, 어묵리카노"
동양식당,,,,,08:00,21:00,08:00,21:00,,,
카페루나,,,,,10:00,20:00,10:00,20:00,,,
안거리밖거리,,,,,08:30,20:40,08:30,20:40,,,
고벤져스(본점),,,,,15:00,01:00,15:00,01:00,,,
비어라운드(Be around),,,,,10:00,20:00,10:00,20:00,,,
우도꽃길,,y,,,09:30,18:00,09:30,18:00,,,수제우도땅콩 빅 더블버거
북카페 휴일,,,,,10:00,22:00,10:00,22:00,,,
시도,,y,,,10:00,21:00,10:00,21:00,,,
슬로우카페,,,,,10:00,21:00,10:00,21:00,,,
백기해녀의 집,,,,,07:30,17:00,07:30,17:00,,,
평화로한식뷔페,,,,,11:00,15:00,11:00,15:00,,,한식뷔페
하얀산호식당,,,,,,,,,,,
킴스커틀렛,y,y,,,11:00,21:30,11:00,21:30,,,"샐러드돈까스, 해물볶음우동, 왕돈까스"
날것,,,,,16:00,02:00,16:00,02:00,,,
중문대들보,,,,,08:30,21:00,08:30,21:00,,,
마라톤식당,,,,,08:00,20:00,08:00,20:00,,,
스시우다,,,,,12:00,22:00,12:00,22:00,,,
친구네 분식,,,,,09:00,20:00,09:00,20:00,,,
꼬라지오(폐업),y,n,,,09:00,17:00,09:00,17:00,,,
피갈회옥,y,,,,12:00,22:00,12:00,22:00,,,
그리울땐제주,y,,,,10:00,18:00,10:00,18:00,,,
웰컴식당,y,y,y,,09:00,23:30,21:00,07:30,0:00,0:00,
원조마라도짜장면,,,,,10:20,16:00,10:20,16:00,,,
서바당횟집,,,,,10:00,15:30,10:00,15:30,,,
선흘방주할머니식당,,,,,10:00,19:00,10:00,19:00,,,
카페코지,,,,,09:00,21:00,09:00,21:00,,,
갈치 카페,,,,,,,,,,,
연정식당,,,,,09:00,21:00,09:00,21:00,,,
다금바리스타,,,,,10:00,21:00,10:00,21:00,,,
허브팜카페,,,,,10:00,21:00,10:00,21:00,,,
제주도원가든,y,y,y,,11:00,21:00,11:00,21:00,,,장어덮밥
해오름정육식당,,,,,12:00,22:00,12:00,22:00,,,
키다리아저씨,,,,,09:00,17:00,09:00,17:00,,,
오조파스타앤피자,,,,,11:30,21:30,11:30,21:30,,,
루스트플레이스 제원점,,,,,11:00,00:00,11:00,00:00,,,
맛좋은디,,,,,,,,,,,
망고홀릭 제주본점,,,,,10:00,22:00,10:00,22:00,,,
타이웍,y,,,,11:30,22:00,11:30,22:00,,,"뿌빳퐁커리, 새우팟타이, 소고기쌀국수"
바르왓,,,,,10:30,16:00,10:30,16:00,,,
제주이야기,,,,,10:00,17:00,09:00,17:00,,,
백양닭집,,,,,08:00,20:30,08:00,20:30,,,
최고집,,,,,16:00,23:00,16:00,23:00,,,
유기농커피 카페다,,,,,08:00,23:00,08:00,23:00,,,
중복__________________수정,,,,,09:00,18:00,09:00,18:00,,,
아싸횟집,,,,,11:30,23:30,11:30,23:30,,,
잔디가미,,,,,09:00,18:00,09:00,18:00,,,
키친오브꾸르다기,,,,,18:00,01:00,18:00,01:00,,,
바위소리,,,,,08:30,00:00,08:30,00:00,,,
제주회포장,,,,,15:00,23:00,15:00,23:00,,,
우연못,,,,,12:00,19:00,12:00,19:00,,,
윤비자,,,,,11:00,02:00,11:00,02:00,,,
윤식당,,,,,13:30,21:30,12:30,21:30,,,
판포분식,,,,,11:30,18:30,11:30,18:30,,,
허브랑,,,,,10:30,21:00,10:30,21:00,,,
그림상회,,,,,13:00,17:00,,,,,
유다제주요코초,,,,,18:00,02:00,18:00,02:00,,,모듬꼬치 등
뉴저지카페,,,,,11:00,21:00,11:00,21:00,,,
카페제주동네,,,,,10:00,16:30,10:00,16:30,,,
삼일식당,,,,,06:00,14:00,06:00,14:00,,,
문사기름집(유형 잘못기재),,,,,,,,,,,
제주토속,,,,,06:00,18:30,06:00,18:30,,,
월정리에서브런치,,,,,09:00,17:20,09:00,17:20,,,
바람카페,,,,,12:00,18:00,12:00,18:00,,,
라반,,,,,11:00,01:00,11:00,01:00,,,
새벽숯불가든,,,,,17:00,22:00,17:00,22:00,,,
빠라빠빵,,,,,11:00,22:00,11:00,22:00,,,
제주백정,,,,,12:00,23:55,12:00,23:55,,,
천해천,,,,,11:00,22:00,11:00,22:00,,,
바움하우스,,,,,09:30,21:00,09:30,21:00,,,
루스트플레이스 시청점,,,,,11:00,23:00,11:00,23:00,,,
해이당,y,y,n,숟가락 포크,11:00,20:00,11:00,20:00,,,"제주명품해물장, 아롱사태수육"
루스트플레이스 아이파크점,,,,,11:00,22:00,11:00,22:00,,,
키친그듸,,,,,11:00,21:00,11:00,21:00,,,
빠빠라기,,,,,18:00,22:00,18:00,22:00,,,
황금륭 버거,,,,,09:30,19:00,09:30,19:00,,,
79대포 제주화순점,,y,,,18:00,00:00,18:00,00:00,,,
제주 바닷가의 나루터,,,,,08:00,21:00,08:00,21:00,,,
노조미,,,,,11:00,20:00,11:00,20:00,,,
웨이브리스,,,,,09:00,20:00,09:00,20:00,,,
베이비리프캠프,y,y,,,09:00,16:00,09:00,16:00,,,브런치
코코부코,,,,,,,,,,,
밥빠,,,,,10:00,20:00,10:00,20:00,,,
비올레,,,,,11:30,20:00,11:30,20:00,,,
제주뚝배기,,y,,,06:10,19:30,06:10,19:30,,,성게국
석촌식당,,,,,09:00,21:00,09:00,21:00,,,
리스투아,,,,,12:00,00:00,12:00,00:00,,,
제주삼춘도넛 성산점,,,,,09:00,18:00,09:00,18:00,,,
종종캐주얼다이닝,,y,,,11:00,22:00,11:00,15:00,,,
매기의 추억,,,,,09:00,20:00,09:00,20:00,,,
올레삼다정,,,,,11:00,22:00,11:00,22:00,,,
레이식당,n,,,,11:30,22:00,11:30,22:00,,,
하록,,,,,10:30,19:30,10:30,19:30,,,
미엘드세화,,,,,10:00,18:00,10:00,18:00,,,"미엘커피, 당근케이크, 생크림케이크"
카페 공회당,,y,,,14:00,00:00,14:00,00:00,,,
리치망고 도두해안로점,y,y,,,10:00,20:00,10:00,20:00,,,"스페셜망고쉐이크, 코코넛애플망고쉐이크"
삼일해장국,y,n,,,07:00,13:20,07:00,13:20,,,"해장국, 소내장탕"
제주해물밥,,,,,10:00,21:00,10:00,21:00,,,
제스피,,,,,18:00,01:00,18:00,01:00,,,
제주흑돈세상수라간,,,,,12:00,22:00,12:00,22:00,,,
중문신라원,,,,,10:30,22:00,10:30,22:00,,,
지중해그릴,,,,,11:00,22:00,11:00,22:00,,,
옛날동문시장칼국수,,,,,11:00,20:00,11:00,20:00,,,
깅코,y,n,,,10:00,19:00,10:00,19:00,,,
사려니숲길화덕피자,,,,,11:30,19:00,11:30,19:00,,,
칠사돈,,,,,12:00,22:00,12:00,22:00,,,
다가미(도남),,,,,07:00,15:00,07:00,15:00,,,
성아시,,,,,11:30,22:00,11:30,22:00,,,
앤트러사이트,,,,,09:00,18:00,09:00,18:00,,,
명진전복,,,,,09:30,20:30,09:30,20:30,,,
돌코롬허니,,,,,,,,,,,
귤꽃,,,,,12:00,18:00,12:00,18:00,,,
성안식당,,,,,08:00,21:00,08:00,21:00,,,
미인계 카페,,,,,,,,,,,
다람쥐 식탁,,,,,11:00,19:00,11:00,19:00,,,
카페힐스,y,n,,,06:00,22:00,06:00,22:00,,,
COOK FATHER(쿡파더),,,,,10:00,22:00,10:00,22:00,,,
다육이풍경,,,,,10:00,18:00,10:00,18:00,,,
김희선제주몸국,,,,,07:30,17:00,07:30,15:00,,,
착한마녀김밥,,,,,07:00,20:00,07:00,20:00,,,
한우네백년해장국,,,,,06:00,22:00,06:00,22:00,,,
바다어사또,,,,,11:00,22:00,11:00,22:00,,,
커피앤빵,,,,,08:30,20:30,08:30,20:30,,,
행복미가,,,,,11:00,21:00,11:00,21:00,,,
오드랑베이커리,,,,,07:00,22:00,07:00,22:00,,,
복단지식당,,,,,,,,,,,
웃뜨리,,,,,08:00,19:00,08:00,19:00,,,
제주전복이야기,,,,,09:00,21:00,09:00,21:00,,,
제주삼다국수,,,,,10:00,22:00,10:00,22:00,,,
천제연토속음식점,,,,,09:00,20:00,09:00,20:00,,,
루스트플레이스 베라체점,,,,,11:00,23:00,11:00,23:00,,,
루스트플레이스 서귀포점,,,,,11:00,23:00,11:00,23:00,,,
누룽지식당,,,,,10:30,21:00,10:30,21:00,,,
파리바게트 제스코본점,,,,,07:00,23:00,07:00,23:00,,,
쉬는팡가든,,,,,11:00,21:00,11:00,21:00,,,
파리바게트 애월,,,,,07:00,22:00,07:00,22:00,,,
제주올레횟집,,,,,16:00,22:30,16:00,22:30,,,
월령203,,,,,11:00,19:00,,,,,
베지그랑,,,,,12:00,20:00,12:00,20:00,,,
만부정,,,,,08:00,21:30,08:00,21:30,,,
리치망고,,,,,10:00,18:30,10:00,18:30,,,
앞뱅디식당,,,,,09:00,21:00,09:00,21:00,,,
애월리안,,,,,10:30,15:00,10:30,21:00,,,
제주올레섬,,,,,10:00,22:00,10:00,22:00,,,
만덕삼계탕,,,,,08:00,23:00,08:00,23:00,,,
리버브제주,,,,,10:00,21:00,10:00,21:00,,,
메밀밭에가시리 일도점,,,,,11:00,21:00,11:00,21:00,,,
아오리의 행방불명,,n,,,11:30,19:00,11:30,19:00,,,"아오리라멘 Lite 8,000 아오리라멘 10,000 미소라멘 10,000 토핑 별도"
우진해장국,,,,,06:00,22:00,06:00,22:00,,,
시원하당,y,y,n,,10:00,16:00,10:00,16:00,,,피타샌드위치 및 수제청 음료
소울키친,,,,,11:00,17:00,11:00,17:00,,,
구이향연동점,,,,,11:00,23:00,17:00,23:00,,,
평대성게국수,,,,,10:00,18:00,10:00,18:00,,,
에스프레소 라운지,,,,,09:00,00:00,09:00,00:00,,,
경성통닭,,,,,07:00,21:00,07:00,21:00,,,
꽃향유,,,,,10:00,19:00,10:00,19:00,,,
돈가,,,,,11:00,21:30,11:00,21:30,,,
정서방해물뚝배기,,,,,07:00,21:00,07:00,21:00,,,
옹포횟집,,,,,11:00,22:00,11:00,22:00,,,
해원횟집,,y,,,10:00,21:30,10:00,21:30,,,
코스튼 커피,,,,,12:00,22:00,12:00,22:00,,,
청춘이오란다 동문시장본점,,,,,09:00,20:00,09:00,20:00,,,
마초그릴,,,,,11:30,22:00,11:30,22:00,,,
파니야그릴,y,n,,,11:00,21:00,11:00,21:00,,,"생삽겹철판볶음밥,송화고철판볶음밥,해물철판볶음"
난산리다방,y,y,,,09:30,16:00,09:30,16:00,,,"흑돼지 풀드포크 오픈 샌드위치 훈제연어 오픈샌드위치, 버섯크림스프, 그래놀라운 토마토"
제주한면가,,,,,10:30,15:30,10:30,19:00,,,
"되도록 채식, 칠분의오",,,,,11:00,20:00,11:00,20:00,,,
동복리해녀촌,,,,,09:00,19:00,09:00,19:00,,,
에릭스에스프레소 카페,,,,,,,,,,,
나원회포차,,,,,17:00,23:00,17:00,23:00,,,
제주담한식뷔페 구좌송당,,,,,11:30,15:00,11:30,15:00,,,
어멍밥상,,,,,08:00,20:00,08:00,20:00,,,
하몽인제주,,,,,,,,,,,
중문덤장,,,,,08:00,21:00,08:00,21:00,,,
하와유제주,,,,,10:00,17:00,10:00,17:00,,,
박장군,,,,,,,,,,,
이오리,,,,,10:00,21:00,10:00,21:00,,,
루피카페,,,,,,,,,,,
평대랑 그네랑,,,,,11:50,19:00,11:50,19:00,,,
산방서림,,,,,09:00,20:00,09:00,20:00,,,
일오삼가든,,,,,16:30,22:00,16:30,22:00,,,
루스트플레이스 삼화점,,,,,11:00,21:30,11:00,21:30,,,
황금무지개뜨는곳,,,,,11:30,21:00,11:30,21:00,,,
어부피자,,,,,11:00,18:00,11:00,18:00,,,
시골길,,,,,12:00,20:30,,,,,낙지볶음
숲속의작은집,,,,,,,,,,,
카페 소바니,,,,,11:00,22:00,11:00,22:00,,,
망고레이 함덕점,,,,,10:00,21:00,10:00,21:00,,,
알라스카인제주 협재점,,,,,,,,,,,
우유부단 크림공작소,,,,,10:00,18:00,10:00,18:00,,,
정성듬뿍 제주국,,,,,10:00,20:30,10:00,15:00,,,
조끌락,,,,,11:00,19:00,11:00,19:00,,,
커피로카,,,,,09:00,22:00,12:00,22:00,,,
그대와함께라면,,y,,,09:00,21:30,09:00,21:30,,,
달빛머금은카페,,,,,10:00,21:30,10:00,21:30,,,
맛있수다,,,,,11:30,23:00,11:30,23:00,,,
서귀포바당물회,,,,,11:00,22:30,11:00,22:30,,,
두가시의 부엌,,y,n,,11:30,21:00,11:30,21:00,,,
유나카페,,,,,11:00,18:00,11:00,18:00,,,
석다원,,,,,10:00,17:00,10:00,17:00,,,
추억의 집,,,,,10:30,21:00,10:30,21:00,,,
하도리1091,n,n,,,11:00,20:00,11:00,20:00,,,
국수바다 본점,,,,,08:00,21:00,08:00,21:00,,,
쓰담뜨담,,,,,10:00,18:00,10:00,18:00,,,
도다모,,y,,,11:30,00:00,11:30,00:00,,,
모슬포에서,,,,,10:00,18:00,10:00,18:00,,,
봄날카페,,,,,09:00,21:30,09:00,21:30,,,
우도해녀행심이네,,,,,12:00,18:00,12:00,18:00,,,
순심이네한우흑돼지,,,,,10:00,22:00,10:00,22:00,,,
도토리키친,,,,,10:30,16:30,10:30,16:30,,,
시영통닭,,,,,10:00,21:30,10:00,21:30,,,
교래흑돼지,,,,,11:00,21:00,11:00,21:00,,,
대니스카페,,,,,10:00,18:00,10:00,18:00,,,
신촌덕인당,,,,,09:00,17:30,09:00,17:30,,,"보리빵, 쑥단팥빵, 팥보리빵"
제주광어씨푸드레스토랑 표선점,,,,,11:00,22:00,11:00,22:00,,,
우도다방 돼지네땅콩손만두,,,,,09:00,17:00,09:00,17:00,,,
탐나는닭,,,,,16:30,00:00,16:30,00:00,,,
얌얌키친,,,,,11:00,21:00,11:00,21:00,,,
카페멘도롱,,,,,11:00,23:00,11:00,23:00,,,
아꼬떼카페,,,,,,,,,,,
세컨드밀,,,,,09:30,20:00,09:30,20:00,,,
주상절리회국수,,,,,10:00,20:00,10:00,20:00,,,
써니하우스 커피&핫도그,,,,,08:30,19:00,08:30,19:00,,,
돈채,,,,,10:30,21:00,10:30,21:00,,,
리치망고우도점,,,,,09:00,18:00,09:00,18:00,,,
삼바리회센타,,,,,11:00,23:00,11:00,23:00,,,
진대감12제주,,,,,11:30,22:00,11:30,22:00,,,
만세국수 삼성혈점,,,,,09:00,05:00,09:00,05:00,,,
소길역,,,,,17:30,21:00,17:30,21:00,,,
유리네식당,,,,,09:00,21:00,09:00,21:00,,,
다소니,,y,,,11:00,21:00,11:00,21:00,,,
쉬멍,,,,,09:30,18:30,09:30,18:30,,,
한라산빵 1950,,,,,11:00,18:00,11:00,18:00,,,
문동일고사리육개장,,,,,09:30,17:00,09:30,17:00,,,
우도동식이,,,,,,,,,,,
우무깨식당,,,,,,,,,,,
앙뚜아네트 탑동점,,,,,10:00,00:00,09:00,00:00,,,
우정횟집,,,,,10:00,22:00,10:00,22:00,,,
바농,,,,,11:00,23:00,10:30,23:00,,,
우도에서썸타,,,,,09:00,18:00,09:00,18:00,,,
우정원베이커리 제주삼나무점,,,,,,,,,,,
백마가든,,,,,11:00,21:30,11:00,21:30,,,
올댓제주,,,,,18:00,00:00,18:00,00:00,,,
귤하르방,,,,,,,,,,,
카페소금,,,,,10:00,22:00,10:00,22:00,,,
섬소나이,,,,,09:30,17:00,09:30,17:00,,,
카페태희,,,,,10:00,21:00,10:00,21:00,,,
가야아구찜,,,,,11:00,22:00,11:00,22:00,,,
성미가든,,,,,11:00,20:00,11:00,20:00,,,
도두반점,,,,,11:30,22:00,11:30,22:00,,,
어머니닭집,,,,,10:00,21:00,10:00,21:00,,,
아찌국밥,,y,,,09:00,22:30,09:00,22:30,,,
웬드구니,,,,,09:30,20:00,09:30,20:00,,,
수모루국수,,,,,10:00,20:00,,,,,
88버거 제주공항점,,,,,10:30,19:30,10:30,19:30,,,
한라네 김밥,,,,,06:30,16:00,06:30,16:00,,,
돈대장,,,,,11:00,23:00,11:00,23:00,,,
제주게러지바 ,y,y,n,,13:00,23:30,13:00,23:30,,,순살치킨 
더핀란드,,,,,11:30,21:00,11:30,21:00,,,
네모랑,,,,,11:00,18:00,11:00,18:00,,,
우도아름다운소풍,,,,,10:00,18:00,10:00,18:00,,,
가을다방,,,,,10:00,18:30,10:00,18:30,,,
핫덕이,,,,,09:00,22:00,09:00,22:00,,,
한끼국밥 하귀외도점,,,,,10:00,22:00,10:00,22:00,,,
춘미향 식당,,,,,11:30,21:00,11:30,21:00,,,
우도해광식당,,,,,09:30,20:00,09:30,20:00,,,
우도자연,,,,,08:00,20:00,08:00,20:00,,,
봉자커피 봉개점,,,,,,,,,,,
산방식당(모슬포본점),,,,,11:00,18:00,11:00,18:00,,,
우도일출해올레가든,,,,,10:00,22:00,10:00,22:00,,,
아웃도어키친,,,,,12:00,22:00,12:00,22:00,,,
블루하우스,,,,,10:00,20:00,10:00,20:00,,,
거기제주,,,,,10:00,17:00,10:00,17:00,,,
내담,,,,,11:00,21:30,12:00,21:30,,,
중문해녀의집,,,,,08:00,18:00,08:00,18:00,,,
메리앤폴,,,,,10:30,21:00,10:30,21:00,,,
오라오거리정식,,,,,08:00,20:00,08:00,20:00,,,
경미해장국,y,y,n,,06:00,15:00,06:00,15:00,,,해장국 내장탕
목포고을,,,,,12:00,22:30,12:00,22:30,,,
국수장터,,,,,11:00,02:00,11:00,02:00,,,
물고기카페,,,,,12:00,21:00,12:00,21:00,,,
하우스레서피,,,,,10:00,19:00,10:00,19:00,,,
만선식당,y,n,,,10:00,21:00,10:00,21:00,,,"고등어회, 고등어조림, 갈치조림, 돼지산적"
구좌상회,,,,,10:30,18:30,10:30,18:30,,,
사계제과 신제주점,,y,,,11:00,18:30,11:00,18:30,,,
몬떼마레,,,,,11:30,21:00,11:30,21:00,,,
복댕이,,,,,13:00,23:00,13:00,23:00,,,
해녀고기,,y,,,12:00,21:30,12:00,21:30,,,
미영이네,,,,,11:30,22:00,11:30,22:00,,,
우도씨,,,,,09:30,18:00,09:30,18:00,,,
나우카페 제주,,,,,09:00,19:00,09:00,19:00,,,
웃뜨리 2호점,y,,,,10:00,19:00,10:00,19:00,,,
하빌리스,,,,,11:00,19:20,11:00,19:20,,,
바람개비,,,,,09:30,21:30,09:30,21:30,,,
에이팩토리 커피앤북스,,,,,08:30,19:00,08:30,19:00,,,
우도앤살레,,,,,09:30,18:00,09:30,18:00,,,
물꼬해녀의집,y,n,,,08:00,20:00,08:00,20:00,,,"문어라면, 해물칼국수, 보말죽, 전복죽, 뿔소라회 "
제주분식,,,,,09:30,16:00,09:30,16:00,,,
달마야해물탕,,,,,11:30,22:00,11:30,22:00,,,
가시아방,,,,,10:00,20:30,10:00,20:30,,,
차귀놀,,,,,09:00,20:00,09:00,20:00,,,
카고크루즈,,,,,10:30,17:00,10:30,17:00,,,
크리메이트,,,,,12:00,21:00,12:00,21:00,,,
한라통닭,,,,,10:00,21:00,10:00,21:00,,,
연동국수가게,,,,,11:00,22:00,,,,,
올래국수,,,,,08:00,15:00,08:00,15:00,,,
올레7돈 (올레칠돈),,,,,12:30,22:00,12:30,22:00,,,
제주 강남해물탕,,,,,08:00,20:00,08:00,20:00,,,
대한목장,,,,,,,,,,,
말이,,,,,11:00,22:00,11:00,22:00,,,
노라바,,,,,10:00,17:00,10:00,17:00,,,
달그리안,,,,,10:00,16:00,10:00,16:00,,,
섭지코지화덕피자,y,n,n,,11:00,20:00,11:00,20:00,,,흑돼지화덕피자 & 해물파스타
수다뜰,,,,,09:30,21:00,09:30,21:00,,,
바다의술책,,,,,10:00,19:00,10:00,19:00,,,
참이쁜돼지,,,,,16:00,22:30,16:00,22:30,,,
호박다방,,,,,10:00,20:00,10:00,20:00,,,
핸즈키친,,,,,11:30,15:00,11:30,15:00,,,
갈치관,y,y,n,,10:00,21:00,10:00,21:00,,,"갈치조림 , 갈치구이 , 전복죽 , 전복솥밥 , 전복미역국 , 전복구이"
창화당 서귀포점,,,,,11:00,21:00,11:00,21:00,,,
문화통닭,,y,,,16:00,22:30,16:00,22:30,,,"후라이드치킨, 간장날개, 양념치킨, 닭강정"
망고홀릭 법환점,,,,,11:00,22:00,11:00,22:00,,,
흑돼지킹생구이전문점,,,,,,,,,,,
찰리아저씨맛집,y,y,,,08:00,19:00,08:00,19:00,,,
호돌이식당,,,,,09:00,15:20,09:00,15:20,,,
코코마마,,,,,11:00,20:30,11:00,20:30,,,
수니테이블,,,,,11:00,19:00,11:00,19:00,,,
어진이네 횟집,y,y,,,10:00,21:00,10:00,21:00,,,"자리물회, 한치물회"
자카르타,,,,,11:00,21:00,11:00,21:00,,,
올레 할망집,,,,,12:00,21:00,12:00,21:00,,,
끌림,,,,,11:00,00:00,11:00,00:00,,,
빨간모자마법사,,,,,09:00,21:00,09:00,21:00,,,
제주설심당 본점,y,n,,,11:00,22:00,11:00,22:00,,,"제주설심당빙수, 제주설심당호떡"
용출횟집,,,,,12:00,21:00,12:00,21:00,,,
스시호시카이,,,,,12:00,21:00,12:00,21:00,,,
대우정,,,,,09:00,20:30,09:00,20:30,,,
섭지해녀의집,,,,,07:30,18:30,07:30,18:30,,,
LMNT,,,,,11:00,22:00,11:00,22:00,,,
엘리엇스체어,,,,,,,,,,,
고래라면,,,,,09:00,18:00,09:00,18:00,,,
번개피자,,,,,09:30,17:00,09:30,17:00,,,
보물섬(대정),,,,,11:00,19:30,11:00,19:30,,,
홍조바다,,,,,08:00,18:00,08:00,18:00,,,
커피주의보,,,,,11:00,22:00,11:00,22:00,,,
중복______________________________________삭제,,,,,17:00,22:00,17:00,22:00,,,
저스트쉬림프,,,,,11:00,22:00,11:00,22:00,,,
태광식당,,,,,10:30,21:40,10:30,21:40,,,
대성아귀찜,,y,,,10:30,20:30,10:30,20:30,,,
카페숑,,,,,09:30,18:00,09:30,18:00,,,
윌라라,,,,,12:00,23:30,12:00,23:30,,,
커피코알라,,,,,09:00,18:00,09:00,18:00,,,
냠냠제주,,,,,,,,,,,
초밥군커피씨,,,,,11:00,14:00,11:00,14:00,,,
라운지엑스 애월점,y,n,,,09:00,18:20,09:00,18:20,,,"로봇드립커피, 제주블렌드, 우도땅콩플랫"
불만나,,,,,11:00,22:00,11:00,22:00,,,
제주미향,,,,,09:30,22:00,09:30,22:00,,,
야야카페,,,,,08:30,19:00,08:30,19:00,,,
월정리로와,,,,,09:00,20:00,09:00,20:00,,,
겹겹의 의도,,,,,11:00,19:00,11:00,19:00,,,
엄마야누나야,,,,,08:00,20:00,08:00,20:00,,,
카페 다결,,,,,10:30,17:30,10:30,17:30,,,
제니스브레드,,,,,,,,,,,
jival 지발,,,,,12:00,20:30,12:00,20:30,,,
쇠소깍오메기식당,,y,,,10:00,21:00,10:00,21:00,,,
섭지코지 해녀밥상,,,,,10:00,19:30,10:00,19:30,,,
햇살가득돌담집,,,,,09:00,21:00,09:00,21:00,,,
킨지,,,,,11:30,21:30,11:30,21:30,,,
함쉐프 키친,,,,,11:30,21:00,11:30,21:00,,,
미풍해장국 코스모스점,,y,,,05:30,15:00,05:30,15:00,,,
소노벨제주 어멍,,,,,11:30,21:00,11:30,21:00,,,
레터스 투 시리얼,,,,,12:30,20:30,12:30,20:30,,,
옥돔식당 ,,,,,11:00,16:00,11:00,16:00,,,
곤경에빠진버거,,,,,10:30,16:30,10:30,16:30,,,
해뜰,,,,,11:00,18:00,11:00,18:00,,,
산도롱맨도롱,y,y,,,08:30,19:30,08:30,19:30,,,"홍갈비국수, 백갈비국수"
제주돌담촌,,,,,11:00,23:00,11:00,23:00,,,
골목카페옥수,n,n,,,11:00,18:00,11:00,18:00,,,"할매라떼, 옥수페너"
효은디저트 산방산카페점,,y,,,11:00,20:00,11:00,20:00,,,
남또리,,,,,11:00,00:00,11:00,00:00,,,
대박국수,,,,,11:00,21:00,11:00,21:00,,,
레드썬셋,,,,,09:00,22:00,09:00,22:00,,,
파파야 수제버거,,,,,11:00,19:00,11:00,19:00,,,
안나의촐라체,,,,,11:00,21:30,11:00,21:30,,,
에프터글로우,y,n,,,09:00,19:00,09:00,19:00,,,"바닐라빈 라떼, 모카멜랑지, 아인슈페너"
빨간머리앤의집(초콜릿뮤지엄),,,,,10:00,16:30,10:00,16:30,,,
세화카페텐더럽,,y,,,11:00,20:00,11:00,20:00,,,
곰막식당,,,,,09:30,21:00,09:30,21:00,,,
마트리모니오,y,y,n,,08:30,20:00,08:30,20:00,,,브런치 파스타 리조또 뇨끼
귀덕간식,,,,,,,,,,,
라붕제주 cafe,,,,,,,,,,,
삼성혈해물탕,,,,,10:00,21:00,10:00,21:00,,,
허파곶자왈화덕피자,,,,,11:00,20:30,11:00,20:30,,,
몬스터살롱,,,,,10:00,19:00,10:00,19:00,,,
미자뷔페,,,,,10:30,16:00,10:30,16:00,,,
쭈니창고,,,,,11:00,19:00,11:00,19:00,,,
피노,,,,,11:30,20:30,11:30,20:30,,,
아톰스낵,,,,,11:00,19:30,11:00,19:30,,,
알라모,,,,,10:00,22:00,10:00,22:00,,,
피자아일랜드,,,,,10:00,22:00,10:00,22:00,,,
제주올레면옥,,,,,10:30,20:30,10:30,20:30,15:00,16:00,
서광춘희,,,,,11:00,20:00,11:00,20:00,,,
제주감귤호떡집,,,,,11:30,19:00,11:30,19:00,,,
오버더센스,y,y,,,09:30,18:00,10:00,16:00,,,"갈레트, 키쉬, 아인슈페너, 특제 마제소바, 듁스 아메리카노 "
슬슬슬로우,,,,,11:30,19:00,11:30,19:00,,,
망고홀릭 성산일출봉점,,,,,11:00,23:00,11:00,23:00,,,
도가촌,,,,,17:00,23:00,17:00,23:00,,,
아일랜드팩토리 풍류,,,,,10:00,20:00,10:00,20:00,,,
카페콜라,,,,,10:00,18:00,10:00,18:00,,,
중앙식당,,,,,06:00,20:00,06:00,20:00,,,
짱아저씨,,y,,,10:00,21:00,10:00,21:00,,,
김녕제주흑돼지정육점식당,,,,,10:30,21:30,10:30,21:30,,,
제주도그릴,,,,,12:30,22:00,12:30,22:00,,,
오일등식당,,,,,08:30,15:00,08:30,15:00,,,
비포크비스트로,,y,,,10:00,20:00,10:00,20:00,,,
포도호텔레스토랑,,,,,06:30,21:50,06:30,21:50,,,
수복강녕,,y,,,11:00,16:00,11:00,15:00,,,떡갈비
맥반석 식당,,,,,07:00,19:00,07:00,19:00,,,
청운식당,,y,,,09:00,20:40,09:00,20:40,,,
돌담넘는고양이,y,y,,,17:00,21:00,17:00,21:00,,,
제주김만복(만복이네김밥집),,,,,08:00,20:30,08:00,20:30,,,
남양수산,,,,,14:00,21:00,14:00,21:00,,,
금악리 자양식당,,,,,10:30,15:30,10:30,15:30,,,
봉you,y,y,,,10:30,20:00,10:30,20:00,,,"흑돼지 참숯수제돈까스, 전복흑돼지불짱뽕, 전복나가사끼짬뽕"
더화원,,y,,,09:00,20:30,09:00,20:30,,,
김이박,,,,,11:00,22:00,11:00,22:00,,,
덕구상회,,,,,11:30,21:00,11:30,21:00,,,
바다풍경 정육식당,,,,,10:40,21:50,10:40,21:50,,,
나나이로 아코제주,,,,,10:00,18:00,10:00,18:00,,,
고로케야,,,,,11:00,20:00,11:00,20:00,,,
이노우에스시,,,,,12:00,21:30,12:00,21:30,,,
이어도전복해물전문점,,,,,10:00,22:00,10:00,22:00,,,
철가방을든해녀,,,,,10:00,16:00,10:00,16:00,,,
짚불도,y,y,,,12:00,23:00,12:00,23:00,,,"짚불 흑돼지, 특수부위 모듬"
토끼와거북이,,,,,08:00,21:00,08:00,21:00,,,
삼대국수회관 본점,,,,,08:30,01:30,08:30,01:30,,,
월정리갈비밥,,,,,11:00,20:00,11:00,20:00,,,
메콩스카이,,,,,10:30,21:00,10:30,21:00,,,
바다마루,,,,,10:30,22:00,10:30,22:00,,,
흑돼지신화,,,,,11:30,22:00,11:30,22:00,,,
제주맥주,,,,,13:00,20:00,13:00,20:00,,,
텐피자,,,,,11:00,20:30,11:00,20:30,,,
꽁순이네,,,,,10:00,16:30,10:00,16:30,,,
덕승식당(구관),,,,,10:00,20:40,10:00,20:40,,,
제주 모다정,,,,,06:30,22:00,06:30,22:00,,,
채식카페 제주작은부엌,,,,,09:00,15:00,09:00,15:00,,,
춘희,,,,,11:00,20:00,11:00,20:00,,,
인어공주,,,,,09:00,18:30,09:00,18:30,,,
탐나당,,,,,10:30,19:00,10:30,19:00,,,
문쏘,y,y,,,10:30,20:00,10:30,20:00,,,퓨전 일식
파스테이스,,,,,10:00,17:00,10:00,17:00,,,
내노키카페,,y,,,08:30,19:00,08:30,19:00,,,
월척수산,,,,,11:00,23:00,11:00,23:00,,,
제원분식,,,,,10:00,17:00,10:00,17:00,,,
보영반점,,,,,11:00,19:30,11:00,19:30,,,
웅담식당,,,,,15:00,23:00,15:00,23:00,,,
이춘옥원조고등어쌈밥,y,y,,,09:30,21:00,09:00,21:00,,,
고향생각,,,,,11:00,20:00,11:00,20:00,,,
육향진미,y,y,,,12:00,01:00,12:00,01:00,,,
해피파이어스,,,,,10:00,19:00,10:00,19:00,,,
우수미회센타,,,,,16:00,22:00,16:00,22:00,,,
버터모닝,,,,,10:30,14:30,10:30,14:30,,,
모닝힐카페,,,,,,,,,,,
물질식육식당,,,,,10:30,15:00,10:30,15:00,,,
쇠소깍모꼬지,,,,,09:30,19:30,09:30,19:30,,,
중문솥뚜껑,,,,,11:00,23:00,11:00,23:00,,,
피노키오,,,,,08:30,18:00,08:30,18:00,,,
드르쿰다 제주 애월점,y,,,,09:00,18:00,09:00,18:00,,,
모래비카페,,,,,09:00,18:00,09:00,18:00,,,
까떼커피,,,,,08:30,22:00,08:30,22:00,,,
교래손칼국수,,,,,10:30,18:00,10:30,18:00,,,
메종드쁘띠푸루,,,,,09:00,22:00,09:00,22:00,,,
돼지촌,,,,,17:00,00:00,17:00,00:00,,,
면뽑는선생 만두빚는아내,,,,,10:30,21:00,10:30,21:00,,,
순천미향,,,,,10:00,20:00,10:00,20:00,,,
글라글라하와이,n,n,,,11:30,23:00,11:30,23:00,,,"하와이안 해물찜, 피쉬버거"
주르레식당,,,,,12:00,19:00,12:00,15:00,,,
드하르,,,,,12:00,00:00,12:00,00:00,,,
더꽃돈,,y,,,12:00,23:30,12:00,23:30,,,
탐라화덕피자,,,,,11:30,21:00,11:30,21:00,,,
부농,,,,,10:00,16:00,10:00,16:00,,,
모디카,,y,,,11:30,22:00,11:30,22:00,,,
옐로우카페 (yellow cafe),,,,,09:00,21:00,09:00,21:00,,,
먹쿠슬낭여행자카페,,,,,10:00,19:00,10:00,19:00,,,
지상에 별두개,,,,,11:00,20:00,11:00,22:00,,,
Jeju in aA카페,,,,,11:00,19:00,11:00,19:00,,,
테이크파이브재즈클럽,,,,,19:00,00:00,19:00,00:00,,,
테라로사,,,,,09:00,21:00,09:00,21:00,,,
마이티커피,y,y,,,10:00,22:00,10:00,22:00,,,"핸드드립커피, 슈크림라떼, 아포카토알카페"
모메든식당,,,,,11:30,22:30,11:30,22:30,,,
해적카페,,,,,,,,,,,
귤따고 레드향갈고,,,,,10:00,18:00,10:00,18:00,,,
시즌박스,,,,,11:00,15:00,11:00,15:00,,,
보름쇠,,,,,11:00,22:00,11:00,22:00,,,
우도설빙면,,,,,09:30,17:30,09:30,17:30,,,
스테이지 버거,y,n,,,14:50,16:00,14:50,16:00,,,
맛나식당,,,,,08:30,14:30,08:30,14:30,,,
숨어있는집,,,,,17:00,00:00,17:00,00:00,,,
제주칼국수 제주해물탕,,,,,07:30,22:00,07:30,22:00,,,
어전횟집,,,,,10:00,22:00,10:00,22:00,,,
돈이랑,,,,,11:30,00:00,11:30,00:00,,,
우도몬딱,,,,,09:30,18:00,09:30,18:00,,,
옛고을갈비,,,,,10:00,22:00,10:00,22:00,,,
요우르,y,n,,,10:30,19:00,10:30,19:00,,,
한결한우,,,,,11:30,22:30,11:30,22:30,,,
명리동식당,,,,,11:30,21:00,11:30,21:00,,,
성신흑돼지,,,,,10:00,22:00,10:00,22:00,,,
문주란식당,,,,,10:00,20:00,10:00,20:00,,,
아자리아,,,,,07:00,22:00,07:00,22:00,,,
소라네집,,,,,08:00,19:00,08:00,19:00,,,
백번가든,,,,,10:00,22:00,10:00,22:00,,,
미복빈대떡,,,,,18:00,06:00,18:00,06:00,,,
24시 전주명가콩나물국밥,,,,,00:00,00:00,00:00,00:00,,,
소년감성(카페샐리),,,,,11:00,19:00,11:00,19:00,,,
제주댕댕스푼,y,y,,,11:00,18:00,11:00,18:00,,,
제육이다,,,,,11:00,21:00,11:00,21:00,,,
백수당(폐업),y,n,,,13:00,18:00,13:00,18:00,,,
유복현 식공간,,y,,,10:00,22:00,10:00,22:00,,,
레드팬더,,,,,19:20,06:00,19:20,06:00,,,
흑돼지촌,,,,,11:00,22:00,11:00,22:00,,,
달사막,,,,,18:00,02:00,18:00,02:00,,,
카페물결,,,,,09:00,18:00,09:00,18:00,,,
해녀3대할망네,,,,,,,,,,,
꾸까카페,,,,,,,,,,,
망고봉봉,,,,,11:00,18:00,11:00,18:00,,,
협재국수가게(구 청산식당),,,,,11:00,16:00,11:00,16:00,,,
베이커리 포그,y,n,,,08:00,20:30,08:00,20:30,,,"크림바게트, 도지마롤"
일탈흑돼지,,,,,13:30,00:00,13:30,00:00,,,
느영나영감귤창고카페,,,,,10:00,21:00,10:00,21:00,,,
월리월리,,,,,,,,,,,
우리두리식당,,,,,09:30,19:30,09:30,19:30,,,
서귀포시 축협 축산물플라자,,,,,11:00,21:00,11:00,21:00,,,
제주복돈,,,,,11:00,22:00,11:00,22:00,,,
준클라시코,,,,,13:00,20:00,13:00,20:00,,,
아서원,,,,,10:30,19:00,10:30,19:00,,,
제주명가두루치기,,y,,,10:00,22:00,10:00,22:00,,,
흑돈가,,,,,11:20,22:30,11:20,22:30,,,
라마네 의식주,,,,,11:00,17:00,11:00,17:00,,,
제갈양 제주협재점,y,n,,,10:00,21:00,10:00,21:00,,,"갈치조림, 갈치구이, 갈치뚝배기"
카페 바다동굴,,,,,10:30,20:00,,,,,
마농,,,,,11:00,21:00,11:00,21:00,,,
꿈꾸는 흰당나귀,,,,,10:00,23:30,10:00,23:30,,,
만추안,,,,,12:00,22:00,12:00,22:00,,,
소곱에,,,,,11:00,20:00,11:00,20:00,,,
갓포하루,,,,,17:00,05:00,17:00,05:00,,,
코르소,,,,,11:00,21:00,11:00,21:00,,,
카페세바,,,,,11:00,18:00,11:00,18:00,,,
마라도에서온자장면집,,,,,11:00,20:00,11:00,20:00,,,
책다방,,,,,11:00,19:00,11:00,19:00,,,
벵디,,,,,10:00,19:30,10:00,19:30,,,
광원,,y,,,11:30,22:00,11:30,22:00,,,
이드레국수,,,,,09:00,20:30,09:00,20:30,,,
오동여식당,,,,,09:00,21:00,09:00,21:00,,,
남경미락,,,,,11:30,21:00,11:30,21:00,,,
카페쉼표,,,,,09:00,20:30,09:00,20:30,,,
달잠키친,,,,,12:00,21:00,12:00,21:00,,,
산호사 해녀의집,,,,,,,,,,,
신의한모,,,,,11:30,21:00,11:30,21:00,,,
중문까망돼지,y,y,n,유아 식기.수저.포크,11:30,23:00,11:30,23:00,,,흑돼지근고기
와랑와랑카페,,,,,11:00,18:00,11:00,18:00,,,
풍림다방 송당점,n,n,,,09:30,17:30,09:30,17:30,,,"풍림브레붸, 쇼콜라쇼, 풍림더치, 카페 타히티"
아이스크림연구소(우도점),,,,,09:00,18:00,09:00,18:00,,,
비바리짬뽕,,,,,11:00,21:00,11:00,21:00,,,
덕성원,,,,,11:00,21:00,11:00,21:00,,,
세가름,,,,,10:30,19:30,10:30,19:30,,,
해뜨는식당,,,,,06:30,20:00,06:30,20:00,,,
서귀포흑돈,,,,,12:00,22:00,12:00,22:00,,,
소소샵,,,,,10:00,20:00,10:00,20:00,,,
사계제과 버터비,,y,,,11:00,20:00,11:00,20:00,,,
제주중문수제맥주,,,,,17:00,02:00,17:00,02:00,,,
한경청방,,,,,12:00,19:00,12:00,19:00,,,
애월바베,,,,,11:00,23:00,11:00,23:00,,,
혜밀버거 레시피,,,,,10:00,19:00,,,,,
고내촌한정식,,,,,10:00,22:00,10:00,22:00,,,
하효살롱,,,,,11:00,18:00,11:00,18:00,,,
종이시계 카페,,,,,10:30,19:00,10:30,19:00,,,
몽키비치클럽 Monkey Beach,,,,,20:30,04:00,20:30,04:00,,,
손맛촌,,,,,09:00,21:00,09:00,21:00,,,
봉주르마담,,,,,09:00,21:00,09:00,21:00,,,
소라횟집,,,,,09:00,21:00,09:00,21:00,,,
만선바다,,,,,12:00,22:00,12:00,22:00,,,
오늘은 녹차한잔,,,,,09:30,17:30,09:30,17:30,,,
사수만수횟집,,,,,11:30,23:30,11:30,23:30,,,
빅토리아,,,,,11:00,00:00,11:00,00:00,,,
곰마에그,,,,,06:00,15:00,06:00,15:00,,,
하우스142,,,,,11:00,23:00,11:00,23:00,,,
흑돼지BBQ,y,n,,,16:30,23:00,16:30,23:00,,,
베이비카페 어놀,,,,,11:00,19:00,11:00,19:00,,,
웃뜨르우리돼지,,,,,11:30,21:30,11:30,21:30,,,
도나토스,,,,,12:00,21:00,12:00,21:00,,,
로치아 커피로스터스,,,,,12:00,18:00,12:00,18:00,,,
풍미독서,,,,,10:00,19:00,10:00,19:00,,,
순덕이네해산물장터,,,,,09:30,18:00,09:30,18:00,,,
굄,,,,,,,,,,,
맥파이브루어리(양조장),,,,,,,12:00,20:00,,,
모리노코에,,,,,09:00,21:30,09:00,21:30,,,
황원갈비,,,,,,,,,,,
띠띠빵빵,,,,,07:00,19:00,07:00,19:00,,,
샐러드앤미미,,,,,11:00,17:00,11:00,23:00,,,
우도해녀식당,,y,,,08:30,18:00,08:30,18:00,,,
보노리미니,,,,,08:00,05:00,08:00,05:00,,,
핀크스 비오토피아,,,,,12:00,21:50,12:00,21:50,,,
레드브라운,,,,,10:30,21:00,10:30,21:00,,,
다래향2호점,,,,,09:00,20:00,09:00,20:00,,,
와랑식탁,y,n,,,11:00,17:00,11:00,17:00,,,
곽지박사장&김사장네,,,,,,,,,,,
카페더라이트,y,n,,,09:00,19:00,09:00,19:00,,,"감귤차, 더라이트(원두), 그릭요거트"
미송식탁,,,,,10:00,22:00,10:00,22:00,,,
1950하우스,,,,,10:00,20:00,10:00,20:00,,,
우정회센타,,,,,11:30,21:50,11:30,21:50,,,
제주틈,,,,,16:00,22:30,16:00,22:30,,,
카페담담,,,,,11:00,18:00,11:00,18:00,,,
라지마할 RAJMAHAL,,,,,11:30,23:30,11:30,23:30,,,
거멍국수,,,,,09:00,19:00,09:00,19:00,,,
제주서문수산,,,,,17:00,22:00,17:00,22:00,,,
넘은봄,,,,,12:00,22:00,12:00,22:00,,,
유람위드북스,,,,,11:00,19:00,11:00,19:00,,,
조아찌,,,,,09:00,22:00,09:00,22:00,,,
카페리(CAFERI),y,,,,10:00,18:00,10:00,18:00,,,
한담팥빵,y,y,,,09:00,22:00,09:00,22:00,,,"한담팥빵, 생크림팥빵, 매콤불고기빵, 튀군소보루"
오르다키친,,,,,11:00,21:00,11:00,21:00,,,
갯마을,,,,,09:00,22:00,09:00,22:00,,,
마더카페,,,,,11:00,19:00,11:00,19:00,,,
야한식당,,,,,17:00,01:00,17:00,01:00,,,
배롱개,,,,,09:30,19:00,09:30,19:00,,,
일출왕뚝배기,,,,,08:00,22:00,08:00,22:00,,,
미남미녀,,,,,12:00,18:00,12:00,18:00,,,
오복떡집,,,,,08:00,20:00,08:00,20:00,,,
월드컵흑돼지,,,,,10:00,22:00,10:00,22:00,,,
산1950화덕피자,,,,,11:30,21:00,11:30,21:00,,,
어머니빵집,,,,,07:00,21:30,07:00,21:30,,,
미들웨이,,,,,11:00,19:00,11:00,19:00,,,
삼원정,,,,,11:00,22:00,11:00,22:00,,,
백사장횟집(백사장회센터),,,,,10:00,22:00,10:00,22:00,,,
아일랜드팩토리,,,,,10:00,23:00,10:00,23:00,,,
차롱 해모루,,,,,,,,,,,
크라운돼지,,,,,12:00,21:00,12:00,21:00,,,
이조은식당,,,,,08:30,22:00,08:30,22:00,,,
고가네,,,,,09:00,18:00,09:00,18:00,,,
야원,y,n,n,,11:00,18:00,11:00,18:00,,,커피 야원쿠키 야원케이크 레몬에이드 자몽에이드 레몬차 자몽차 청귤차 라떼
마레벤또,,,,,10:00,21:00,10:00,21:00,,,
어스윗루트,,,,,12:00,19:00,,,,,
제니스카페 제주,y,y,n,,11:00,22:00,11:00,22:00,,,파스타
재게재게옵서 카페,,,,,08:30,15:00,,,,,
홍삼흑돼지,,,,,11:00,22:00,11:00,22:00,,,
푸주옥도남점,,,,,08:00,22:00,08:00,22:00,,,
요요무문,y,n,,,10:00,18:00,10:00,18:00,,,
에이스쌀국수,,,,,10:00,21:00,10:00,21:00,,,
원당골,,,,,11:30,21:00,11:30,21:00,,,
오솔길,,,,,17:00,22:30,17:00,22:30,,,
애월자연농원,y,y,,놀이방 ,10:30,22:00,10:30,22:00,,,"닭볶음탕 ,제주순살갈치조림"
모메존,,,,,10:30,15:00,10:30,15:00,,,
브와두스,,,,,08:00,23:00,08:00,23:00,,,
성산연화(폐업),n,n,,,18:00,01:00,18:00,01:00,,,
한마음돈가돈,,,,,17:00,23:00,17:00,23:00,,,
컴플리트커피,,,,,09:00,21:00,09:00,21:00,,,
제주오누이,y,y,,,07:00,20:00,07:00,20:00,,,
이가전복,,,,,08:00,21:00,08:00,21:00,,,
성산 고등어쌈밥 김치찜,,,,,08:00,21:00,08:00,21:00,,,
그린정,,,,,09:00,21:00,09:00,21:00,,,
청도해물탕,,,,,09:00,22:00,09:00,22:00,,,
커피파인더,,,,,08:30,22:00,08:30,22:00,,,
UFO카페,,,,,10:00,23:30,10:00,23:30,,,
로맨스홍,,,,,10:00,22:00,10:00,22:00,,,
천일각,,,,,10:00,23:00,10:00,23:00,,,
플레이스엉물,y,n,,,09:00,16:00,09:00,16:00,,,
아따블르,,,,,,,12:00,20:30,,,
흑한우명품관,,,,,11:00,21:30,11:00,21:30,,,
퐁당,,,,,11:00,21:00,11:00,21:00,,,
어림향,,,,,11:30,22:00,11:30,22:00,,,
잇칸시타,y,,,,11:00,20:50,11:00,20:50,,,
티티카카,,,,,10:30,17:00,10:30,17:00,,,"에그인더헬, 시나몬 토스트, 프렌치토스트, 아보카도 토스트, 제주귤 마멀레이드"
카페백퍼,,,,,11:00,20:00,11:00,20:00,,,
만덕식당,,,,,08:00,21:00,08:00,21:00,,,
수카사,y,,,,10:00,15:30,10:00,15:30,,,"베이컨 에그베네딕트, 아보카도 에그베네딕트,  해피준"
촵촵,,,,,11:30,20:00,11:30,20:00,,,
대기정,,,,,10:00,20:30,10:00,20:30,,,
탭하우스더코너,,,,,18:00,01:00,18:00,01:00,,,
한라성,,,,,10:00,20:00,10:00,20:00,,,
하효소머리국밥,,,,,07:00,20:00,07:00,20:00,,,
이금돈지 통갈치조림 제주공항본점,y,y,n,,09:30,22:00,09:30,22:00,,,"통갈치구이, 통갈치조림"
라 아바나,,,,,11:30,21:00,11:30,21:00,,,
연동마라도횟집,,,,,11:30,23:00,11:30,23:00,,,
페를로,,y,,,11:30,20:45,11:00,20:30,,,
달리책방,,,,,11:00,18:00,11:00,18:00,,,
이런날N,,,,,12:00,22:00,12:00,22:00,,,"파인애플 빙수, 빠네까르보나라 파스타, 제주돼지 립 돈가스"
솜반내풍경,,,,,11:00,22:00,11:00,22:00,,,
나무식탁,y,n,,,11:30,16:00,11:30,16:00,,,
해마루,,,,,10:00,22:30,10:00,22:30,,,
카페비몽,,,,,,,,,,,
바람이풀에그림그린날,,,,,11:30,19:30,11:30,19:30,,,
올티스,,,,,10:00,18:00,10:00,18:00,,,
보말이야기,,,,,08:00,22:00,08:00,22:00,,,
갯것이식당,,,,,09:00,21:00,09:00,21:00,,,
오는정김밥,,,,,09:00,19:00,09:00,19:00,,,
성산일출봉해송갈치전문점,,y,,,07:00,15:00,07:00,15:00,,,
망고버스,,,,,11:00,22:00,11:00,22:00,,,
보엠,,,,,10:00,19:00,10:00,19:00,,,
크루아창타이,,,,,11:30,22:00,11:30,22:00,,,
평대리멍석,y,n,,,09:30,20:00,09:30,20:00,,,
바라나시 책골목,,,,,10:30,20:00,,,,,
3Birds (쓰리버즈 신화월드점),,,,,09:00,19:00,09:00,19:00,,,
"Untitled,2017",y,n,,,09:00,21:00,09:00,21:00,,,
까망돼지,y,y,,"유아식기: 수저, 포크",11:30,23:00,11:30,23:00,,,흑돼지근고기
로드3.7 (road3.7),,,,,10:00,22:00,10:00,22:00,,,
달이뜨는식탁,y,n,,,11:00,20:00,11:00,20:00,,,
제주애월해물한상,y,y,,,09:00,21:00,09:00,21:00,,,
탐라반상,,y,,,09:00,21:00,09:00,21:00,,,
제주신화월드 성화정,y,y,,,07:00,21:30,07:00,21:30,,,
비자블라썸,,,,,10:00,18:00,10:00,18:00,,,
돌코롬봉봉,,,,,10:00,17:00,10:00,17:00,,,
섶섬지기,,,,,09:00,22:00,09:00,22:00,,,"금귤주스, 한라봉주스, 팥빙수"
별난카페,,,,,09:00,18:30,10:00,18:00,,,"삼동주스, 삼동빙수, 삼동피자"
블루밍아일랜드,,,,,11:30,19:30,11:30,19:30,,,
60빈스,y,y,,,09:00,18:00,09:00,18:00,,,"트로피컬 에이드, 말차 팥라떼, 우도땅콩 엠블랑"
치유밥상,,,,,,,,,,,
엉또산장,y,,,,,,,,,,
커피먹는 고냉이,,,,,08:30,20:30,08:30,20:30,,,복분자 빙수
물회영해초영,,,,,11:00,21:00,11:00,21:00,,,
빵장수단팥빵,,,,,08:00,22:00,08:00,22:00,,,
호끌락다락,,,,,12:00,21:00,12:00,21:00,,,
시나르 ,y,y,n,,11:30,21:00,11:30,21:00,,,"쉬림프 타코, 말고기 타고 "
카페스노우빈,,,,,10:00,19:00,10:00,19:00,,,청국장 빙수
어피니티,,,,,11:00,23:00,11:00,23:00,,,
어애랑,y,y,n,유아용 수저 ,08:00,20:00,08:00,20:00,,,갈치조
우동수크래프트,,,,,16:00,02:00,16:00,02:00,,,"더블치킨&칩스, 통후라이드 치킨앤칩스, 수제맥주"
서귀피안베이커리,y,n,n,수유실,08:00,21:00,08:00,21:00,,,"빵,케익,커피,음료"
코코메아(폐업),y,n,,,12:00,18:00,12:00,18:00,,,
자연으로,,,,,11:00,14:00,11:00,14:00,,,
서홍정원,,,,,09:30,18:00,09:30,18:00,,,
모앙,y,y,,,10:00,18:00,10:00,18:00,,,"썸띵라떼, 인퓨전티, 까눌레"
송당나무,y,,,,10:00,18:00,10:00,18:00,,,
제주시 새우리,,,,,09:00,19:30,09:00,19:30,,,
오샹띠,,,,,10:00,21:00,10:00,21:00,,,
보틀앤볼,,,,,11:00,20:00,11:00,20:00,,,
푸더매 제주,,n,,,09:00,19:00,09:00,19:00,,,
탕궁샤브,,y,,,17:00,01:00,17:00,01:00,,,
스시마시,,,,,11:30,22:00,11:30,22:00,,,
코끼리통닭,,,,,11:00,21:30,11:00,21:30,,,
카페튼튼목공소,y,y,n,,09:30,17:00,09:30,17:00,,,"땅콩아이스크림,와플,수제버거,각종"
달그락식탁,,,,,10:00,20:00,10:00,20:00,,,
카페내창,,,,,10:00,21:00,10:00,21:00,,,
서홍정원 x ,,,,,10:00,22:00,10:00,22:00,,,
노네임드봉개,y,n,n,,11:00,22:00,12:00,22:00,,,"백년초 티라미수, 크림치즈 스콘"
마틸다,n,n,,,18:00,01:00,18:00,01:00,,,"와인, 맥주, 칵테일"
달리맨 카페,,,,,11:00,21:00,11:00,21:00,,,
서귀피안,y,n,n,,11:00,21:00,11:00,21:00,,,
꽃자리,,,,,11:00,21:00,11:00,21:00,,,
흑돼지돈까스 뷔페 밀라네사,y,y,y,수유실,11:30,21:00,11:30,21:00,,,"돈까스, 샐러드바"
성산돌섬흑돼지,,,,,11:00,22:00,11:00,22:00,,,
앙뚜아네트 삼다수마을점,,,,,09:00,18:00,09:00,18:00,,,
지꺼진밥상,,,,,11:00,20:30,11:00,20:30,,,
카페모리,,,,,11:00,23:00,11:00,23:00,,,
마마뜰,,,,,10:00,18:00,10:00,18:00,,,
말랑 제주,,,,,08:30,18:00,08:30,18:00,,,
다만프레르,y,y,,,11:00,21:00,11:00,21:00,,,"TEA \6,000 MILK TEA \6,500 COFFEE \5,000"
앙카페,,,,,10:00,22:00,10:00,22:00,,,
디 아일렛 라운지,y,n,,,15:00,23:00,15:00,23:00,,, 다양한 차와 커피
빨간집,,,,,15:30,01:30,15:00,01:30,,,"빨간 불닭, 빨간 치즈 불닭, 빨간 무뼈 닭발"
오메오메,,,,,09:30,18:00,10:30,17:00,,,
공백,,,,,10:00,17:30,10:00,17:30,,,
카페갤러리,,,,,10:00,18:00,10:00,18:00,,,
제주신화월드 엠라운지(M Lounge),,y,,,,,,,,,"M 아인슈페너 커피 : 9,000 (Hot) & Jeju forest 칵테일 : 21,000"
카페 디 아일렛,,,,유아식기,06:30,14:30,06:30,14:30,,,
윌라라,,,,,12:00,18:00,12:00,18:00,,,
카페2085,n,,,,11:00,19:00,11:00,19:00,,,
가비오타카페,,,,,07:00,19:00,07:00,19:00,,,
오르미,y,,,,,,,,,,
털보네 고양이,n,,,,11:30,19:00,11:30,19:00,,,
문게야,,,,,11:00,22:00,11:00,22:00,,,
씨리얼,,,,,09:30,16:00,09:30,16:00,,,
제주신화월드 랜딩다이닝(Landing dining),,y,,유아식기,07:00,21:30,07:00,21:30,,,
밥깡패,,,,,,,,,,,
바닐라파레트,n,,,,11:30,18:00,11:30,18:00,,,
제주와이너리,,,,,09:00,18:00,,,,,귤로만
라온베이커리 남녕점,y,y,n,,09:00,21:00,09:00,21:00,,,"라온맘모스, 제주현무암쌀빵, 갈릭바게트, 찹쌀소보로"
외도339,y,n,,,09:00,23:00,09:00,23:00,,,"바닐라빈라떼, 청귤청에이드, 바밤바밀크티"
함덕찜,,,,,11:00,21:30,11:00,21:30,,,
산호반점,,,,,09:20,16:00,09:20,16:00,,,
제주신화월드 스카이온파이브다이닝 ,,,,유아식기,,,,,,,
반딧불한담,,,,,09:00,21:00,09:00,21:00,,,
사이카레,,,,,10:00,20:00,10:00,20:00,,,
하례정원,,,,,11:00,21:00,11:00,21:00,,,
카페이피엘,,,,,09:00,21:00,09:00,21:00,,,
고사리식당,,,,,11:00,15:00,11:00,15:00,,,
쿡이야,y,y,,,11:00,22:00,11:00,22:00,,,
리틀비엣,,,,,11:00,21:00,11:00,21:00,,,
느지리식식당,,,,,,,,,,,
왓섬,y,y,,,10:00,20:00,10:00,20:00,,,
모노클제주,,,,,10:00,17:00,10:00,17:00,,,
제주신화월드 제주선,,y,,,,,,,,,"선 코스 (1인) 100,000원, 통 갈치 구이 (3지/4지) 98,000원/118,000원 전복 쇠고기 갈비찜 58,000원"
아피스,y,y,n,,17:00,23:00,17:00,23:00,,,프렌치 미트파이
제주한치빵 우도점,,,,,09:00,17:00,09:00,17:00,,,
봉플라봉뱅,,,,,12:00,23:00,12:00,23:00,,,
랜딩 델리,,y,,,11:00,22:00,11:00,22:00,,,"제주땅콩무스 7,500, 한라봉 오렌지 티 케이크 16,500, 홀 케이크 46,000, 마카롱세트 (6pcs)12,500"
대춘해장국,y,n,,,06:00,15:00,06:00,15:00,,,"해장국, 내장탕"
애프터글로우,,,,,08:00,18:00,08:00,18:00,,,
돼지굽는정원,y,,,,11:00,22:00,11:00,22:00,,,
제주웅담,,,,,09:00,21:00,09:00,21:00,,,
가온해,y,,,,10:00,23:00,10:00,23:00,,,"모과차, 매실차, 오디차, 도라지차 등"
바당꽃,,,,,11:00,18:00,11:00,18:00,,,
차마실,y,,,,10:30,22:30,10:30,22:30,,,"대추차, 우전차, 보이차, 쌍화탕 등"
착한집,y,y,,,11:00,21:00,11:00,21:00,,,"고등어조림, 갈치조림, 갈치회"
맥파이 브루어리,,,,,12:00,20:00,12:00,21:00,,,
뚱순이 꼬마김밥,,,,,10:00,22:00,10:00,22:00,,,"매운 어묵, 꼬마김밥, 튀김, 모닥치기"
뚜르,y,,,,07:00,22:00,07:00,22:00,,,
오마이양대창 제주외도점,y,y,n,,17:00,00:00,16:00,00:00,,,"대창구이, 막창구이, 특양구이"
노리터스낵,,,,,10:30,20:00,10:30,20:00,,,
어반정글그레이밤부,n,y,,,11:00,18:00,11:00,18:00,,,"썸머에이드, 블루코코넛아이스크림, 정글슈페너, 어반슈페너, 그린슈페너"
신 해바라기분식,y,,,,11:00,21:00,11:00,21:00,,,"순두부찌개, 김치찌개"
세러데이아일랜드,n,,,,12:00,18:00,12:00,18:00,,,
동우통닭,,,,,16:00,21:00,15:00,21:00,,,
나목도식당,,,,,09:00,20:00,09:00,20:00,,,
올레산야초,,,,,11:00,19:00,11:00,19:00,,,
용담밭담,y,y,,,10:00,22:00,10:00,22:00,,,
모이세해장국 노형점,y,y,,,07:00,22:00,07:00,22:00,,,"모이세해장국, 내장탕, 육개장, 순두부"
감산우리가든,,,,,11:00,20:30,11:00,20:30,,,
파니야,y,n,n,,11:00,21:00,11:00,21:00,,,"생삽겹철판볶음밥,송화고철판볶음밥,해물철판볶음ㅁ"
밤낮가온,,,,,11:00,23:00,11:00,23:00,,,
제주삼거리포차 제주신화월드점 ,n,n,,,18:00,02:00,18:00,02:00,,,"삼거리옛날통닭, 불타는닭발, 알탕, 청양닭똥집볶음, 제주해녀해물파전, 계란찜 /  최소 10,000원 ~ 최대 50,000원"
감저카페,,,,수유실,10:30,18:30,10:30,18:30,,,
카페록키,y,n,n,,12:00,22:00,12:00,18:00,,,빙수.요거트.쿠키
무인카페산책,y,,,,08:00,20:00,08:00,20:00,,,
진부령 황태해장국,,,,,06:00,15:00,06:00,15:00,,,
수타명가,,,,,11:00,20:00,11:00,20:00,,,
창흥식당,,,,,11:00,14:00,11:00,14:00,,,
 제주신화월드 용푸(Yong Fu Family Feast),,y,,유아식기,,,,,,,"북경오리 1마리: 148,000 (4인기준), 북경오리 반마리: 78,000 (2인기준)"
온미(溫米),,,,,12:00,19:00,12:00,19:00,,,
술도가제주바당,y,,,,12:00,17:30,12:00,23:00,,,맑은바당
금보가든,,,,,10:30,16:00,10:30,16:00,,,
하원가흑돼지,,,,,17:00,21:30,17:00,21:30,,,
어머니몸국,,,,,07:00,22:00,07:00,22:00,,,
두루두루,y,,,,16:00,00:00,16:00,00:00,,,객주리조림
신짜장,y,n,,,11:00,20:00,11:00,20:00,,,"신짜장, 신짬뽕, 탕수육"
데판야,y,,,유아 식기,17:00,22:00,17:00,22:00,,,"TASTE OF JEJU Set - 180,000원, Nohara Set 들판 세트 - 120,000원"
숨비나리,,y,,,10:00,20:00,10:00,20:00,,,
파크사이드다이닝[임시휴장],,y,,유아 식기,07:00,14:30,07:00,14:30,,,"조식: 성인 -35,000 소인-20,000  디저트뷔페: 성인 -25,000 소인 15,000"
협재칼치,y,y,n,,09:00,21:00,09:00,21:00,,,"갈치정식(조림,구이), 갈치맑은해장국, 갈치튀김(갈치후라이드바스켓)"
봉쉡망고,,,,,10:00,18:00,10:00,18:00,,,
보름숲,,,,,12:00,21:30,12:00,21:30,,,
카페앤드 효은양갱,,,,,10:00,18:00,10:00,18:00,,,
우드노트,y,,,,11:00,21:00,11:00,21:00,,,
카페하물,,,,,10:00,19:00,10:00,19:00,,,
녹원전통찻집,,,,,09:30,21:00,09:30,21:00,,,"대추차, 오미자차, 생강차"
도리화과_폐업,n,,,,11:30,18:00,11:30,18:00,,,"도화차,말차라떼,화과자"
더로맨틱,,y,,,10:00,20:00,10:00,20:00,,,
부자식당,,y,,,11:00,21:00,11:00,21:00,,,
카페캐로타,y,y,n,,11:00,20:00,11:00,20:00,,,당근쥬스/당근케이크/당근마들렌
뿔소라몽땅정식,,,,,11:30,19:30,11:30,19:30,,,
종달리엔 심야식당,,,,,18:00,23:00,18:00,23:00,,,
차차신창,y,y,y,,10:30,19:00,10:30,19:00,,,홍차/커피/음료/핵토스트/스콘/
사우스바운,,,,,16:30,01:00,16:30,01:00,,,"사우스바운더 썸 바이젠, "
카페 캐로타,y,y,,,11:00,20:00,11:00,20:00,,,
제주샘주 영농협동조합,,,,,09:30,18:00,09:30,18:00,,,오메기술
카페리,n,,,,11:00,,,,,,
남원콩나물국밥,y,y,n,,06:00,15:00,06:00,15:00,,,콩나물국밥
쁠랑뜨,,,,,10:30,15:30,,,,,
제주맥주 양조장,,,,,12:30,18:00,12:30,18:00,,,
몰질식육식당,,,,,10:30,15:00,10:30,15:00,,,
일품순두부 하귀점,y,n,,,08:00,22:00,08:00,22:00,,,
수망일기,,,,,11:00,22:00,11:00,22:00,,,
엉덩물,,,,,11:00,21:00,11:00,21:00,,,
카페 보롬왓,y,n,,,09:00,18:00,09:00,18:00,,,"보롬커피, 보롬라떼, 보롬왓(100% 메밀차)"
청담집,y,n,,,08:00,22:00,08:00,22:00,,,"설렁탕, 얼큰우거지갈비탕, 영양갈비탕"
아줄레주,n,,,,11:00,19:00,11:00,19:00,,,
일품순두부 연동점,y,y,,,00:00,00:00,00:00,00:00,,,"일품순두부, 해물순두부, 섞어순두부"
열공부엌,,,,,11:00,20:00,11:00,20:00,,,
명월국민학교(폐업),,,,,11:00,19:00,11:00,19:00,,,
제주신화월드 랜딩라운지,n,y,,,08:00,20:00,08:00,20:00,,,
조가네갑오징어 신제주점,,y,,,16:30,22:00,16:30,22:00,,,
쉐프의스시이야기,y,y,,,11:30,21:30,11:30,21:30,,,"모듬스시, 회전초밥"
팜스테이블,,,,,12:00,21:00,12:00,21:00,,,
낭만주의,,,,,11:00,21:00,11:00,21:00,,,
보말고을,,,,,09:00,21:00,09:00,21:00,,,
그레이그로브,y,n,,,12:00,18:00,12:00,18:00,,,
천금반점,y,y,,,10:00,20:30,10:00,20:30,,,"짜장면, 짬뽕"
올디벗구디,n,n,,,11:00,19:00,11:00,19:00,,,"올디커피, 쿠키, 브라운치즈 크로플"
써니사이드비치,,,,,09:00,21:00,09:00,21:00,,,
나라돈까스,y,y,,,11:00,20:00,11:00,20:00,,,"나라왕돈까스, 흑돼지왕돈까스, 불타는왕돈까스, 치즈돈까스"
무상찻집,n,,,,11:00,18:00,11:00,18:00,,,"꽃차, 녹차, 전통 음료"
부스타코,,,,,11:30,23:59,11:30,23:59,,,
구면카페,,,,,11:00,18:00,11:00,18:00,,,
토향,,,,,00:00,00:00,00:00,00:00,,,녹고의 눈물
위미항활어회센터,,,,,11:00,21:00,11:00,21:00,,,
행복한국수집,,,,,11:00,21:00,11:00,19:00,,,
코코리파이프,,,,,10:00,17:00,10:00,17:00,,,
제주본초협동조합,,,,,09:00,18:00,00:00,00:00,,,흑돈주
여행가게,,,,,11:00,18:00,14:00,18:00,,,
새빌,,y,,,09:00,19:00,09:00,19:00,,,
아시안 푸드 스트리트,,,,,18:00,23:00,18:00,23:00,,,"우육면, 야채고기호빵, 삼선만두, 꼬치구이, 세계맥주, 타로 / 타이거 밀크티, 디저트 빙수 / 아이스카창"
커피디셈버 함덕점,y,y,,,10:00,21:00,10:00,21:00,,,
오캄,,,,,07:40,18:00,07:40,18:00,,,
앙뚜아네트 용담점,,,,,08:00,19:30,08:00,19:30,,,
빌리네월정스낵,y,y,n,,00:00,00:00,11:00,19:00,,,"한치튀김, 우동, 아란치"
제주901,,,,,,,,,,,
카페선흘,,,,,10:00,20:00,10:00,20:00,,,
몬스테라 자구리,,,,,11:00,20:30,11:00,20:30,,,
용이식당,,,,,09:00,22:00,09:00,22:00,,,
성산일출봉 해송갈치전문점,y,y,y,,10:00,20:00,10:00,20:00,,,통조림.통구이.조림.구
허니문하우스,y,,,,10:00,18:30,10:00,18:30,,,
성산플라이오조카페,y,n,,,10:00,18:00,10:00,18:00,,,
중식당 청,,,,,,,,,,,
해품,,,,,10:00,21:00,10:00,21:00,,,
라임오렌지카페앤플라워,y,y,,,10:00,21:00,10:00,21:00,,,"하귤 커피, 라임 커피, 오렌지 커피"
제주관덕정분식,y,n,,,11:30,20:30,11:30,20:30,,,"오징어먹물떡볶이, 한치튀김, 유부주먹밥, 모닥치기"
보라네,,,,,09:00,22:00,09:00,22:00,,,
춘심이네 2호점,y,y,,,09:00,20:00,09:00,20:00,,,"(전복 돌솥밥, 전복뚝배기, 고사리 육개장)정식, 고등어조림정식"
커피템플,y,n,,,09:00,18:00,09:00,18:00,,,"텐저린카푸치노, 텐저린라떼, 슈퍼클린에스프레소"
카페글렌코,,,,,09:30,18:00,09:30,18:00,,,
신등대수산식당,,,,,08:00,20:00,08:00,20:00,,,
귀빈식당,,,,,07:30,21:00,07:30,21:00,,,
중문모메든식당,y,n,,,13:00,22:00,13:00,22:00,,,
카페비글,,,,,11:00,20:00,11:00,20:00,,,
와르다 레스토랑,,,,,12:00,22:00,12:00,22:00,,,
알로하도,,,,,12:00,20:30,12:00,20:30,,,
은희네해장국 외도점,y,y,,,06:30,15:30,06:30,15:30,,,"소고기해장국, 소고기내장탕, 한우소머리곰탕"
미나리(제주시),y,,,,11:00,21:00,,,,,
스마일러 카페,,,,,13:00,18:00,11:00,18:00,,,
방긋스낵,,,,,11:00,19:30,11:00,19:30,,,
제주시새우리 제주점,y,y,,,09:00,19:30,09:00,19:30,,,"딱새우김밥, 딱새우꼬막무침, 새우리해물라면"
묘한상점 묘한카페,,,,,12:00,19:00,12:00,19:00,,,
죽성고을,y,n,,,08:00,20:30,08:00,20:30,,,"시레기돌솥, 옥돔구이, 수육"
산굼부리카페,y,y,,,09:00,,09:00,,,,"아메리카노, 청귤차, 아이스크림"
빵귿,y,y,,,10:30,19:00,10:30,19:00,,,"시오빵, 프레즐, 장봉뵈르"
고향향토장터,,y,,,11:00,20:00,11:00,20:00,,,
늘푸른농원 연리지가든,,,,,17:00,21:00,,,,,
화북빵굽는사람들,y,n,,,08:00,23:00,08:00,23:00,,,"쌀식빵, 홍국빵"
e맛식당,,,,,10:00,21:00,10:00,21:00,,,
황금섬숯불갈비,,,,,09:00,21:00,09:00,21:00,,,
한밭식당,,y,,,10:00,20:30,10:00,20:30,,,
올레실내포장마차,,y,,,06:30,19:30,06:30,19:30,,,
네이쳐캔바스,,,,,11:00,19:00,11:00,19:00,,,
청정고을식당,,,,,10:00,21:00,10:00,21:00,,,
정가네 밥상,,,,,11:00,21:00,11:00,21:00,,,
바온탑,y,y,,,12:00,22:00,12:00,23:00,,,"음료, 피자, 치킨 등"
토이다방,,,,,11:00,21:00,11:00,21:00,,,
맛있는 여가생활,,,,,17:00,01:00,17:00,01:00,,,
뚱보조개　,,,,,16:00,23:50,16:00,23:50,,,
긍정동커피,,,,,10:00,22:00,10:00,22:00,,,
전망대횟집,,,,,11:00,21:30,11:00,21:30,,,
고마워토토 아뜰리에,,,,,10:00,18:00,10:00,18:00,,,
머문카페,,,,,10:00,20:30,10:00,20:30,,,
안트레,n,,,,10:00,22:00,10:00,22:00,,,
로맨틱하드보일드,,,,,10:00,22:00,10:00,22:00,,,
초승달지대,,,,,11:00,20:00,11:00,20:00,,,
신화 다이닝 & 라운지,y,y,,유아식기,,,,,,,"그릴메뉴, 시그니쳐 폭립, 피자 & 파스타, 샐러드바, 스낵 및 디저트"
니모메빈티지라운지,,,,,10:00,20:00,10:00,20:00,,,"카멜, 니모메선셋, 때때로맑음, 마스카포네티라미수"
어머니의뜻을담다 단지,,y,,,11:00,22:00,11:00,22:00,,,
늘예솔,,,,,,,,,,,
울트라마린,n,,,,11:00,20:00,11:00,20:00,,,
모루쿠다,,,,,18:00,23:59,18:00,23:59,,,
베이크샵스니프,,,,,11:00,16:30,11:00,16:30,,,
원더먼트제주,,,,,11:00,22:00,11:00,22:00,,,
바다를 본 돼지(서귀포점),,,,,12:00,22:00,12:00,22:00,,,
카페델보스케,y,n,,,09:30,18:00,09:30,18:00,,,
공천포식당,,,,,10:00,19:30,10:00,19:30,,,
유메,,,,,,,,,,,
달페이지,n,y,,,09:30,15:00,09:30,15:00,,,https://blog.naver.com/whitebox6/221982161553
플로렌스,,y,,,09:00,21:00,09:00,21:00,,,
더리트리브,n,n,,,11:00,19:00,11:00,19:00,,,
호도제과,,,,,08:00,19:00,08:00,19:00,,,
비만고양이,n,n,,,12:00,18:30,12:00,18:30,,,
제주의봄,y,y,n,,11:00,15:00,,,,,"현무암인절미, 카스테라단호박인절미, 구름떡, 제주감귤인절미, 제주쑥인절미"
토향(음식점),,,,,11:00,22:00,11:00,22:00,,,
유심이감성찜닭,,,,,09:00,21:00,09:00,21:00,,,
봉골레밥상,,,,,08:00,20:00,08:00,20:00,,,
더비치하우스,y,y,n,,12:00,21:00,12:00,21:00,,,32종의 칵테일/구좌당근라자냐
무거버거,y,n,,,10:00,20:00,10:00,20:00,,,"당근버거, 시금치버거, 마늘버거"
곤밥2,y,n,,,10:30,21:00,10:30,21:00,,,"두루치기, 제육볶음"
다가미 애월점,y,n,,,07:00,16:00,07:00,16:00,,,"다가미김밥, 참치로얄김밥, 매운멸치쌈"
스시도모다찌 칠성점,,,,,11:30,21:30,11:30,21:30,,,"초밥, 모듬초밥"
이스트포레스트,y,n,,,11:00,21:00,11:00,21:00,,,"전복버터구이리조또, 황게누룽지해산물토마토파스타"
순옥이네명가 함덕점,y,y,,,09:00,20:30,09:00,20:30,,,"전복뚝배기, 오분작뚝배기, 전복물회"
돌카롱 사려니숲길점,y,n,,,10:00,20:00,10:00,20:00,,,"유채꽃카롱, 억새카롱, 수국카롱"
서울분식,y,n,,,11:30,21:00,11:30,21:00,,,김떡순
볕이드는곳벧디,y,y,,,10:00,22:00,10:00,22:00,,,"통파인애플쥬스, 크림딸기크로와상"
만강촌옛날칼국수,y,n,,,07:00,21:30,07:00,21:30,,,"닭칼국수, 닭곰탕, 옛날통닭"
그러므로part2,y,n,,,10:00,21:00,10:00,21:00,,,"메리하하, 괜찮아요, 할수밖에, 레몬차, 진저라떼"
카페3535.1,,,,,10:00,20:00,10:00,20:00,,,
쇼밥,,y,n,,11:30,21:00,11:30,21:00,,,수비드 소안심스테이크
봉자커피,y,n,,,04:30,16:00,04:30,16:00,,,"흑돼지김밥, 미숫가루, 장어김밥, 라면, 참치김밥"
24시누름돌김치찌개,y,y,,,00:00,00:00,00:00,00:00,,,"김치찌개, 수제돈까스, 제육볶음"
배롱정원,y,y,,,10:00,16:00,10:00,16:00,,,"흑돼지 에그인헬, 황게크림리조또"
추자바다숯불갈비,,,,,08:00,22:00,08:00,22:00,,,
오누이밥상,,,,,11:00,22:00,11:00,22:00,,,
모시란,,,,,13:00,22:00,13:00,22:00,,,
인디언키친,y,,,,11:30,22:00,11:30,22:00,,,
종달해녀의집,,,,,08:15,20:20,08:15,20:20,,,
마마식당,,,,,17:00,02:00,17:00,02:00,,,
카페나모나모베이커리,y,n,,,10:00,22:00,10:00,22:00,,,"콩가루집안, 현무암라떼, 로맨틱선셋"
마마무말가든,,,,,11:00,21:00,11:00,21:00,,,
메종 드 쁘띠푸르 2호점,y,y,,,07:00,22:00,07:00,22:00,,,"수제잼, 요거트식빵, 고베식빵"
로스트&헤븐,y,y,,,08:30,23:00,08:30,23:00,,,"유자차, 코커스무디, 핸드드립"
우리동네숯불갈비,,y,,,11:00,22:00,11:00,22:00,,,
BBQ치킨 추자점,,,,,15:00,23:30,15:00,23:30,,,
해적선,,,,,11:00,00:00,11:00,00:00,,,
일품순두부탑동점,y,y,,,10:00,23:00,10:00,23:00,,,"일품순두부, 해장순두부, 두부전골"
감초식당,,,,,10:00,22:00,10:00,22:00,,,
제주그림카페,,,,,09:00,18:00,09:00,18:00,,,
큰돈가 본점,y,n,,,12:00,22:00,12:00,22:00,,,"흑돼지근고기, 30시간김치찌개"
카페 글렌코,y,y,,,09:30,18:30,09:30,18:30,,,"생강차, 그린한라봉차, 제주보리미숫가루블렌디드"
매일통닭,y,n,,,11:00,22:00,11:00,22:00,,,"마농통닭, 팝콘순살치킨"
바다가는길,y,n,,,10:00,15:00,10:00,15:00,,,"아메리카노, 카페라떼"
차귀도놀빛바다,y,y,y,유모차 비치,11:00,21:00,11:00,21:00,,,"회 , 해물탕, 갈치조림, 물회, 회덮밥ㄷ"
애월그때그집 본점,y,y,,,11:00,22:00,11:00,22:00,,,"제주흑돼지김치찌개전골, 제주흑돼지오겹살세트"
M1971엠브릿지,y,n,,,08:00,18:00,08:00,18:00,,,"돌고래라떼,산방산라떼,제주초록라떼"
맥파이탭룸,y,n,,,12:00,20:00,12:00,22:00,,,"아메리칸페일에일, 로우버스트포터, 아메리칸아이피제이"
면사무소,y,y,n,"아기수저, 아기그릇 등 ",10:00,17:00,10:00,17:00,,,"장칼국수, 가리비칼국수, 연두칼국수, 흑돼지부추전"
메종드쁘티푸르,y,n,,,07:00,22:00,07:00,22:00,,,"팡도르, 치아바타, 케이크"
식과함께,y,y,,,10:30,21:00,10:30,21:00,,,"갈치조림, 해물라면, 우럭조림. 성게미역국"
동이트는집,y,y,,,09:00,20:00,09:00,20:00,,,추어탕
조은빵,y,y,,,07:00,22:00,07:00,22:00,,,"쌀식빵, 우유식빵"
친절한비자씨,y,n,,,09:30,17:30,09:30,17:30,,,비자라떼
귤하르방 동문시장점,y,n,,,09:00,21:30,09:00,21:30,,,귤하르방빵. 귤하르방주스
싱싱잇,n,y,,,18:30,03:00,18:30,04:00,,,"트러플머쉬룸파스타, 싱싱잇시그니처흑돼지바베큐"
안녕협재씨,y,n,,,09:00,16:30,09:00,16:30,,,"딱새우장비빔밥, 통전복내장비빔밥, 돌문어장비빔밥"
백리향,y,n,,,08:30,20:00,08:00,20:00,,,"백반정식, 갈치구이, 옥돔구이"
커피스케치,y,y,,,10:00,17:30,10:00,17:30,,,"브라운치즈크로플, 향포가토"
파라토도스,y,y,,,10:00,18:00,10:00,18:00,,,"3단트레이, 감바스파스타, 문어페스츄리피자, 학센"
카페델문도,y,n,,,08:00,20:30,08:00,20:30,,,"아메리카노, 싱글브루잉, 아포가토, 베이커리"
부원뚝배기,y,y,,,08:00,20:00,08:00,20:00,,,"흑돼지 두루치기, 전복뚝배기"
제주인짬뽕,y,y,,,11:00,20:30,11:00,20:30,,,"우육짬뽕,해물짬뽕, 냉탕수육"
일품순두부삼화점,y,y,,,00:00,00:00,00:00,00:00,,,"일품순두부, 해장순두부, 두부전골, 소불고기뚝배기, 제육볶음, 코다리냉면"
애월은혜전복,y,n,,,09:40,20:00,09:40,20:00,,,"전복돌솥밥, 전복물회, 전복뚝배기, 전복구이"
zzz제주흑돼지,y,y,,,11:30,23:00,11:30,23:00,,,
제주김만복 본점,y,n,,,00:00,,00:00,00:00,,,"만복이네김밥, 통전복주먹밥, 오징어무침, 가오리무침, 숯불갈비주먹밥"
24시전주명가콩나물국밥,y,y,,,06:00,23:00,06:00,23:00,,,콩나물국밥
고씨네천지국수,y,y,,,09:30,15:00,09:30,15:00,,,"멸고국수, 비빔국수, 흑돼지만두"
벙커하우스,y,n,,,09:00,21:00,09:00,21:00,,,"봄날, 딸기라떼"
오현불백,y,y,,,10:00,21:00,10:00,21:00,,,"한치불백, 낙지불백, 소불고기전골"
미스틱3도,y,y,,,08:30,19:00,08:30,19:00,,,"수제그래놀라요거트, 제주구좌당근케이크, 에그타르트"
도기키친 프롬제주,,,,,10:30,19:30,10:30,19:30,,,
로이앤메이,,,,,,,,,,,
가리본가 본점,y,y,,,11:30,21:30,11:30,21:30,,,"옛날가리찜, 매운가리찜, 해물가리찜"
서진향해장국,y,n,,,06:00,15:00,06:00,15:00,,,"맑은해장국, 매운해장국, 내장탕"
김서방재첩해장국,y,n,,,06:00,16:00,06:00,16:00,,,"재첩해장국, 북어해장국"
본디국수,y,n,,,10:00,20:00,10:00,20:00,,,"고기국수, 비빔국수, 돔베고기"
탭룸3029,,,,,11:00,21:00,11:00,21:00,,,
대독장(제주본점),y,n,,,10:30,21:00,10:30,21:00,,,"흑돼지김치찌개, 흑돼지두루치기"
제주통큰장어,y,y,,,10:00,00:00,10:00,00:00,,,"풍천민물장어, 메기매운탕, 산꼼장어 구이"
우도짜장맨,y,y,,,09:00,17:00,09:00,17:00,,,"톳 짜장면, 해물 짬뽕, 흑돼지 탕수육, 한치 톳 물회면"
24시뼈다귀탕동홍점,y,y,,,07:30,01:00,07:30,01:00,,,"뼈다귀탕, 뼈감탕, 돈까스"
오쿠다,,,,,11:00,22:00,11:00,22:00,,,
고서방해물탕,y,y,y,,09:00,20:00,09:00,20:00,,,"해물탕, 갈치조림, 향토음식"
제주순풍해장국 본점,y,y,,,06:00,20:00,06:00,20:00,,,"순풍해장국, 활전복뚝배기, 고기국수, 묵은지고등어조림"
카페덕수리2180,y,y,n,,11:00,18:00,11:00,18:00,,,제주과일로 만든 수제청
제주에가면,y,n,,,08:00,17:00,08:00,17:00,,,"보말칼국수, 보말죽, 도담밥"
한라축산정육식당,y,y,,,10:00,22:00,10:00,22:00,,,"한우육회, 간천엽, 한우도가니탕, 냉면"
순두부엔짬뽕,y,y,,,07:00,15:00,07:00,15:00,,,"순두부짬뽕, 동충하초 청국장, 두부전골, 모두부"
장인의집,y,y,,,09:00,22:30,09:00,22:30,,,"수제4색만두전골, 해물만두전골"
미래뷔페정식,y,n,,,11:00,15:00,11:00,15:00,,,뷔페정식
웰덤대게고로케 올레시장점,y,n,,,11:30,22:00,11:30,22:00,,,"대게고로케, 대게그라탕"
영림흑돼지가든,y,y,,,17:00,22:00,17:00,22:00,,,"생갈비, 양념갈비, 가브리살, 냉면"
유지 커피 웍스[중복],n,n,n,,10:00,21:00,10:00,21:00,,,
카페빠네띠에,y,y,,,10:30,21:00,10:30,20:00,,,"무화과깜빠뉴, 제주통밀식빵, 리얼바닐라빈라떼"
피즈,y,n,,,10:00,19:30,10:00,19:30,,,"아메리칸버거, 피즈버거, 치즈갈릭감자튀김"
대운정 ,y,y,n,,11:00,21:00,11:00,21:00,,,"대게샤브샤브, 해물탕, 새우튀김"
제주광해 애월,y,y,,,10:00,20:00,10:00,20:00,,,"갈치조림, 고등어조림"
녹나무,y,y,y,요청시 제공,11:30,22:00,11:30,22:00,,,"한우 구이, 흑돼지 구이, 은갈치조림"
월정리LOWA,y,n,,,09:00,20:00,09:00,20:00,,,"한라봉라떼, 로와비엔나커피, 로와크림모카, 인절미토스트"
노을리,,,,,09:00,21:00,09:00,21:00,,,"아몬드크림라떼, 노을리에이드, 흑연탄빵, 현무암앙버터"
더클리프,y,y,,,10:00,00:00,10:00,00:00,,,"흑돼지멜젓파스타, 더클리프피자, 클럽버거, 색달비치"
델리,y,,,,12:00,21:00,12:00,21:00,,,"초콜릿, 케이크, 아이스크림, 차"
다니쉬,y,y,,,10:00,17:30,10:00,17:30,,,"포카치아, 잠봉뵈르샌드위치, 브리오슈식빵"
칠돈가 별관,y,y,,,16:00,23:00,16:00,23:00,,,"흑돼지, 돼지고기, 김치찌개, 근고기"
고래라면 제주신화월드점,y,y,,,09:00,20:00,09:00,20:00,,,"문어라면, 성게라면"
춘심이네 본점,y,n,,,10:30,21:00,10:30,21:00,,,"통갈치구이, 왕갈치구이, 뼈없는은갈치조림"
털보네 장원랜드,y,y,n,,11:00,21:00,11:00,21:00,,,"장어, 일식, 로스 구이, 오리탕"
동구미,y,y,,,09:30,17:00,09:30,17:00,,,샌드위치
해녀김밥 본점,y,y,,,09:00,15:30,09:00,15:30,,,"해녀김밥, 딱새우김밥, 전복해물라면"
제주돌창고,y,y,n,,10:00,18:00,10:00,18:00,,,"금능바다빙수, 돌창고라떼, 쉰다리, 보리개역"
베메로 bake make roast,y,n,n,어린이 의자 3개 있습니다,08:00,17:00,08:00,17:00,,,"베이글, 샌드위치 , 신선한 커피"
칠돈가 중문점,y,n,,,16:00,22:00,16:00,22:00,,,"흑돼지, 돼지고기, 김치찌개, 근고기"
팔도수산식당,,,,,06:00,22:00,06:00,22:00,,,
성산 어멍횟집(중복 콘텐츠로 미공개),y,y,,,13:00,22:00,13:00,22:00,,,
칠돈가 본점,y,y,,,12:00,22:20,12:00,22:20,,,"칠돈가근고기(백돼지), 흑도야지근고기"
명품전통육개장 본점,y,y,,,09:00,00:00,09:00,00:00,,,"전통육개장, 하얀육개장"
꽃가람 제주성산일출봉점,y,y,,,09:30,19:00,09:30,19:00,,,"흑돼지 고기국수, 돔베고기"
코코티에,y,n,,,10:00,21:00,10:00,21:00,,,"솔티카라멜라떼, 코코티에에이드"
블루보틀송당점,,,,,,,,,,,
다정이네 올레시장 본점,y,y,,,07:00,20:00,07:00,20:00,,,"다정이네김밥, 매운멸치고추김밥"
삼보식당,y,n,,,08:00,21:00,08:00,21:00,,,"전복뚝배기, 옥돔구이, 자리물회"
제주기사정식뷔페,y,n,,,09:00,21:00,09:00,21:00,,,정식뷔페
안녕구움,y,y,,,10:00,17:00,09:00,17:00,,,"에그타르트, 스콘, 쌀스모어쿠키, 바스크치즈케이"
일품순두부함덕점,y,y,,,07:00,21:30,07:00,21:30,,,"일품순두부, 해장순두부, 두부전골, 소불고기뚝배기, 제육볶음, 두부김치"
라운지 38,,y,,,12:00,01:00,12:00,01:00,,,"애프터눈 티, 샴페인, 칵테일, 디저트"
애월 고깃간,y,y,n,"유아용 포크,접시,컵잔",12:00,22:30,12:00,22:30,,,"제주 흑돼지,백돼지,특수부위(항정살,가브리살),부대찌개"
팝업 플라자,y,,,요청시 제공,11:00,21:00,11:00,21:00,,,"생과일 주스, 튀김, 아이스크림, 와플"
델문도로스터스,y,n,,,07:00,21:00,07:00,21:00,,,"소보로아인슈페너, 소보루녹차라떼, 베이커리"
제주선 더블랙,y,y,n,,17:00,22:00,17:00,22:00,,,
스테이크 하우스(폐업),y,y,,요청시 제공,11:00,22:00,11:00,22:00,,,"스테이크, 해산물 플래터, 와인, 샴페인"
제주한잔 한화리조트제주점,y,y,y,,18:00,23:00,18:00,23:00,,,
카페인우도,y,y,,,10:30,16:30,10:30,16:30,,,"우도땅콩아이스크림, 땅콩와플, 감자튀김"
서광리123카페,y,n,,,10:00,21:00,10:00,21:00,,,"하귤주스, 아메리카노"
클로리스 제주성산점,y,n,,,09:00,22:00,09:00,22:00,,,"밀크티, 블러썸"
제주주민센터,,y,,,11:00,22:00,11:00,22:00,,,"근고기,해장국,짬뽕,몸국"
토끼문,y,y,,,09:00,22:00,09:00,22:00,,,"버터스카치카페라떼, 엘더멜로우, 제주청귤차"
나눔김밥,y,y,,,06:00,20:00,,,,,"수제돈까스, 제육볶음깁밥, 멸추김밥"
뱅인타코,y,n,,,11:00,22:30,11:00,22:30,,,"타코, 케사디아, 부리또"
인쌩맥주 제주노형점,y,y,,,17:30,03:00,17:30,03:00,,,"칼칼해물홍합탕, 쥐포튀김, 인생찜닭, 트러플짜파게티"
차이나 하우스,y,y,y,요청시 제공,11:30,22:00,11:30,22:00,,,"중식, 딤섬, 북경오리, 탄탄면"
참솔식당,y,n,,,08:00,21:00,08:00,21:00,,,"산채비빔밥, 보리비빔밥, 말육회, 홍어"
뷰스트,y,n,,,10:00,21:00,10:00,21:00,,,"현무암라떼, 코시롱라떼"
휴일로,y,n,,,10:00,19:00,10:00,19:00,,,"휴라떼, 설록라떼, 마당라떼, 한라산케이크"
병천한가네순대국밥,y,y,,,08:30,20:00,08:00,20:00,,,"순대국, 곰탕, 접시순대"
예산가마솥장수촌설렁탕,y,y,,,07:00,23:00,07:00,23:00,,,"설렁탕, 도가니탕, 모듬수육"
하늘창고,y,y,,"모래놀이, 자동차",11:00,17:00,11:00,17:00,,,꽃피로
소소당양갱,y,y,,,10:00,18:00,10:00,18:00,,,"통팥양갱, 커피카라멜양갱, 녹차양갱, 댕유자양갱"
자매국수 본점,y,n,,36개월 이하 아기국수 서비스,09:00,18:00,09:00,18:00,,,"고기국수, 비빔국수, 돔베고기"
룡천왕갈비탕,y,y,,,09:00,20:00,09:00,20:00,,,왕갈비탕
잔물결,n,n,,,10:00,18:00,10:00,18:00,,,"잔물결블렌드커피, 오늘의 구움과자"
돔베돈,y,y,,,11:00,23:00,11:00,23:00,,,"흑돼지 구이, 돔베고기, 냉면, 된장찌개"
수애기베이커리,y,y,,,09:00,21:00,09:00,21:00,,,"에스프레소더블, 아메리카노, 소금빵"
카페한라산,y,n,,,09:30,21:00,09:30,21:00,,,"제주당근케이크, 아메리카노, 한라봉온차"
장수해장국,y,y,,,06:30,16:00,06:30,16:00,,,"뼈해장국, 우거지해장국"
공단해장국,y,n,,,07:00,14:30,07:00,14:30,,,"해장국, 내장탕"
돈사촌 본점,y,y,,,15:30,23:00,15:30,23:00,,,"흑돼지 근고기, 백돼지 근고기"
르토아 베이스먼트,y,n,,,10:00,18:30,10:00,18:30,,,"크럼블모카, 코코넛커피, 앙버터"
더 콘테나,n,n,,,10:30,18:00,10:30,18:00,,,"감귤주스, 귤라떼, 콘테나크림라떼"
그때그집 함덕,y,n,,,11:00,23:00,11:00,23:00,,,"김치찌개, 흑돼지 오겹살, 백돼지 세트"
꼬신김밥 본점,y,y,,,06:30,18:30,06:30,15:00,,,"꼬신김밥, 계란김밥, 다시마채김밥, 멸치김밥"
야시장맛통령,y,n,,,11:00,23:00,11:00,23:00,,,"통전복초밥, 딱새우초밥, 왕치즈감자, 수제어묵고로케"
그랜드 키친,y,y,y,요청시 제공,07:00,21:30,07:00,21:30,,,뷔페
큐티파이 카페,y,n,,,08:30,00:00,08:30,00:00,,,"카페큐티, 아인슈페너, 골든콘파냐"
해조네,y,n,,,08:00,15:00,08:00,15:00,,,"제주보말죽, 제주보말칼국수, 제주성게비빔밥"
카페 라라라(폐업),y,n,,,10:00,21:00,10:00,21:00,,,"100%당근주스, 당근케이크"
섭지코지로 성산본점,y,y,,,17:00,22:00,17:00,22:00,,,"돔베고기정식, 딱새우+고등어회"
애월 우니담,y,n,,,09:00,19:30,09:00,19:30,,,"성게미역국, 성게덮밥"
황제궁,y,n,,,10:00,21:00,10:00,21:00,,,"차돌해물짬뽕, 쟁반짜장"
서유기마라탕,y,y,,,10:00,22:00,10:00,22:00,,,"마라탕, 마라샹궈, 꿔바로우"
오일장반점 제주신화월드점,y,n,,,12:00,21:00,12:00,21:00,,,"제주오일장짜장면, 해물쟁반짜장"
온오프,y,n,,,11:00,18:00,11:00,18:00,,,"바질치즈돈까스, 제주흑돼지돈까스"
오백장군과 까마귀,y,n,,,,,,,,,"오백장군비빔밥, 고기국밥, 오백장군떡국"
웨이브버거,y,y,n,,11:00,20:00,11:00,20:00,,,제주버거
만월당,y,y,,,11:00,20:00,11:00,20:00,,,"전복리조또, 딱새우로제파스타, 성게크림파스타"
윤경양식당 신화월드점,y,n,,,12:00,21:00,12:00,21:00,,,"윤경양식당정식, 제주흑돼지돈까스, 치즈듬뿍돈까스"
용두암해녀촌,y,y,,,08:00,15:00,08:00,15:00,,,"해녀밥상세트, 숙성고등어회, 갈치구이, 전복뚝배기"
비브레이브 혁신도시점,y,n,,,08:00,21:00,08:00,21:00,,,"파마나게이샤, 로쉐, 아메리카노"
동해미락,y,y,y,,12:00,22:30,12:00,22:30,,,회
중문수두리보말칼국수(중복 콘텐츠로 미공개),y,n,,,08:00,17:00,08:00,17:00,,,"수두리보말칼국수, 성게전복죽"
부촌식당,y,n,,,10:30,21:00,10:30,21:00,,,"홍어탕, 홍어찜, 홍어회, 홍어무침, 홍어전, 홍어탕"
협재칼국수,y,n,,,09:00,20:00,09:00,20:00,,,"보말칼국수, 문어숙회"
블루메베이글,y,y,n,,09:00,18:00,09:00,18:00,,,베이글
제주신화월드 신화테라스,,,,,07:00,11:00,07:00,11:00,,,
제주약수터 올레시장점,y,n,,,17:00,00:00,17:00,00:00,,,"4종샘플러, 제주수제맥주400cc잔"
썬셋클리프,y,y,,,10:00,22:00,10:00,23:00,,,"하와이안페퍼로니피자, 아인슈페너, 흑돼지멜젓파스타"
마농오메기통닭마농문어통닭,y,n,,,13:00,22:00,13:00,22:00,,,"마농오메기통닭, 마농딱새우통닭, 마농문어통닭"
제주베이,,y,,,11:00,21:00,11:00,21:00,,,통갈치구이
뚱보아저씨,y,n,,,09:30,20:00,09:30,20:00,,,"갈치구이정식, 갈치조림"
리치망고 신화월드점,y,n,,,10:00,21:00,10:00,20:00,,,스페셜망고쉐이크
스피닝울프,y,n,,,16:00,00:00,16:00,00:00,,,"울프치킨, 흑돼지크러스트, 달고기앤칩스"
커피가게&쉬고가게,y,n,,,11:00,22:00,10:00,22:00,,,"제주쌩애플망고빙수, 제주팥옛날팥빙수"
할머니떡집방앗간,y,n,,,08:00,21:00,08:00,21:00,,,"오메기떡, 감귤모찌"
칠돈가 표선직영점,y,y,,,12:00,22:00,12:00,22:00,,,"흑돼지 근고기, 백돼지 근고기, 김치찌개"
청춘테이블,,,,,10:00,21:00,10:00,21:00,,,
서귀피안베이커리,y,n,n,수유실 완비,08:00,20:00,08:00,20:00,,,"빵, 케익, 커피, 기타 음"
인디안썸머애월,n,n,,,17:00,01:00,17:00,01:00,,,"인디언커피, 감바스, 와인"
루스트플레이스 구남점,y,y,,,11:00,21:30,11:00,21:30,,,"트러플오일 머쉬룸샐러드, 봉골레파스타, 빠네파스타, 쭈삼덮밥, 맥주"
삭제요청 5,y,y,,,11:00,20:00,11:00,20:00,,,
정직한돈 한림협재점,,,,,11:00,23:00,11:00,23:00,,,흑돼지
제주국담,,,,,10:30,20:30,10:30,20:30,,,"들기름국수, 육전"
우영담,,,,,08:00,20:30,08:00,20:30,,,전복돌솥밥
함덕 보배쌤보리김치와게장,,,,,08:00,21:00,08:00,21:00,,,간장게장
그랜마스 노형직영점,,,,,08:30,18:30,08:30,18:30,,,"클럽샌드위치, 그랜마스 샐러드"
컬쳐드 아라점,y,y,,,11:00,21:00,11:00,21:00,,,"알리오올리오, 마르게리따 패스츄리 피자"
당포로나인돈카츠,y,n,,,11:00,20:30,11:00,20:30,,,
난달카페,,,,,11:00,22:00,11:00,22:00,,,"오리지널 미트파이, 단팥빵, 소금빵"
플레이스꽃섬,,,,,11:00,21:30,11:00,21:30,,,눈꽃우유빙수
블랙피그,y,y,n,,11:00,22:00,11:00,22:00,,,김치찌개 차돌된장찌개
산지해장국 성산점,,,,,07:00,15:00,07:00,15:00,,,소고기해장국
제주신화월드 S BAR,y,n,n,,10:00,22:00,10:00,22:00,,,
풍림다방 송당점(중복콘텐츠로 인하여 미공개),n,n,,,10:30,18:00,10:30,18:00,,,"풍림브레붸, 쇼콜라쇼, 풍림더치, 카페 타히티"
통돌이돈통가,y,y,,,12:00,00:00,12:00,00:00,,,"막창소통, 바비큐 오겹살, 목살"
보룡제과,y,y,,,08:00,22:00,08:00,22:00,,,"마늘바게트, 인절미빵"
해송갈치 제주성산일출봉점,y,y,,,10:00,20:00,10:00,20:00,,,"갈치조림, 갈치구이"
아리(あり),y,n,,,11:00,20:30,11:00,20:30,,,"아리텐동, 아나고텐동, 아리우동"
리치망고 협재점,y,n,,,10:00,18:00,10:00,18:00,,,스페셜망고쉐이크
진주식당,y,y,,,08:00,20:00,08:00,20:00,,,"전복뚝배기, 갈치조림, 진주상"
솔동산고기국수,y,y,,,09:00,17:00,09:00,17:00,,,"고기국수, 해물국수, 흑돼지만두"
달인수산,y,y,,,11:30,22:00,11:30,22:00,,,"활어회, 매운탕, 생선구이"
한옥집,y,y,,,10:30,21:00,10:30,21:00,,,"김치찌개, 김치찜"
해왓,y,y,,,09:00,21:00,09:00,21:00,,,"전복해물뚝배기, 통갈치구이, 고등어활어회"
모닥치기,y,y,,,10:00,20:00,10:00,20:00,,,"모닥치기, 튀김모닥치기, 로제모닥치기"
돈파스타정원,y,y,,,09:30,23:00,09:30,23:00,,,"돈파스타, 흑돼지생등심돈까스, 갈비해물짬뽕"
카페 8,y,y,,요청시 제공,11:30,22:00,11:30,22:00,,,"파스타, 화덕 피자, 스테이크"
숙성도,y,n,,,11:30,22:00,11:30,22:00,,,"교차숙성흑돼지, 960숙성뼈등심, 720숙성흑삼겹"
보말보말,y,y,,,08:30,20:30,08:30,20:30,,,"보말돌솥밥정식, 보말죽, 보말칼국수"
맥파이 블루버드,n,n,,,17:00,01:00,17:00,01:00,,,"페일에일, 포터, 퀼쉬, IPA, 피자, 치킨텐더"
시트러스,,,,,10:00,20:00,10:00,20:00,,,
카페달보름,y,y,,,10:00,18:00,10:00,18:00,,,"한라봉에이드, 평대 바다에이드"
카페사분의이(폐업),y,y,,,11:00,19:00,11:00,19:00,,,"수제그릭요거트, 브리치즈타르트"
제주와함께라면,y,y,,,09:30,15:30,09:30,15:30,,,"흑돼지라면, 해물라면, 전복볶음밥, 딱새우전복라면"
아라파파 북촌점,y,n,,,10:00,18:00,10:00,18:00,,,"아메리카노, 에프너눈티세트"
펠릭스,y,n,,,09:00,20:00,09:00,20:00,,,"우도땅콩흑당라떼, 제주보리개역꿀라떼"
금능샌드,y,y,,,10:00,18:00,10:00,18:00,,,"현무암샌드, 콰트로치즈파니니, 아보카도치즈파니니"
신화돌담집 제주신화월드점,y,n,,,12:00,00:00,12:00,00:00,,,"흑돼지왕꼬치구이, 신화돌담집한판, 돌담스테이크"
참맛나김밥,y,n,,,09:00,17:20,09:00,17:20,,,"열무국수, 멸추김밥"
태산봉해장국,y,n,,,06:00,21:30,06:00,21:30,,,"소고기선지해장국, 양곰탕, 곱창전골"
한성오메기떡,y,y,,,08:10,20:20,08:10,20:20,,,오메기떡
명태명가,y,y,,,10:30,22:00,10:30,22:00,,,"명태조림, 명태정식, 생선구이"
산지해장국,y,n,,,06:00,14:30,06:00,14:30,,,"소고기해장국, 소내장탕"
썸의시작,y,n,,,09:00,18:00,09:00,16:00,,,"허브티, 커피콩빵"
헬로키티카페 제주아일랜드점,y,n,,,09:30,17:30,09:30,17:30,,,"아메리카노, 요거트 아이스크림, 와플, 케이크"
스시도모다찌 제주점,y,n,,,11:30,21:30,11:30,21:30,,,"모듬초밥세트, 프리미엄연어세트, 프리미엄참치세트"
탑해장국앤돈가스,y,n,,,07:00,20:30,07:00,20:30,,,"고기많이해장국, 버섯많이해장국, 돈가스세트, 메밀소바세트"
벨라지다,y,n,,,07:00,22:00,07:00,22:00,,,"벨라크림스페너, 벨라요거트볼, 식빵"
제주약수터 본점,y,n,,,16:00,00:30,16:00,00:30,,,"수제맥주, 풀드포크BBQ플래터"
일도국수,y,y,,,00:00,00:00,00:00,00:00,,,"멸치국수, 비빔국수, 고기국수"
미쿠니,n,y,,,10:00,21:00,10:00,21:00,,,"미쿠니오리지널밀크티, 뭉실뭉실구름아이스크림"
제주와인창고,y,n,,,10:00,22:00,10:00,22:00,,,"데일리와인, 수제맥주, 샴페인, 내추럴와인, 리큐르"
국제부두토산품스낵,y,n,,,,,,,,,"즉석우동, 김밥, 라면, 오뎅탕"
레이지펌프,y,n,,,09:00,20:00,09:00,20:00,,,"제주말차크리미, 퍼플에이드"
제주크랩잭,y,n,,,12:00,22:00,12:00,23:00,,,"보일링콤보, 랍스터"
애월 빵공장,y,n,,,09:00,20:00,09:00,20:00,,,"제주현무암쌀빵, 고구마빵, 라임모히또, 히비스커스 유자티"
제갈양 제주협재점(중복콘텐츠로 미공개),y,n,,,09:00,20:00,09:00,20:00,,,"갈치조림, 갈치구이, 갈치뚝배기"
제레미,y,n,,,09:00,17:30,09:00,17:30,,,"핸드드립커피, 제레미커피"
빵하우스,y,n,,,06:00,22:00,06:00,22:00,,,"견과류타르트, 꽈배기, 쁘띠, 식빵"
동글이흑돼지바베큐,y,n,,,11:00,22:00,11:00,22:00,,,"흑돼지 바베큐, 즉석 오징어구이"
마로니에 미니골프카페,y,y,n,수유실,09:00,22:00,09:00,22:00,,,"청귤에이드, 레몬진저에이드, 애플시나몬에이드"
함덕마당,y,y,,,08:30,21:00,08:30,21:00,,,"한라산세트, 모듬생선구이"
아이갓에브리씽,y,n,,,08:30,17:30,,,,,
제주축협한우플라자,y,y,,,11:00,21:30,11:00,21:30,,,"명품등심, 특선모둠, 살치살"
모뉴에트,y,n,,,11:00,19:00,11:00,19:00,,,"한라산 까눌레, 모뉴에트 라떼, 천혜향 풋귤 에이드"
비자림국수집,y,y,,,08:30,17:00,08:30,17:00,,,"고기국수, 메밀전병"
바삭 신서귀포점,y,n,,,11:30,21:00,11:30,21:00,,,"돈까스나베, 김치나베, 새우나베"
하늘창고,y,y,n,"모래놀이,자동차, 잔디마당",10:30,17:00,10:30,17:00,,,꽃피로
"우연히,그곳",y,n,,,11:00,18:00,11:00,18:00,,,
커브커피스토어,y,n,,,09:00,21:00,09:00,21:00,,,
자연뜨락,,,,,11:00,20:00,11:00,20:00,,,"쌈채정식, 돈가스정식"
애월집,,,,,10:00,21:00,10:00,21:00,,,"고기국수, 돈까스"
삼계별장,,,,,10:30,21:00,10:30,21:00,,,"닭곰탕, 삼계탕"
버거요제주본점,,,,,10:00,20:00,10:00,20:00,,,관자스테이크버거
섬나라오메기,,,,,06:00,19:00,06:00,19:00,,,오메기떡
해비치불턱,y,n,,,09:30,21:00,09:30,21:00,,,"우유빙수, 제주낑깡 착즙주스"
문치비 본점,y,y,,,11:30,00:00,11:30,00:00,,,"흑돼지 근고기, 백돼지 근고기"
Pulgore,,,,,18:00,23:00,18:00,23:00,,,
마돌렌,,,,,09:30,18:00,09:30,18:00,,,"유채꽃카롱, 수국카롱"
페이지2,,,,,10:30,18:30,10:30,19:30,,,우리두리라떼
R14,,,,,09:30,18:00,09:30,18:00,,,바닐라빈 라떼
스모크하우스인구억,y,y,,,12:00,21:00,12:00,21:00,,,"더블쿼터파운드버거, 풀드포크샌드위치"
너와의 첫여행,y,y,,,10:00,18:00,10:00,18:00,,,"아몬드크림라떼, 청귤에이드"
지미스천연아이스크림,y,,,,08:00,19:10,08:00,19:10,,,"원조우도땅콩아이스크림, 한라봉천혜향아이스크림"
파앤이스트,,,,,11:00,17:30,11:00,17:30,,,
서귀포돈사촌,y,y,,,16:00,23:00,16:00,23:00,,,
안전식당,n,n,,,10:00,14:00,10:00,14:00,,,"동태찌개, 김치찌개"
임성반점,,,,,10:50,19:40,10:50,19:40,,,고추짬뽕
애월오누이,y,y,,,07:00,20:00,07:00,20:00,,,
김명자굴국밥전문점 화북점,y,y,,,08:00,22:00,08:00,22:00,,,"굴국밥, 굴해장국, 국파전"
스콘가게 끌림,y,n,,,10:00,19:00,10:00,19:00,,,"고메버터, 누네띠네, 스콘"
고서방짬뽕,,,,,11:00,15:00,11:00,15:00,,,"고추짬뽕, 굴짬뽕, 탕수육"
정소암식당,,,,,11:00,16:00,11:00,16:00,,,"고등어정식, 두루치기"
더건강한빵,y,y,,,06:00,23:00,06:00,23:00,,,"먹물크림치즈 팥빵, 마늘바게트, 무화과 깜빠뉴"
라 벨라,,,,,,,,,,,
바우네나주곰탕 삼화점,y,y,,,09:30,22:00,09:30,22:00,,,"바우네곰탕, 나주곰탕, 얼큰우거지곰탕"
한라산아래첫마을 제주민속촌점,,,,,10:30,18:00,10:30,18:00,,,
제주여행가야밀면,,,,,11:00,21:00,11:00,21:00,,,"물밀면, 비빔밀면, 돈까스"
서울식당,,,,,11:30,21:00,11:30,21:00,,,"돼지생갈비, 돼지양념갈비"
커큐민흑돼지,,,,,11:00,22:00,11:00,22:00,,,"오겹살, 목살"
중문색달통갈치 본점,,,,,11:00,20:50,11:00,20:50,,,"갈치구이, 갈치조림"
함쉐프키친 서귀포 본점,,,,,11:00,21:00,11:00,21:00,,,"왕갈비짬뽕, 흑돼지돈까스"
제주개 생활연구소(폐업),y,n,,,10:00,18:30,10:00,18:30,,,
소랑벨,,,,,18:00,01:00,18:00,01:00,,,한우구좌당근카레라이스
옥란면옥,,,,,11:00,16:30,11:00,16:30,,,"물냉면, 메밀온면, 빈대떡"
동명정류장,y,n,,,11:00,18:00,11:00,18:00,,,
협재해물라면오빠네,y,n,,,09:00,17:00,09:00,17:00,,,
도렐,y,n,,,08:00,17:00,08:00,17:00,,,"너티클라우드, 여지홍, 옐로우페즈"
주네가네,y,y,,,10:00,19:00,10:00,19:00,,,
청춘부부,y,n,,,10:00,17:00,10:00,17:00,,,"에그타르트, 제주귤치즈케이크"
게우지코지 카페,y,n,,,09:00,19:30,09:00,19:30,,,"에이드, 크로와상, 호두타르트"
테라도스,,,,,10:00,17:30,10:00,17:30,,,"테라도스, 제주목장우유푸딩"
화산2020,,,,,17:00,23:00,17:00,23:00,,,"제주은갈치튀김, 꽃게뇨끼"
은빛식당,,,,,06:00,21:00,06:00,21:00,,,집밥정식
카페을리,,,,,10:00,18:00,10:00,18:00,,,을리쉐이크
파사삭,,,,,11:00,18:00,11:00,18:00,,,흑돼지라구파이
제니의정원,y,y,,,10:00,19:00,10:00,19:00,,,"제니스프렌치토스트, 매콤까르보나라"
진돼지,y,y,,,11:00,21:00,11:00,21:00,,,"흑돼지 오겹살, 흑돼지 목살, 도끼뼈등심"
맨도롱해장국,y,n,,,07:00,14:00,07:00,14:00,,,"겡이국, 겡이죽, 몸국"
덕인당보리빵 제주점,y,y,,,09:20,17:00,09:20,17:00,,,"보리빵, 팥보리빵. 쑥빵"
알돈가 본점,,,,,11:00,21:00,11:00,21:00,,,흑돼지 오겹살
동동차이나,,,,,,,,,,,
행복맛집,,,,,10:00,21:00,10:00,21:00,,,
하르방짬뽕,y,y,,,11:00,20:00,11:00,20:00,,,"뼈다귀 들깨짬뽕, 갈비짬뽕, 닭고기백짬뽕"
촐리케이크,y,y,,,12:00,20:00,12:00,20:00,,,"수제청 에이드, 수제청 라떼, 케이크"
심바카레,y,n,,,10:00,19:00,10:00,19:00,,,"돈카츠카레, 바나나튀김카레, 돈카츠샌드위치"
함덕쉼팡,,,,,11:00,22:00,11:00,22:00,,,
길림성,,,,,11:00,20:00,11:00,20:00,,,
라트반,y,y,,,09:00,14:00,09:00,14:00,,,
오라디오라,y,n,,,10:00,21:00,10:00,21:00,,,"치아바타, 포카치아, 브리오슈"
한라축산정육식당 노형점,y,y,,,10:00,22:00,10:00,22:00,,,"정육고기, 냉면, 한우곰탕"
메종드베니,y,n,,,10:00,21:30,10:00,21:30,,,"소보로빵, 크로와상, 소세지빵"
새물국수,y,y,,,10:00,19:00,10:00,19:00,,,
딤섬9898,y,y,,,11:00,20:50,11:00,20:50,,,"고기샤오룽바오, 새우샤오마이, 꿔바로우"
애나의숲 브런치카페,y,y,n,,09:00,15:00,09:00,15:00,,,"감자수프, 굴라쉬 스튜, 소고기 함박스테이크, 수제소시지 계란, 커피, 홍차, 수제맥주 "
바로족발보쌈 별관,y,n,,,16:00,00:00,16:00,00:00,,,"족발, 보쌈, 매족"
램앤블랙,,,,,11:30,21:30,11:30,21:30,,,"양고기구이, 흑돼지 오겹살"
순희뽀글이정식,y,n,,,07:00,17:00,07:00,17:00,,,"정식, 청국장, 순두부"
두도 레스토랑,y,y,,,07:00,21:00,07:00,21:00,,,
협재신국수,y,y,,,09:00,18:00,09:00,19:00,,,"불비, 고기국수"
도남오거리 도남점,y,y,,,15:00,23:00,15:00,23:00,,,"황소모듬, 육회"
담다,y,y,,,09:00,15:30,09:00,15:30,,,"매생이보말칼국수, 보말죽"
형돈,y,n,,,11:30,22:30,11:30,22:30,,,"흑돼지 근고기, 백돼지 근고기"
바로족발보쌈 본점,y,y,,,16:00,00:00,16:00,00:00,,,"족발, 보쌈, 불족"
월정해녀식당,y,y,,,08:00,21:00,08:00,21:00,,,"전복해물뚝배기, 통갈치조림"
돌하르방식당 본점,,,,,10:00,15:00,10:00,15:00,,,"각재기국, 고등어구이, 멜조림, 고등어사시미"
세평맛집,,,,,07:00,20:00,07:00,20:00,,,
차이나마씸,,,,,10:30,18:00,10:30,18:00,,,
성산해녀짬뽕,y,n,,,10:00,19:30,10:00,19:30,,,"해녀짬뽕, 해녀짜장"
뉴남원분식,,,,,06:00,19:00,06:00,19:00,,,
혜자분식,,,,,,,,,,,
해녀세자매,y,y,,,11:00,20:30,11:00,20:30,,,"해물탕, 갈치조림"
세이슌 시청점,y,y,,,11:00,03:00,11:00,03:00,,,"돈코츠라멘, 소유라멘, 규동, 믹스동"
연동길,y,y,,,10:00,00:00,10:00,00:00,,,"낙지볶음, 청국장"
동백별장,y,n,,,19:00,01:00,19:00,01:00,,,"흑돼지지루, 딱새우얼큰나베, 칼칼오뎅탕 "
으뜨미,n,n,,,09:30,15:00,09:30,15:00,,,"우럭정식, 전복해물뚝배기"
당케올레국수,y,n,,,08:00,17:00,08:00,17:00,,,"보말칼국수, 보말죽, 성게칼국수"
중문생선구이,,,,,10:30,21:00,10:30,21:00,,,"모둠생선구이, 갈치구이"
미스칠,,,,,08:00,20:00,08:00,20:00,,,"전복돌솥밥, 돔베고기"
사우스바운더,y,y,,,16:00,01:00,16:00,01:00,,,"버터밀크치킨, 사우스바운더피자"
미드나잇 제주,y,y,,,18:00,00:00,18:00,00:00,,,"옛날통닭, 감바스파스타, 까르보치킨텐더"
임순이네밥집,y,n,,,11:00,18:00,11:00,18:00,,,"제주 몸국, 고사리 육개장"
인그리드,n,n,,,11:00,18:00,11:00,18:00,,,"아메리카노, 얼그레이 크림라떼"
돌카롱 애월점,y,n,,,10:00,20:00,10:00,20:00,,,"유채꽃카롱, 억새카롱, 수국카롱"
두툼한고기돈돼지 제주 함덕점,y,y,,,12:00,23:00,12:00,23:00,,,"흑돼지 오겹살, 흑돼지 목살"
블랑제리,y,n,,,10:00,19:00,10:00,19:00,,,"뺑드블랑, 앙버터, 단호박깜빠뉴"
또똣김밥,,,,,07:00,19:00,07:00,14:00,,,"김밥, 샌드위치"
다다익고 정육점식당 호텔더본점,y,n,,,11:30,22:00,11:30,22:00,,,"흑돼지, 김치찌개, 짜글이"
다래향 세화점,y,y,,,09:00,20:00,09:00,20:00,,,"속풀이짬뽕, 굴짬뽕, 차돌짬뽕"
바보라면,y,n,,,10:00,18:00,10:00,18:00,,,"해물라면, 탕수육, 연어초밥"
못잊어 감자탕,y,n,,,17:00,23:55,17:00,23:55,,,"감자탕, 뼈해장국"
탐라갈치,y,y,,,10:00,22:00,10:00,22:00,,,
참솔해장국,,,,,06:00,16:00,06:00,16:00,,,"해장국, 내장탕"
삼거리농원 제주점,,y,,,11:00,21:00,11:00,21:00,,,"삼거리닭볶음탕, 삼거리볶음밥"
두리둠비,,,,,08:00,21:00,08:00,21:00,,,"순두부찌개, 만두전골"
본보이즈,,,,,11:00,22:00,11:00,22:00,,,튀르키예 에그멕 폴드포크 샌드위치
제이아일랜드,,,,,09:30,17:00,09:30,18:00,,,"그린 아일랜드, 블랙초코"
모카다방,,,,,10:00,19:00,10:00,19:00,,,로얄크림커피
소소희,y,y,,,11:00,18:00,11:00,18:00,,,"샤워도우, 치아바타"
땡큐베리,y,n,,,09:00,22:00,09:00,22:00,,,"블루베리 프라페, 블루베리 쥬스"
삭제삭제삭제요청,y,n,,,10:00,18:30,10:00,18:30,,,
용연보말칼국수,,,,,08:00,19:30,08:00,19:30,,,"보말죽, 보말칼국수"
드림회센터,,,,,10:00,22:00,10:00,22:00,,,포장회
연탄과친한돼지,,,,,11:00,22:00,11:00,22:00,,,
아트인명도암,,,,,10:00,18:00,10:00,18:00,,,"치아바타, 깜빠뉴, 호두식빵샌드위치"
시월,,,,,11:00,21:00,11:00,21:00,,,"로스카츠정식, 연어장덮밥"
싱싱회센타,,,,,10:00,22:00,10:00,22:00,,,모듬회코스
리틀보라카이,,,,,11:30,22:20,11:30,22:20,,,딱새우명란크림파스타
화목원,,,,,11:00,21:00,11:00,21:00,,,한정식
하늘꽃카페,,,,,10:00,19:00,10:00,19:00,,,"트로피칼에이드, 그릭요거트스무디"
금돈가,,,,,11:00,23:00,11:00,23:00,,,흑돼지근고기
가담국수,,,,,10:00,01:30,10:00,01:30,,,고기국수
강촌숯불닭갈비 제주본점,,,,,17:00,06:00,17:00,06:00,,,숯불닭갈비
스시혼,y,n,,,11:00,21:50,11:00,21:50,,,
카페퍼시몬,y,n,,,11:30,18:00,11:30,18:00,,,
뵤뵤(폐업),y,y,,,10:00,19:00,10:00,19:00,,,"말차먹은 돌하르방, 계절에이드"
기쁨이네해물탕앤돌솥밥,,,,,07:00,22:00,07:00,22:00,,,해물탕
만지식당,,,,,11:00,20:00,11:00,20:00,,,"야키소바, 돈카츠정식"
카페귤한가,,,,,11:00,17:00,11:00,17:00,,,"감귤비앙코, 감귤라떼"
게슈탈트커피 제주,,,,,11:00,18:00,11:00,18:00,,,"아몬드 소보루 크로와상, 게슈탈트커피"
고도,,,,,10:00,19:00,10:00,19:00,,,"필터커피, 블렌딩티"
삭제삭제삭제,y,y,,,12:00,19:00,10:30,19:00,,,
트라이브,y,n,,,09:00,21:00,09:00,21:00,,,
푸르곤(폐업),y,n,,,10:00,19:00,10:00,19:00,,,
귤밭사이로수제돈까스,,,,,11:00,20:00,11:00,20:00,,,"귤밭모듬까스, 유부우동"
금능해장국,,,,,07:00,15:00,07:00,15:00,,,"해장국, 소내장탕"
미풍해장국 서귀포직영점,y,y,,,05:30,15:00,05:30,15:00,,,"선지해장국, 소고기해장국"
비스마일,,,,,10:00,17:00,10:00,17:00,,,크로플
버거307 협재점,y,y,,,10:00,21:00,10:00,21:00,,,"새우버거, 소고기버거, 흑돼지매콤버거"
그리트커피,y,y,,,08:00,18:00,08:00,18:00,,,"그리트 커피, 크로플"
정희네해물탕,,,,,11:00,21:00,11:00,21:00,,,해물탕
도너츠윤 제주점,,,,,10:00,18:00,10:00,18:00,,,크림찹쌀도너츠
토투가커피,,,,,10:00,17:00,10:00,17:00,,,"핸드드립커피, 까눌레"
볼스프로덕션,y,n,,,10:00,20:00,10:00,20:00,,,"볼스라떼, 스콘, 휘낭시에"
협재온다정,y,y,,,08:00,21:00,08:00,21:00,,,"흑돼지 맑은곰탕, 저염명란"
라토커피,y,n,,,11:00,23:00,11:00,23:00,,,"넛츠끄레마, 크림브륄레"
누옥,y,n,,,09:00,19:00,09:00,19:00,,,"누옥커피, 에그타르트, 앙버터스콘"
미인빵,,,,,08:00,21:00,08:00,21:00,,,쌀로 만든 빵
명도암생이소리,,,,,08:00,15:00,08:00,15:00,,,옥돔정식
만복흑돼지,,,,,10:30,22:00,10:30,22:00,,,
황우정,y,n,,,10:00,22:00,10:00,22:00,,,"왕갈비탕, 전복뚝배기, 나주곰탕"
동막골 아라동,y,y,,,09:00,21:00,09:00,21:00,,,"동태전골, 동태막국수, 메밀들깨칼국수, 동태조림"
쇼밥 99street,y,y,n,,11:30,20:00,11:30,20:00,,,감독의 감동의 안심 스테이크
남춘식당,,,,,11:00,16:30,11:00,16:30,,,고기국수
도란도넛,,,,,10:00,22:00,10:00,22:00,,,오리지널 글레이즈
안도르,,,,,10:00,20:00,10:00,20:00,,,
어진이네 횟집(중복 콘텐츠로 미공개 처리),y,y,,,10:00,20:00,10:00,20:00,,,"자리물회, 한치물회"
콜로세움,y,y,,,09:00,23:00,09:00,23:00,,,"샤게라또, 명란바게트, 먹물크림치즈"
바다제비,y,n,,,10:00,20:00,10:00,20:00,,,"수제비, 칼국수, 한치파전"
광양해장국집,,,,,06:00,15:00,06:00,15:00,,,해장국
미미국수,n,n,,,09:00,04:00,09:00,04:00,,,"고기국수, 미미국수, 비빔고기국수"
마라도횟집,y,y,,,11:30,23:00,11:30,23:00,,,"방어회, 다금바리회, 광어회"
하르비커피,y,n,,,12:00,21:00,12:00,21:00,,,"수제청에이드, 하르비엔나"
진양해장국,y,n,,,06:00,15:00,06:00,15:00,,,"소고기선지해장국, 한우소머리곰탕"
비테비테,y,n,,,12:00,21:30,12:00,21:30,,,"왕오징어 철판버터구이, 흑돼지 철판구이, 문어꼬치"
애월 해성도뚜리,,,,,11:30,22:00,11:30,22:00,,,
선흘곶,y,y,,,10:00,18:00,10:00,18:00,,,쌈밥정식
만세국수 본점,y,n,,,09:00,21:00,09:00,21:00,,,"고기국수, 도가니탕, 찹쌀순대"
낭쿰낭쿰 올레시장본점,,,,,11:00,22:00,11:00,22:00,,,
제주콩순옥,,,,,09:00,23:55,09:00,23:55,,,
보래드베이커스,y,y,,,08:00,18:00,08:00,18:00,,,"플레인크로아상, 카야잼스콘, 보라멜라떼, 윈터모카"
청파식당횟집,y,n,,,11:00,21:00,11:00,21:00,,,"고등어회, 전복구이, 우럭매운탕"
김명자굴국밥(성산점),y,y,,,06:00,21:00,06:00,21:00,,,"굴국밥, 굴해장국, 굴파전"
파파무베이커리,,,,,10:00,21:00,10:00,21:00,,,딸기케이크
서서방 숯불닭갈비 연동본점,y,y,,,12:00,05:00,12:00,05:00,,,"양념숯불닭갈비, 소금구이, 흑돼지 양념갈비"
제주판타스틱버거,y,y,,,10:00,19:00,10:00,19:00,,,"베이징버거, 화이트 킹, 커리크림소스"
프로젝트 064,y,y,,,11:30,22:30,11:30,22:30,,,"블랙포크 스피니치피자, 포크커틀렛, 마약옥수수"
고요새,y,y,,,12:00,18:00,12:00,18:00,,,"땅콩버터크림, 고요새티, 땅콩버터크림"
갤러리 라운지,y,y,n,요청 시 제공,10:00,21:00,10:00,21:00,,,"수제 케이크, 커피, 차, 샴페인"
갱이네보말칼국수,,,,,10:10,15:00,10:10,15:00,,,보말칼국수
용꽈배기,y,y,,,08:00,17:00,08:00,17:00,,,"꽈배기, 대파꽈배기, 팥도너츠"
가스름식당,,,,,09:00,20:00,09:00,20:00,,,"몸순대국, 두루치기"
옥만이네,y,y,,,09:00,22:00,09:00,22:00,,,"옥만이 해물갈비찜, 옥만이 해물맑은탕"
제주 핫팟,y,y,y,요청시 제공,17:00,22:00,11:30,22:00,,,"중식, 훠궈, 핫팟"
다미안,y,y,,,09:00,20:00,09:00,20:00,,,"맨도롱 또똣 단팥빵, 크림빵, 달걀사라다빵"
훈남횟집,y,y,,,12:00,23:30,12:00,23:30,,,"소딱세트, 해산물모둠"
에오마르,y,y,,,09:00,21:30,09:00,21:30,,,"에스프레소콘파냐, 아인슈페너, 아메리카노"
유메야마,y,y,y,요청시 제공,17:00,00:00,17:00,00:00,,,"일식, 꼬치, 스시, 테판야끼"
풀베개,n,n,,,10:00,20:00,10:00,20:00,,,"스윗풀베개, 마음"
공설,,,,,11:00,21:00,11:00,21:00,,,공설냉커피
다올김밥분식,y,n,,,08:00,20:00,08:00,20:00,,,"다올모닥치기, 다올김떡순"
채훈이네해장국,y,y,,,06:00,16:00,06:00,16:00,,,"해장국, 고사리육개장, 몸국"
해주소반,y,y,,,10:00,22:30,10:00,23:00,,,"왕갈비탕, 매운소갈비찜, 곱창전골, 닭볶음탕"
24시얼큰시원생고기김치찌개노형점,y,y,,,09:00,23:50,09:00,23:50,,,"김치찌개, 수제돈까스, 제육볶음"
앙끄레국수,y,y,,,09:00,19:30,09:00,19:30,,,"수두리 보말국수, 성게국수, 고기국수"
난드르바당,y,n,,,12:00,22:00,12:00,22:00,,,"제주산흑돼지구이, 흑돼지김치찌개, 냉면"
대포칼제비,,,,,08:00,20:00,08:00,20:00,,,보말칼국수
제주스럽,y,y,y,좌식테이블,10:00,19:30,10:00,19:30,,,
신성할망식당,,,,,10:00,19:30,10:00,19:30,,,
대춘해장국 노형점,y,n,,,06:00,16:00,06:00,16:00,,,"해장국, 내장탕"
도도톳김밥,y,y,,,09:00,19:00,09:00,19:00,,,"톳김밥, 해물문어라면, 해물떡뽁이"
지미스천연아이스크림(중복콘텐츠로 미공개),y,n,,,08:00,17:30,08:00,17:30,,,"원조우도땅콩아이스크림, 한라봉천혜향아이스크림"
카페록록(폐업),y,n,,,10:30,17:30,10:30,17:30,,,"록록크림라떼, 에그타르트"
쉬멍가,y,n,,,10:00,21:00,10:00,21:00,,,우도땅콩아이스크림
메로식당,,,,,12:00,20:30,12:00,20:30,,,
별오름 노형점,y,n,,,11:30,22:00,11:30,22:00,,,"정육고기, 한우육회, 냉면"
효섬마을초가집,y,y,,,08:30,20:00,08:30,20:00,,,"전복돌솥밥, 전복뚝배기"
영진보말칼국수제주협재점,,,,,09:00,20:30,09:00,20:30,,,보말칼국수
더헤이븐,,,,,10:00,18:00,11:00,18:00,,,"바닐라빈라떼, 흑임자크림라떼"
중문해물라면오빠네,y,n,,,10:00,20:30,10:00,20:30,,,"문어해물라면, 전복치즈밥, 전복보말칼국수"
보말과풍경,,,,,11:00,20:30,11:00,20:30,,,
진미네식당,,,,,11:00,21:00,11:00,21:00,,,
슬랩,,,,,10:00,21:00,10:00,21:00,,,핸드드립 커피
게판5분전,y,n,,,10:00,22:00,10:00,22:00,,,"딱새우찜, 딱새우회, 모듬회, 모듬찜, 부채새우찜"
마모루,y,y,,,11:00,22:00,11:00,22:00,,,"돈코츠라멘, 히야시라멘, 사케동"
서광보말칼국수,y,y,,,09:00,20:00,09:00,20:00,,,"보말칼국수, 성게미역국"
카페아오오,y,y,,,09:00,19:00,09:00,19:00,,,"올디쇼콜라, 올디바닐라"
임금님밥상,,,,,08:30,15:00,08:30,15:00,,,
옵써빵집,y,y,,,06:00,00:00,06:00,00:00,,,"쑥빵, 식빵, 녹차야채샐러드빵"
종달미소,,,,,10:30,15:00,10:30,15:00,,,한식뷔페
시로코,,,,,09:00,23:30,09:00,23:30,,,"시로코라떼, 뺑오쇼콜라"
포스트커피,y,y,,,08:00,18:00,,,,,"플라워댄스, 몬피, 머그워트"
중문정,y,y,,,07:30,15:00,07:30,15:00,,,"고사리해장국, 고등어구이"
바람벽에흰당나귀,y,n,,,10:00,19:00,10:00,19:00,,,"말차빙수, 수제바닐라빈라떼, 애플시나몬"
한림폭식 제주협재점,y,y,,,09:00,21:00,09:00,21:00,,,"보말칼국수, 해물칼국수, 보말전, 전복해물파전"
큰돈가 남쪽대표 중문점,y,n,,,12:00,22:00,12:00,22:00,,,"흑돼지근고기, 30시간 김치찌개"
바당국수,,,,,09:00,22:00,09:00,22:00,,,고기국수
대춘해장국 시청점,y,n,,,07:00,15:00,07:00,15:00,,,"해장국, 내장탕"
오쿠다 이도점,y,n,,,10:00,21:00,10:00,21:00,,,"전복한끼, 전복뚝배기, 전복버터구이"
홀리싯커피서플라이,,,,,08:00,21:00,10:00,22:00,,,"필터커피, 딸기주물럭"
오마이파운드,,,,,12:00,22:00,12:00,22:00,,,"파운드케이크, 스콘"
돈카츠서황,y,n,,,11:30,20:00,11:30,20:00,,,"서황카츠, 안심카츠, 생선카츠"
함덕해물라면오빠네,y,y,,,09:00,21:00,09:00,21:00,,,"제주해물라면, 제주보말칼국수, 전복치즈밥"
블랙이쉬레드,y,n,,,10:00,18:00,10:00,18:00,,,
사계카페,,,,,10:20,22:00,10:20,22:00,,,크림아메리카노
성산장인의집,,,,,10:00,21:00,10:00,21:00,,,수제 4색 만두전골
버터넛,,,,,11:00,20:00,11:00,20:00,,,"쫀득버터바, 체리치즈파이, 바나나푸딩"
패밀리만두,y,y,,,11:30,23:00,11:30,23:00,,,"고기만두, 김치만두, 옛날만두"
제주머슴네,y,y,,,08:00,19:00,08:00,19:00,,,"전복김밥(어묵), 전복김밥(흑돼지)"
윈드스톤,y,n,,,09:00,17:00,09:00,17:00,,,"아몬드라떼, 스트롱라떼"
덕승식당(신관),,,,,09:00,21:00,09:00,21:00,,,
수까락,,,,,11:00,21:00,11:00,21:00,,,수까락정식
종스브레드,,,,,06:00,22:00,06:00,22:00,,,"소보로팥빵, 맘모스빵"
희신이네,,,,,10:00,20:30,10:00,20:30,,,닭샤브샤브
젤코바 베이커리 카페,,,,,09:30,20:00,09:30,20:00,,,소금빵
차돌집,,,,,12:00,22:00,12:00,22:00,,,차돌박이
해난디아장,,,,,10:00,21:00,10:00,21:00,,,"당근쥬스, 당근케잌"
레이오버,,,,,10:30,18:30,10:30,18:30,,,꺼멍 커스터드
국수마씸,,,,,08:00,16:00,08:00,16:00,,,"고사리육개장, 고기국수, 몸국"
카페달력,,,,,12:00,21:00,12:00,21:00,,,"스트로베리파이, 위스키하이볼, 달력라떼"
라 플라주,,,,,09:00,19:00,09:00,19:00,,,딸기브리오슈
마음에온,y,n,,,10:00,20:00,10:00,20:00,,,치즈곶감말이
조개모닥,y,y,n,,12:00,21:00,12:00,21:00,,,조개구이/조개전골
de de de,,,,,10:00,23:00,10:00,23:00,,,
제주정지,,,,,08:30,21:00,08:30,21:00,,,
아사라베이커리카페,y,y,n,,10:00,20:00,10:00,20:00,,,"디저트,빵,음료"
승쁨당,,,,,08:30,21:00,08:30,21:00,,,딸기케이크
식당마요네즈,,,,,11:00,21:00,11:00,21:00,,,마요네즈 필라프
애월찜,,,,,11:00,22:00,11:00,22:00,,,전복낙지매운갈비찜
고성장터국밥,,,,,07:30,17:00,07:30,17:00,,,"순대국밥, 몸국"
제일성심당,,,,,07:00,22:00,07:00,22:00,,,"이불빵, 떡도넛, 월넛브레드, 찹쌀소보루파이"
볼스카페,y,,,,10:00,19:00,10:00,19:00,,,10월 제주 애플망고
고수목마식당,,,,,11:00,21:30,11:00,21:30,,,"말육회, 말숯불생구이, 말내장수육"
인스밀,,,,,10:30,18:00,10:30,18:00,,,"보리개역, 보리녹차, 보리 과즐, 보리 스콘, 마농스콘, 보리 아이스크림"
바당길,,,,,08:00,15:30,08:00,15:30,,,"전복뚝배기, 톳칼국수, 보말칼국수"
제주돔베고기집,,,,,15:00,23:00,15:00,23:00,,,돔베한상
이모밥상,,,,,09:00,21:00,09:00,21:00,,,고등어구이밥상
누이밥집,,,,,08:30,17:00,08:30,17:00,,,"접착뼈국, 고사리육개장"
힌즈,,,,,10:30,19:00,10:30,19:00,,,에그타르트
웃뜨르항아리,,,,,08:30,20:30,08:30,20:30,,,"전복비빔밥, 보말칼국수"
호이,,,,,11:00,20:30,11:00,20:30,,,"성게크림 파스타, 문어오일 파스타"
렐레펑 테러블,,,,,11:00,22:00,11:00,22:00,,,렐레펑 똠얌꿍
산방 흑돼지 순대 본점,,,,,07:30,19:00,07:30,19:00,,,순대국
삼미횟집,,,,,11:00,22:30,11:00,22:30,,,모듬회
오르바,,,,,09:00,21:00,09:00,21:00,,,쏠티바닐라슈페너
오전열한시,,,,,10:00,16:00,10:00,16:00,,,"전복볶음밥, 간장새우밥"
카페시소,,,,,10:00,18:00,10:00,18:00,,,"아인슈페너, 초코라떼, 수제차"
동광분교인디이스트,,,,,10:50,17:30,10:50,17:30,,,"동광슈페너, 크로플"
로맨틱새우,,,,,11:00,21:00,11:00,21:00,,,"레드빅뱅 쉬림프, 코코넛 쉬림프"
베이글림림,,,,,09:30,17:30,09:30,17:30,,,"플레인베이글, 잠봉뵈르 샌드위치, 크림치즈"
로빙화,n,n,,,10:00,23:00,10:00,23:00,,,"스칼렛, 수제버거, 헝가리스튜 굴라쉬"
미베이커리카페,y,,,,08:30,19:00,08:30,19:00,,,"베이커리,카페"
협재비선루,,,,,09:00,18:00,09:00,18:00,,,"비선루떼, 라몽아이스티"
양혜란식당,,,,,07:00,21:00,07:00,21:00,,,딱새우장정식
잇마이피자 시청점,,,,,12:00,22:00,12:00,22:00,,,치즈버거피자
오롯,,,,,11:30,20:30,11:30,20:30,,,전복게우비빔밥
류차이,,,,,10:00,21:00,10:00,21:00,,,"짜장면, 마라짬뽕"
제주로운청해원,,,,,08:00,21:30,08:00,21:30,,,"갈치조림, 해물뚝배기"
제주명품쑥보리빵,,,,,08:00,18:00,08:00,18:00,,,쑥찐빵
엘파소(폐업),y,n,,,10:00,19:00,10:00,19:00,,,
본카페,y,n,,,09:00,21:00,09:00,21:00,,,
바론,,,,,08:30,19:30,08:30,19:00,,,딸기생크림케이크
오아모이,,,,,11:00,18:00,11:00,18:00,,,"오아라떼, 흑임자라떼, 자몽라떼"
바람과바다,,,,,10:00,18:30,10:00,18:30,,,한라봉아인슈페너
토토네,,,,,11:00,18:30,11:00,18:30,,,에그타르트
오만정성 제주협재점,,,,,10:00,22:00,10:00,22:00,,,고사리갈치조림
더 시그니처 이자카야,,,,,18:00,01:30,18:00,01:30,,,모둠 사시미
삭제삭제요청,y,y,,,11:00,18:00,11:00,18:00,,,
우리회수산,y,y,,,10:00,22:00,10:00,22:00,,,"딱새우회, 방어회, 고등어회, 광어회"
연동둘둘김밥,y,y,,,06:00,19:00,06:00,19:00,,,"연동김밥, 참치김밥, 제육김밥"
초록분식,,,,,10:00,21:00,10:00,21:00,,,흑돼지족발
해수육장,,,,,17:00,02:00,17:00,02:00,,,항정살수육
흑본오겹 함덕점,,,,,15:00,22:00,15:00,22:00,,,흑돼지 특수부위
장춘식당,,,,,08:00,19:00,08:00,19:00,,,갈치조림
제주은갈치김밥,,,,,08:00,18:00,08:00,18:00,,,"갈치김밥, 한치무침"
노을코지,y,y,,,10:00,20:00,10:00,20:00,,,"노을라떼, 애플망고스무디, 시나몬더치커피"
늘보의작업실,n,y,y,,12:00,20:00,12:00,20:00,,,양식(파스타) / 부라타치즈 / 카나페 / 아이스크림 / 논알콜 / 와인 / 위스키 / 꼬냑 / 데낄라 / 칵테일
산방산국수맛집,,,,,09:00,19:00,09:00,19:00,,,"고기국수, 비빔국수, 성게국수"
월정리 담또와,,,,,09:00,17:00,09:00,17:00,,,소금빵
효퇴국수국밥,,,,,11:00,15:00,11:00,15:00,,,고기국수
카페청굴물,,,,,11:00,18:00,11:00,18:00,,,청굴물슈페너
카페가호,,,,,12:00,19:00,12:00,19:00,,,"한겨울라떼/한여름라떼, 바나나푸딩, 함박눈 라떼, 한철토스트"
섬타르,y,y,,,09:30,22:30,09:30,22:30,,,"에그타르트, 당근타르트, 백년초타르트"
이정현 돼지갈비강정,,,,,11:00,01:00,11:00,01:00,,,돼지강정
이너프(폐업),y,n,,,11:00,18:00,11:00,18:00,,,
삭제삭제,y,n,,,09:00,18:00,09:00,18:00,,,
제주스,y,y,,,10:00,21:00,10:00,21:00,,,"리얼봉주스, 리얼황금주스"
카이터스,y,n,,,10:00,22:00,10:00,22:00,,,
랜딩커피,,,,,11:00,18:00,11:00,18:00,,,"제주 아일랜드티, 무스케이크"
꽃밥,,,,,10:30,15:30,10:30,15:30,,,"꽃밥정식, 삼색들깨수제비, 야채비빔밥"
마루나키친,,,,,10:00,20:30,10:00,20:30,,,"해물모듬장, 마루나돈카츠"
정육도제주본점,y,y,n,,11:30,21:00,11:30,21:00,,,"소 우대갈비, 흑돼지"
감귤달,,,,,,,,,,,"당근케이크, 당근주스, 감귤달 밀크티"
도라지식당,,,,,09:00,20:30,09:00,20:30,,,"갈치조림, 한치구이"
카페141,,,,,11:00,00:00,11:00,00:00,,,팬케이크
미스터크랩,,,,,11:30,21:00,11:30,21:00,,,"킹크랩, 랍스터"
카페이시도르,y,n,,,08:30,16:30,08:30,16:30,,,"소프트 클라우드, 유기농우유"
청년다방 이도점,y,n,,,11:00,21:00,11:00,21:00,,,"차돌떡볶이, 통큰오짱떡볶이, 버터갈릭감자튀김"
델문도 김녕,,,,,08:00,21:00,08:00,21:00,,,김녕바당라떼
디뷰,,,,,10:00,21:00,10:00,21:00,,,디뷰브런치
랍스터빈,,,,,12:00,19:30,12:00,19:30,,,랍스터
수진돈까스,,,,,10:00,19:00,10:00,19:00,,,"특 등심돈까스, 카레돈까스"
산도위치제주본점,,,,,09:00,19:00,09:00,19:00,,,카츠산도
러스틱테이블,,,,,09:00,18:30,09:00,18:30,,,"밀크도넛, 티라미수도넛"
몽그레 월정리점,,,,,11:00,18:00,11:00,18:00,,,"몽그레 샌드, 그릭요거트"
그루브,y,y,,,09:00,18:00,09:00,18:00,,,"그릭요거트볼, 크로플"
농부파스타집,,,,,11:00,21:00,11:00,21:00,,,"뼈갈비토마토파스타, 새우크림리조또"
비수기애호가,,,,,10:00,18:00,10:00,18:00,,,"당근주스, 당근케이크"
김밥명가 서귀포점,y,y,,,05:30,19:30,05:30,19:30,,,"모닥치기, 김밥"
미스커피,,,,,10:00,21:00,10:00,21:00,,,"생강차, 아메랔노"
구씨커피로스터스,,,,,10:00,18:00,10:00,18:00,,,"핸드드립커피, 구라떼"
용소담,,,,,10:00,22:00,10:00,22:00,,,"바당라떼, 수제청에이드"
화로위 함덕해수욕장점,,,,,12:00,00:00,12:00,00:00,,,흑돼지근고기
한라당몰국수,,,,,07:30,19:30,07:30,19:30,,,"고기국수, 멸치국수"
올레왕갈치,,,,,10:00,22:00,10:00,22:00,,,갈치정식
꺼멍연탄구이,,,,,11:30,21:00,11:30,21:00,,,흑돼지구이
돌담땅콩국수,,,,,10:00,20:00,10:00,20:00,,,우도땅콩국수
봉성식당,,,,,11:00,22:00,11:00,22:00,,,흑돼지구이
슬로보트,,,,,10:00,19:00,10:00,19:00,,,"핸드드립커피, 와인"
소렉,,,,송아지 티본 스테이크,11:00,22:00,11:00,22:00,,,
제주운정이네,,,,,08:30,22:00,08:30,22:00,,,"해물통갈치조림, 전복뚝배기, 전복돌솥밥"
소인커피,,,,,11:00,22:00,11:00,22:00,,,딸기 파블로바
현우네분식,,,,,09:00,21:30,09:00,21:30,,,"고기국수, 김밥"
보말이네,,,,,08:00,17:00,08:00,17:00,,,보말칼국수
삼대전통고기국수,,,,,09:00,16:00,09:00,16:00,,,"고기국수, 고기국밥"
마녀의언덕,,,,,09:00,18:00,09:00,18:00,,,브런치
레이어스베이크하우스,,,,,11:00,18:00,11:00,18:00,,,"크로아상, 퀸아망, 플랑바닐라"
재연 식당,,,,,10:00,19:00,10:00,19:00,,,갈치정식
영실국수서귀포중문본점,,,,,09:00,20:00,09:00,20:00,,,"고기국수, 회국수"
카페텐저린,y,y,,,09:00,18:00,09:00,18:00,,,"아메리카노,착즙당근쥬스, 제주말차라떼"
평대우유차(폐업),y,n,,,10:00,19:30,10:00,19:30,,,
사계전복 산방산본점,,,,,08:00,20:00,08:00,20:00,,,"전복돌솥밥, 전복뚝배기, 전복물회"
하양한,,,,,00:00,00:00,00:00,00:00,,,"우유푸딩, 감귤푸딩"
UDA,,,,,10:30,19:00,10:30,19:00,,,UDA 브런치
제주기와,y,y,,,09:00,18:00,09:00,18:00,,,
카페원웨이,y,y,,,10:00,20:00,10:00,20:00,,,
새물카페,,,,,09:00,19:00,09:00,19:00,,,"오메기크로플, 새물라떼"
카페유주,n,n,,,11:00,18:00,11:00,18:00,,,"오키나와흑당라떼, 사과홍차"
솔트스톤,y,y,,,09:00,00:00,09:00,00:00,,,"블랙스톤, 돌맹이라떼, 솔드스톤"
가는곶 세화,,,,,,,,,,,쑥보늬밤빵
장인더 제주,,,,,10:00,18:00,10:00,18:00,,,약과
깊커피,,,,,09:00,18:00,09:00,18:00,,,"현무암다쿠아즈, 깊커피"
테이블앤데스크,y,n,,,11:30,15:00,11:30,15:00,,,
온더스톤브런치카페제주성산점,,,,,07:30,14:00,07:30,14:00,,,흑돼지버거
교래퐁낭,,,,,10:00,20:00,10:00,20:00,,,"갈치조림, 흑돼지수육"
어니스트밀크 본점,,,,,10:00,18:00,10:00,18:00,,,"무가당요거트, 무화과베리요거트"
섭섭이네,,,,,11:00,16:00,11:00,16:00,,,"흑돼지퐁당커리, 고기국수"
용두성,,,,,10:00,20:00,10:00,20:00,,,"용두성정식, 옥돔정식, 갈치조림정식"
정육도제주본점,y,y,n,,11:00,20:00,11:00,20:00,,,
제미니국수,,,,,08:30,19:00,08:30,19:00,,,고기국수
클랭블루,,,,,11:00,20:00,11:00,20:00,,,우도땅콩라떼
노티드 제주 DT점,,,,,09:00,20:00,09:00,20:00,,,우유생크림도넛
치꼬,,,,,11:00,17:00,11:00,17:00,,,"까르니따스 타코, 랭쎕"
광어다,,,,,10:30,20:00,10:30,20:00,,,광어탕수어
용왕난드르식당,,,,,08:00,17:00,08:00,17:00,,,"보말수제비, 보말죽"
옛날팥죽,,,,,10:00,17:00,10:00,17:00,,,새알팥죽
사려니국수,,,,,07:00,16:00,07:00,16:00,,,고기국수
어린왕자감귤밭,,,,,09:30,20:00,09:30,20:00,,,"청귤에이드, 한라봉에이드, 청귤스무디, 한라봉스무디"
더애월 흑돼지 김치찌개 두루치기 전문점,,,,,10:00,20:00,10:00,20:00,,,"흑돈김치찌개, 양돈두루치기"
그라나다,,,,,09:00,18:00,09:00,18:00,,,"팥빙수, 아이스티, 아메리카노"
소색채본,,,,,09:00,18:00,09:00,18:00,,,"제주보리개역라떼, 망고요거트스무디, 한라봉무스케이크"
카페뮤로,,,,,09:00,16:40,09:00,16:40,,,"새우 아보카도 오픈샌드위치, 에그인헬"
신우성흑돼지,,,,,11:00,22:30,11:00,22:30,,,흑돼지 오겹살
아니따파스타,,,,,11:00,17:00,11:00,17:00,,,감태페스토 파스타
제주곰집,,,,,11:00,22:00,11:00,22:00,,,흑돼지 해산물 모듬
횟집학개론,,,,,12:30,22:00,12:30,22:00,,,물회
중문보말칼국수,,,,,08:00,20:00,08:00,20:00,,,보말칼국수
올드캡,,,,,11:00,19:30,11:00,19:30,,,"올드캡 버거, 피쉬앤칩스 오리지널"
싸이공레시피,,,,,10:30,19:30,10:30,19:30,,,"퍼보, 분보훼, 분보싸오, 껌승"
카페오놀,,,,,10:00,18:00,10:00,18:00,,,"유기농 애플망고 우유빙수, 제주 제철과일 판나코타"
오션컬러,,,,,10:00,16:00,10:00,16:00,,,"아이스크림라떼, 딸기라떼"
돈고팡 제주공항본점,,,,,15:00,23:00,15:00,23:00,,,숙성고팡흑돼지
어반정글 부얀트무드(폐업),,,,,09:30,15:30,09:30,15:30,,,"갈릭 쵸리죠 파스타, 제주 딱새우 파스타"
카페모알보알,n,,,,10:30,20:00,10:30,20:00,,,"한라봉 에그타르트, 에그타르트, 흑당라떼, 조천말차라떼, 로얄밀크티"
구이사이,,,,,07:00,23:00,07:00,23:00,,,고등어정식
봄소풍김밥,,,,,06:30,18:00,06:30,18:00,,,톳김밥
삼양백년짜장,,,,,11:00,18:30,11:00,18:30,,,"백년짬뽕, 고추해물짜장"
중국집마씸,y,n,,,11:00,22:00,11:00,22:00,,,"매생이굴탕면, 굴탕면"
쉬어갓,,,,,11:00,18:00,11:00,18:00,,,카이막
점점,,,,,11:00,20:00,11:00,20:00,,,초당옥수수 아이스크림
쇠소깍빵명장,,,,,08:30,18:30,08:30,18:30,,,육쪽마늘빵
숙성도 실버,,,,,10:00,22:00,10:00,22:00,,,"숙성 실버한판, 720숙성삼겹"
한림칼국수 제주동문시장점,,,,,09:00,17:00,09:00,17:00,,,보말칼국수
해오반,,,,,10:00,22:00,10:00,22:00,,,성게해물비빔밥
베트남 전통 쌀국수,,,,,09:00,23:00,09:00,23:00,,,"쌀국수, 분짜"
삼바리회센타 용두암점,y,y,n,,11:00,22:00,11:00,22:00,,,자연산 제철 활어회
꿀봉제주한림본점,,,,,11:00,18:00,11:00,18:00,,,"후라이드, 꿀봉강정, 허니치즈, 커민칠리"
정우말가든,,,,,10:00,22:00,10:00,22:00,,,"정우스페샬코스, A코스요리, B코스요리"
벨진밧,,,,,09:00,17:30,09:00,17:30,,,벨라떼
볼고롱짬뽕,,,,,11:00,20:50,11:00,20:50,,,우육짬뽕
카페쌀쌀,,,,,10:00,18:30,10:00,18:30,,,붕어떡구이
카페 진정성 종점,,,,,09:00,21:00,09:00,21:00,,,밀크티
하우투플레이,,,,,10:00,21:00,10:00,21:00,,,클래식버거
피커스 제주,,,,,10:00,19:00,10:00,19:00,,,수제 바닐라빈 라떼
빵집아저씨,,,,,06:00,23:30,06:00,23:30,,,"육쪽흑마늘빵, 식빵"
꼼비노,,,,,12:30,20:30,12:30,20:30,,,시즌 아이스크림
무로이 신화월드점,,,,,10:30,19:00,10:30,19:00,,,"항아리 티라미수, 풋귤"
금악똣똣라면,,,,,08:00,15:00,08:00,15:00,,,"똣똣라면, 몸밥"
닥그네할망,,,,,07:00,15:00,07:00,15:00,,,
릴로,,,,,09:30,15:00,09:30,15:00,,,"바게트 연어파테, 제주감자수프"
아살람 레스토랑,,,,,12:00,22:30,12:00,22:30,,,"후무스, 케밥, 팔라펠"
아남떡집,,,,,05:00,20:00,05:00,20:00,,,오메기떡
떠돌이식객,,,,,08:00,21:30,08:00,21:30,,,"해물라면, 물회"
그란데,,,,,11:30,22:00,11:30,22:00,,,"그란데화이타, 부리또"
넝쿨하눌가든,,,,,10:00,15:00,10:00,15:00,,,오리탕
논짓물식당,,,,,10:30,21:30,10:30,21:30,,,생물갈치조림
만족한상회,,y,,,10:00,21:00,10:00,21:00,,,갈치조림뚝배기
가치,,,,,16:30,02:00,16:30,02:00,,,모둠사시미
경일낙지,,,,,11:00,21:00,11:00,21:00,,,낙지볶음
고사리커피,,,,,11:00,18:00,11:00,18:00,,,"고사리커피, 다쿠아즈"
협재섬바다,,,,,08:30,21:00,08:30,21:00,,,갈치정식
따소롬,,,,,11:30,18:00,,,,,
불턱버거,,,,,10:30,18:10,10:30,18:10,,,"프레시치즈버거, 시그니처통새우버거"
고래성,,,,,10:30,19:30,10:30,19:30,,,통오징어뿔소라짬뽕
감따남,,,,,10:00,18:00,10:00,18:00,,,"감따라떼, 뀨울라떼"
노형그때그집,,,,,11:00,22:00,11:00,22:00,,,"흑돼지구이, 흑돼지 김치전골"
대윤흑돼지 서귀포올레시장점,,,,,16:00,22:00,16:00,22:00,,,근고기
궁중오메기떡,,,,,07:00,19:00,07:00,19:00,,,
미도식당,,,,,08:00,16:00,08:00,16:00,,,"옥돔한정식, 전복죽"
송당의아침,,,,,09:00,17:00,09:00,17:00,,,"제주말차단팥식빵, 제주우도땅콩식빵"
형제섬 보말칼국수,,,,,08:00,17:00,08:00,17:00,,,"보말칼국수, 한치숙회"
양과자회관,,,,,11:00,18:00,11:00,18:00,,,"마들렌, 휘낭시에"
제주빵집,,,,,08:00,19:00,08:00,19:00,,,"맵쌀바게트, 망고크로와상"
후룩,y,y,n,,09:00,19:00,09:00,19:00,,,
면주막,,,,,09:00,15:00,09:00,15:00,,,"고기국수, 돔베고기, 돔베전복소라삼합"
용두암엄마해장국,,,,,07:00,16:00,07:00,16:00,,,고사리해장국
제주호랭이 사계점,,,,,10:30,18:30,10:30,18:30,,,수제크림도넛
모던돔베,,,,,10:00,17:00,10:00,17:00,,,"고기국수, 돔베고기"
쿠이,,,,,11:00,21:00,11:00,21:00,,,"두부샥슈카, 냉이페스토크림리조또"
부부키친,,,,,10:00,18:00,10:00,18:00,,,새우튀김 냉소바
파피용 살롱드떼,,,,,11:00,17:00,11:00,17:00,,,밀크티
더웨이팅,,,,,11:00,15:00,11:00,15:00,,,"등심카츠, 모둠카츠"
사계소희네국수,,,,,09:30,19:00,09:30,19:00,,,"고기국수, 멸치국수, 돔베고기"
참숯구이몬트락,,,,,15:00,23:00,15:00,23:00,,,제주돼지 반마리
김녕빵집,,,,,09:00,17:00,09:00,17:00,,,소금빵
백록집,,,,,17:00,23:00,17:00,23:00,,,"고등어회, 갈치튀김"
성산해나,,,,,11:00,20:00,11:00,20:00,,,"에그타르트, 르뱅쿠키"
한형수정원 테쉬폰카페,y,,,,10:00,18:00,10:00,18:00,,,에스프레소 아메리카노 카푸치노 카페라떼 바닐라라떼 카라멜마끼아또 카페모카 말차라떼 초코라떼 패션후르츠(백향과) 대추차 청귤차 레몬차 히비스커스 얼그레이 캐모마일 플레인 요거트 스무디 백향과 스무디 딸기 스무디 소금빵 마늘빵
알다방,,,,,11:00,21:00,11:00,21:00,,,"알스무디, 핫초코, 백향과차"
홀가분가든,,,,,09:00,21:00,09:00,21:00,,,"꽃등심, 소고기버섯전골"
제주영롱가,,,,,11:00,22:00,11:00,22:00,,,"오겹살, 목살, 양념구이"
꿈낭밥집,,,,,10:00,20:00,10:00,20:00,,,"보리굴비, 파불고기"
세화갈비 본점,,,,,11:00,21:00,11:00,21:00,,,소왕갈비찜
보라지붕,,,,,10:00,18:00,10:00,18:00,,,"보라크림라떼, 제주당근케이크"
피플카페,,,,,10:00,21:00,10:00,21:00,,,숏크림라떼
카페드노아,y,y,n,"어린이 놀이터, 동물먹이주기",10:00,18:00,10:00,18:00,,,"한라봉에이드, 감귤파운드케익, 뛔미청귤스콘"
트레비어 제주본점,y,y,y,,17:00,23:30,17:00,23:30,,,"흑돼지 학센, 통삼겹 바베큐 , 샐러드,피자,파스타,치킨,소주안주 등등"
뒤뜰에한우 신제주연동점,y,y,n,,11:30,22:30,11:30,22:30,,,
봉순이네 흑돼지,,,,,11:30,22:00,11:30,22:00,,,"흑돼지한근, 갈매기살"
동문올레수산,,,,,10:00,21:50,10:00,21:50,,,"모듬회, 갈치조림"
러디스,,,,,09:30,18:20,09:30,18:20,,,바다라떼
미깡창고,,,,,11:00,18:00,11:00,18:00,,,미깡 밀크티
빈계절,,,,,11:00,18:00,11:00,18:00,,,"옥수수케이크, 당고의 밤"
물항식당 탑동점,y,,,,08:00,21:00,08:00,21:00,,,"갈치구이, 갈치회, 고등어회 등"
산노루,,,,,10:30,18:00,10:30,18:00,,,말차라떼
한라산소갈비찜(폐업),y,n,n,,10:00,21:00,10:00,21:00,,,"한라산소갈비찜(순한맛, 매운맛)"
국수앤,,,,,09:00,20:40,09:00,20:40,,,전복보말칼국수
하버39,y,y,n,,09:00,21:00,09:00,21:00,,,"화이타 플레터,하버치즈버거,파스타"
양대감,,,,,11:00,23:30,11:00,23:30,,,"흑돼지 근고기, 뼈삼겹"
중문고등어쌈밥제주점,,,,,09:30,20:00,09:30,20:00,,,묵은지고등어쌈밥
비앤알,y,n,n,,10:00,20:00,10:00,20:00,,,"수제버거, 커피"
미리로,,,,,10:00,19:00,10:00,20:00,,,테우크림라뗴
미쁜제과,,,,,09:00,20:00,09:00,20:00,,,"크림커피, 소금빵"
바미아일랜드,,,,,10:00,18:00,10:00,18:00,,,"꿀밤라뗴, 당근케이크"
소시오도넛,,,,,10:00,20:00,10:00,20:00,,,솔티카라멜킬러
하갈비 국수,,,,,09:00,18:00,09:00,18:00,,,갈비고기국수
나성수두리보말톳칼국수,,,,,08:00,16:00,08:00,16:00,,,보말톳칼국수
김녕빗소리,,,,,11:30,17:00,11:30,22:30,,,"바당튀김, 유부초밥, 온센밥"
제주착한닭강정,,,,,11:00,20:30,11:00,20:30,,,닭강정
인카페온더비치,y,y,,,11:00,20:00,11:00,20:00,,,"아메리카노, 아인슈페너, 수제차"
그초록,y,y,,,09:00,20:00,09:00,20:00,,,"아보카도커피, 아보카도샌드위치, 한라봉요플레, 제주방풍 티라미수"
웨이뷰,y,n,n,,09:00,20:00,09:00,20:00,,,
담을솥,,,,,11:00,20:00,11:00,20:00,,,"전복솥밥, 표고 건강솥밥"
둘레길 제주협재금능점,,,,,11:00,21:30,11:00,21:30,,,"제주 흑돼지 오믈렛, 고사리 봉골레 파스타, 수비드 흑돼지 등심"
돗통,,,,,13:00,22:00,13:00,22:00,,,"돈마호크 뼈등심, 오겹살"
예예예,,,,,11:30,22:00,11:30,22:00,,,"돈카츠, 중화누들, 함박에그인헬"
갈치공장,,,,,09:00,16:00,09:00,16:00,,,"갈치조림, 통갈치구이, 전복구이, 전복뚝배기"
하도댁흑돼지두루치기 구좌세화,,,,,11:00,21:00,11:00,21:00,,,흑돼지 두루치기
소금바치순이네,,,,,09:00,19:30,09:00,19:30,,,"돌문어볶음, 해물탕, 고등어묵은지조림, 전복뚝배기, 보말국"
미쎄스 올리브,,,,,11:30,21:00,11:30,21:00,,,"스테이크샐러드, 까르보나라"
바다바라,,,,,09:00,20:00,09:00,20:00,,,"생크림딸기몽블랑, 한라봉에이드"
후카후카,,,,,11:00,16:30,11:00,17:30,,,"히레카츠, 마제소바, 사케동"
어왔니,,,,,17:00,23:00,17:00,23:00,,,"해산물모듬, 참돔회"
홉히,,,,,11:00,17:00,11:00,17:00,,,크림커피
레몬뮤지엄,,,,,09:30,18:00,09:30,18:00,,,"제주찐레몬에이드, 제주레몬아이스크림"
서귀포목마,,,,,12:00,21:00,12:00,21:00,,,"말고기구이, 말육회"
애월연어 본점,,,,,11:00,21:00,11:00,21:00,,,"애월연어한판, 애월모둠초밥"
제주도 고기국수 만세국수,,,,,00:00,00:00,00:00,00:00,,,"고기국수, 멸치국수, 멸고국수, 국밥, 고기국밥, 따로국밥 "
동진식당 공항점,,,,,08:30,18:30,08:30,18:30,,,"고사리육개장, 고기국수, 돔베고기"
화양양,,,,,15:00,23:00,15:00,23:00,,,"프랜치랙, 양 양념목살"
곱은달,,,,,10:30,15:00,10:30,15:00,,,"고기국밥, 고기국수, 순대, 수육"
제주미담,,,,,09:00,21:30,09:00,21:30,,,"고기국수, 멸치국수, 찹쌀순대, 아강발"
쿸쿸제과,,,,,11:00,20:00,11:00,20:00,,,"바닐라 약과쥐, 허니벌집, 옥수수퐁당"
자연과 사람들 밀면,,,,,11:00,18:00,11:00,18:00,,,"물밀면, 비빔밀면, 수제떡갈비"
노형수산시장,y,y,,,11:30,23:00,11:30,23:00,,,"회정식, VIP씨온세트, 대방어, 특방어, 황금광어"
예원,,,,,11:00,16:00,11:00,16:00,,,"쌈밥정식, 접짝뼈국"
휴즐리 제주,,,,,10:00,20:50,10:00,20:50,,,"젤라봉, IM현무"
정미당 제주,,,,,09:30,20:00,09:30,20:00,,,"무근성 우유식빵, 무화과깜빠뉴, 쫀쫀감자치아바타"
트라인커피,n,,,,11:00,17:00,11:00,17:00,,,"크림롱블랙, 하겐다즈 아몬드 아포가토"
제주만주,y,n,n,,09:00,18:00,09:00,18:00,,,"제주의밤, 우도땅콩, 제주녹차"
돈블링65,y,y,n,,13:00,22:00,13:00,22:00,,,"폭탄계란찜,수제불냉면,누룽지멜젓볶음밥"
연동돌담흑돼지,,,,,11:00,02:00,11:30,02:00,,,"흑돼지 뼈삼겹, 숄더랙"
홀그레인머스타드,,,,,09:00,00:00,09:00,00:00,,,"칠리 핫도그, 치킨 핫도그, 당근라페 치킨 샐러드, 칠리 나초, 칠리 프라이"
안빵,,,,,10:00,18:30,10:00,18:30,,,"악어소금빵, 딸기 크로와상"
애월당 애월제과,,,,,10:30,20:30,10:30,20:30,,,"현무암라떼, 애월돌크림빵, 하카롱"
동강,,,,,11:00,20:30,11:00,20:30,,,"짜장면, 탕수육"
오크라,,,,,12:00,20:00,12:00,20:00,,,돈까스뷔페
함덕수산시장,y,y,n,,12:00,22:00,12:00,22:00,,,"회, 모듬회, 물회, 모듬물회, 특별어종모"
미풍해장국 본점,,,,,05:30,15:00,05:30,15:00,,,"해장국, 수육"
부촌,,,,,10:30,21:00,10:30,21:00,,,갈치조림정식
소문난 순대족발,,,,,11:00,20:00,11:00,20:00,,,"순대, 족발"
제주소담,,,,,09:00,22:00,09:00,22:00,,,댕유자차
바다해찬,,,,,10:00,21:45,10:00,21:45,,,"해찬세트, 모듬회"
충민정,,,,,10:30,20:00,10:30,20:00,,,통갈치구이
우호적무관심,,,,,10:00,17:00,10:00,17:00,,,"크로와상 샌드위치, 한라봉 에이드"
항구식당,,,,,08:00,21:00,08:00,21:00,,,"고등어회, 방어회"
몽땅 신화월드점,,,,,11:00,16:00,11:00,16:00,,,"제주도 돈까스, 롤치즈돈까스, 보말크림파스타"
협재해물라면쪼꼴락상회,,,,,10:00,21:00,10:00,21:00,,,해물라면
통나무횟집,,,,,09:00,22:00,09:00,22:00,,,고등어회
그랜마스 서귀포 신시가지점,,,,,08:30,19:30,08:30,19:30,,,클럽샌드위치
나인브로스커피,,,,,10:00,18:30,10:00,18:30,,,"드립커피, 아인슈페너"
도두항식당,,,,,08:00,16:00,08:00,16:00,,,접짝뼈놈삐국
올레 흑돼지 김치말이,,,,,16:00,21:00,16:00,21:00,,,흑돼지 김치말이
브라보비치,y,y,,,09:30,18:30,09:30,18:30,,,"약과쿠키, 소금빵"
신창흑돼지두루치기,,,,,10:00,21:30,10:00,21:30,,,흑돼지두루치
김영미재첩해장국,,,,,08:00,15:00,08:00,15:00,,,"재첩국, 닭곰탕"
도치돌한우숯불,,,,,09:00,21:00,09:00,21:00,,,"한우구이, 한우특수부위"
봄벳,,,,,10:30,18:30,10:30,18:30,,,"카모마일, 스트로베리피넛쿠키"
둘레길 서귀포중문본점,,,,,10:00,21:30,10:00,21:30,,,제주 흑돼지 오믈렛
내고향해장국,,,,,06:00,15:00,06:00,15:00,,,해장국
바이러닉 에스프레소바 제주점,,,,,09:00,21:00,09:00,21:00,,,바이러닉 푸딩
모슬포제빵소,,,,,08:00,21:00,08:00,21:00,,,"대정마농바게트, 대정지슬빵"
형제도식당본점,,,,,10:00,21:00,10:00,21:00,,,"통갈치구이, 통갈치조림"
행복밀,,,,,09:30,20:30,09:30,20:30,,,"마늘바게트, 녹차맘모스"
제니의 정원,,,,,10:00,19:00,10:00,19:00,,,"리코타치즈샐러드와바게트, 제니스프렌치토스트, 대하올리브오일파스타, 핫앤스윗치킨파니니"
성산일출봉 아시횟집,,,,,07:00,23:00,07:00,23:00,,,시그니처 회 세트
제주등뼈가,,,,,00:00,00:00,00:00,00:00,,,우거지 감자탕
와흘밥상,,,,,07:00,19:00,07:00,19:00,,,"전복해물뚝배기, 몸국"
표선우동가게,,,,,11:20,20:20,11:20,20:20,,,규니꾸가케우동
오름나그네,,,,,10:00,15:00,10:00,15:00,,,보말칼국수
김재훈고사리육개장,,,,,08:00,15:00,08:00,15:00,,,고사리육개장
애월당 제주공항점,,,,,10:00,20:00,10:00,20:00,,,돌크림빵
메종드쁘티푸르 노형점,y,y,,,09:00,22:00,09:00,22:00,,,"제주한치토마토파스타, 흑돼지고추장로제파스타"
애월전분공장,,,,,10:00,18:00,10:00,18:00,,,"플랫화이트, 카페라떼"
제주선채향,,,,,11:00,16:00,11:00,16:00,,,전복칼국수
옛날 홍가네 칼국수,,,,,10:00,21:00,10:00,21:00,,,닭칼국수
바다보는날,,,,,10:00,14:00,10:00,14:00,,,"해물듬뿍라면, 문어전복라면"
새벽야시장,,,,,13:00,23:00,13:00,23:00,,,"고등어회, 딱새우회"
엘리사,,,,,12:00,17:00,12:00,17:00,,,엘리사쿠키
제원칼집,,,,,12:00,05:00,12:00,05:00,,,칼집삼겹살
제주어멍통갈치,,,,,09:00,21:00,09:00,21:00,,,문어전복통갈치조림
정육도제주본점,y,y,n,,11:30,22:00,11:30,22:00,,,소 우대갈비
랜디스도넛 제주애월점,,,,,09:30,18:30,09:30,18:30,,,글레이즈도넛
본돈,,,,,16:00,22:00,16:00,22:00,,,흑돼지 오겹살
너븐,,,,,10:00,21:00,10:00,21:00,,,너븐라떼
달인회센타,,,,,11:00,22:00,11:00,22:00,,,"활어회, 매운탕"
풍년식당,,,,,07:00,17:00,,,,,보말칼국수
플랏포커피,,,,,08:00,18:30,08:00,18:30,,,플랫화이트
귤하르방구좌점,,,,,09:30,21:30,09:30,21:30,,,귤하르빵
부커피,,,,,09:00,19:00,09:00,19:00,,,아이스크림 크로플
달자카페,,,,,09:30,21:00,09:30,21:00,,,
회춘,y,n,,,10:30,21:30,10:30,21:30,,,"회춘비빔밥정식, 회춘정식"
샤오츠,y,n,,,11:00,20:00,11:00,20:00,,,"홍탕 우육면, 상탕 우육면, 국물탄탄면, 샤오마이 딤섬"
화고 흑돼지 신시가지점,,,,,11:00,00:00,11:00,00:00,,,숙성 흑돼지 근고기
제주예찬,,,,,09:00,21:00,09:00,21:00,,,은갈치구이한상
시종일관,n,,,,10:00,18:00,10:00,18:00,,,"옥수수 크림커피, 후르츠더치베이비"
오후새우시,,,,,10:00,19:00,10:00,19:00,,,와사마요게살김밥
카페모레,,,,,10:10,22:00,10:10,22:00,,,프렌치토스트세트
먹돌 제주본점,,,,,08:00,20:00,08:00,20:00,,,고기국수
사일리커피,,,,,10:00,18:00,10:00,18:00,,,사일리커피
숙성도 함덕점,,,,,12:00,22:00,12:00,22:00,,,"960뼈등심, 720뼈목살"
제주 중문흑돼지 초풍,y,y,y,,11:00,23:00,11:00,23:00,,,"흑돼지, 점심특선"
놀놀플레이그라운드카페,y,n,,,09:30,19:00,09:30,19:00,,,"한라봉차, 보이차, 테린느"
기원 은갈치,,,,,10:00,22:00,10:00,22:00,,,통갈치조림
천짓골식당,,,,,17:10,21:30,17:10,21:30,,,돔베고기
올레시장 치즈마농랍스터,,,,,11:30,22:00,11:30,22:00,,,치즈마늘랍스터구이
집의기록상점,,,,,13:00,17:00,13:00,17:00,,,에그타르트
그계절,y,n,,,11:00,17:30,11:00,17:30,,,"바질토스트, 여름방학, 밀크티"
티나케이크,y,y,,,10:00,20:00,10:00,20:00,,,"당근케이크, 크레이프케이크, 계절케이크"
수눌음,,,,,11:00,21:30,11:00,21:30,,,"모듬회세트, 고등어세트"
스퐁스퐁,,,,,11:00,20:00,11:00,20:00,,,흑돼지 라자냐
달치즈,,,,,10:30,21:30,10:30,21:30,,,카이막&피데빵 세트
소보리당로222,n,,,,12:00,18:00,12:00,18:00,,,"팥인절미티라미수, 약과아포가토"
단당류,,,,,10:00,19:00,10:00,18:00,,,제주보리개역라떼
도도름,,,,,07:00,00:00,07:00,00:00,,,"육쪽마늘빵, 쑥떡쑥떡"
73st,,,,,10:00,19:00,10:00,19:00,,,
추억의분식,,,,,09:00,21:00,09:00,21:00,,,모닥치기
씨네라운지 더 코브,,,,,08:30,21:00,08:30,21:00,,,
메쉬커피,,,,,08:00,17:00,08:00,17:00,,,"크림소다에이드, 알롱제"
덴드리,,,,,10:00,18:30,10:00,18:30,,,"덴드리 청귤라뗴, 바클라바"
장모식탁,,,,,09:00,20:30,09:00,20:30,,,"전복돌솥밥, 곤드레돌솥밥"
루스트플레이스 외도점,,,,,11:00,21:50,11:00,21:50,,,
카페말로,y,y,,,11:00,18:00,11:00,18:00,,,말로나라떼
성산 호랑호랑,y,n,,,08:00,22:00,08:00,22:00,,,"수제홍차라떼, 단호박라떼, 광치기커피"
너는파라다이스길리,,,,,12:00,18:00,12:00,18:00,,,
오만과자점,,,,,11:00,19:00,11:00,19:00,,,"우도땅콩로쉐 쿠키, 로투스스모어 쿠키"
장수물식당,,,,,09:00,19:30,09:00,19:30,,,"고기국수, 돔베고기"
카페신상,,,,,10:00,18:00,10:00,18:00,,,카이막 허니스콘
르바게트,,,,,09:00,15:00,09:00,15:00,,,바게트
지지지제주흑돼지,y,y,y,,11:30,22:30,11:30,22:30,,,"제주흑돼지된장찌개,김치찌개,한우육회"
비양놀,,,,,11:00,20:00,11:00,20:00,,,한라봉스콘
귤꽃다락,,,,,11:00,18:40,11:00,18:40,,,"청귤무스케이크, 귤라떼"
오드씽,,,,,10:00,22:00,10:00,22:00,,,"뭉개오일파스타, 제주고사리오일파스타"
리썸커피,,,,,11:00,17:00,11:00,17:00,,,"구겔호프, 크림라떼"
하소로커피,,,,,10:00,18:00,10:00,18:00,,,스페셜티 핸드드립
제주할망밥상,,,,,09:00,20:00,09:00,20:00,,,모듬생선구이정식
바끄레카페,,,,,08:00,17:00,08:00,17:00,,,"커피, 레몬에이드"
동복뚝배기,,,,,09:00,21:00,09:00,21:00,,,"통갈치구이, 갈치조"
카페 1950,,,,,09:00,21:00,09:00,19:00,,,"어승생, 새별노을"
나이체,,,,,08:00,17:00,10:00,17:00,,,나이체라떼
고래콩물 이도점,,,,,10:00,21:00,10:00,21:00,,,"강원도 순두부, 콩국수"
포차,y,y,,요청시 제공,07:00,01:00,07:00,01:00,,,"한식, 해물라면, 김치전, 막걸리, 고기국수, 햄버거, 치킨, 덮밥"
회심,,,,,11:00,17:00,11:00,17:00,,,"고등어참깨소바, 누룩연어덮밥"
시루애월,,,,,08:30,17:00,08:30,17:00,,,"브런치, 토마토스튜, 까르보나라"
텐동아우라,,,,,10:30,19:40,10:30,19:40,,,"샤르르 돌문어 텐동, 아우라텐동"
애월빵공장,y,y,,,09:00,21:00,09:00,21:00,,,
조식,,,,,10:00,16:00,10:00,16:00,,,"필터커피, 조식플레이트"
플로트 제주,y,,,,08:00,19:00,08:00,19:00,,,
함덕빵명장,,,,,08:30,21:30,08:30,21:30,,,"팡도르, 몽블랑"
꼬스뗀뇨,,,,,10:00,18:00,10:00,18:00,,,"잠봉갈레트, 코코넛커피"
오라방라운지,,,,,10:00,22:00,10:00,22:00,,,오라방까망수제수시지
늘소담,,,,,09:00,21:00,09:00,21:00,,,"제주바당물회국수, 흑돼지홍국수"
달팽이식당,,,,,11:00,15:30,11:00,15:30,,,"청국장, 석쇠구이"
오또도넛,y,y,,,08:00,18:00,08:00,18:00,,,"글레이즈 도넛, 제주청귤도넛"
두루김밥,y,y,,,06:00,19:30,05:00,13:30,,,"고추참치김밥, 멸추김밥, 돈까스김밥"
짱구분식,,,,,12:00,21:00,12:00,21:00,,,모닥치기
스쿠버스,,,,,11:00,19:00,11:00,19:00,,,"짜장면케이크, 옥돔빙수, 고등어빙수"
용림식당,,,,,12:00,22:00,12:00,22:00,,,
엠에이티(MAT),,y,,,18:00,22:00,18:00,22:00,,,
말고기연구소,,,,,10:00,22:00,10:00,22:00,,,
전복마시문어마시,,,,,10:00,20:40,10:00,20:40,,,돌문어 전복구이
마노아,,y,,,10:00,19:00,10:00,19:00,,,"당근스프, 피자"
명호마농갈비 본점,,y,,,13:00,23:00,13:00,23:00,,,한우갈비
명호마농갈비 중문점,,y,,,12:00,22:00,12:00,22:00,,,한우갈비
88돼지,,,,,16:00,05:00,16:00,05:00,,,흑돼지근고기
바다어멍,y,y,y,,07:00,22:00,07:00,22:00,,,"갈치구이, 갈치조림, 전복"
황금손가락 노형점,y,y,,,11:00,21:00,11:00,21:00,,,"모듬초밥, 특초밥, 황금초밥"
함덕면장,y,y,n,,10:30,20:30,10:30,20:30,,,칼국수
오지힐 제주,,,,,10:30,20:00,10:30,20:00,,,"제주 파블로바, 플랫화이트, 필터커피"
돗토리,,,,,11:30,19:00,11:30,19:00,,,"파래시오빵, 부추프레즐"
삼도제과,,,,,10:00,21:00,10:00,21:00,,,"쫀득모찌, 앙버터, 올리브치즈치아바타"
임성교자,,,,,11:00,20:30,11:00,20:30,,,"새우 쇼마이, 고기 쇼마이, 군만두"
JUDY,,,,,11:00,17:40,11:00,17:40,,,"우도땅콩크림라떼, 초당옥수수라떼"
떼레노,,,,,12:00,23:00,12:00,23:00,,,
함덕 수산시장,y,y,n,,12:00,22:00,12:00,22:00,,,회 물회 등
메밀꽃제주,,,,,10:30,15:00,10:30,15:00,,,"메밀물막국수, 메밀비빔막국수"
카페방주,,,,,09:00,18:00,09:00,18:00,,,"제주감귤라떼, 한라봉착즙주스"
팀블로우,,,,,08:00,20:00,08:00,20:00,,,"에스프레소 그라니따, 커스터드 크림 라떼"
다정이네김밥 서귀포신시가지점,,,,,07:30,20:00,07:30,20:00,,,"다정이네김밥, 라면, 전복갈치튀김, 양파청양고추지김밥"
돔베보이 중문점,,,,,11:00,22:00,11:00,22:00,,,"편백돔베세트, 수비드튀김돔베"
오른(orrrn),,,,,10:30,19:00,10:30,19:00,,,"곰돌이우유, 오른라떼, 아이스크림크러핀, 비건보늬밤파이"
제주고집,,,,,12:00,00:00,12:00,00:00,,,"흑돼지 근고기, 제주산 가브리살, 해물된장찌개, 흑돼지 김치찌개"
도주제,,,,,10:00,01:00,10:00,01:00,,,"새우말이꼬치, 마구로꼬치, 접짝뼈라멘"
런던베이글뮤지엄,,,,,08:00,18:00,08:00,18:00,,,"쪽파 프레첼 베이글, 브릭레인 샌드위치"
수리코,,,,,10:00,16:00,10:00,16:00,,,
카페 부르네,,,,,10:00,19:00,10:00,19:00,,,"귤커피, 제주 흑돼지 잠봉뵈르"
하영올레국수,,,,,08:00,20:00,08:00,20:00,,,"왕갈비국수, 고기국수"
모니카옛날통닭,,,,,16:00,23:00,16:00,23:00,,,"고추야채치킨, 후라이드치킨"
크럼블,,,,,10:00,18:00,10:00,18:00,,,"자스민 피치에이드, 휘낭시에, 스콘"
우주파,,,,,10:00,02:00,10:00,02:00,,,제주 흑돼지 풀드포크 플래터
초가헌,,,,,09:30,18:00,09:30,18:00,,,"제주 전통 기름떡, 제주 아라 딸기라떼"
맛존디국수,,,,,09:00,21:00,09:00,21:00,,,"고기국수, 순대국밥"
제주디저트카페 공존,,,,,12:00,18:00,12:00,18:00,,,"비건 야키소바 샌드, 수제 소금버터 갈레트"
도토리,,,,,10:00,18:00,10:00,18:00,,,"소금빵, 먹물소금빵, 앙버터소금빵"
제주돈카츠 동문카츠,,,,,11:00,20:00,11:00,20:00,,,"현무암흑등심카츠, 화산송이안심카츠"
친봉산장,y,y,,,11:00,22:00,11:00,22:00,,,"아이리쉬 커피, 에인절미 라떼, 가가멜스튜, 구운우유, 구운치즈, 칠리핫도그"
플레이커피랩,y,n,,,11:00,22:00,11:00,22:00,,,"인생모카, 크림라떼, 녹차슈페너, 딸기주물럭"
카페느슨,y,y,,,10:00,18:00,10:00,18:00,,,"아메리카노, 수박스무디, 천도복숭아스무디, 솔트카라멜라떼, 골드라떼, 소금빵"
황금빅버거,y,y,,,09:30,19:00,09:30,19:00,,,"황금빅버거, 피자, 돈가스, 감자튀김, 샐러드"
소소밀,y,y,,,10:00,21:00,10:00,21:00,,,"양갈비, 통버섯 그릴 샐러드"
아스쿰,y,y,,,11:00,20:30,11:00,20:30,,,"아스쿰 자몽 벵쇼, 아스쿰 블랜디드 티, 옥수수 파운드, 얼그레이 파운드"
회수다옥,y,y,,,09:30,17:30,09:30,17:30,,,
모몽더티하우스,y,y,,,08:30,17:00,11:00,16:00,,,"모몽 밀크슈페너, 소프트프레첼, 라즈베리랑데뷰, 모몽 스모어쿠키, 유자 프레시 스무디"
아우아우,y,y,,,12:00,19:00,12:00,19:00,,,"아이스크림 와플, 아메리카노, 초당옥수수밀크티"
양가형제노형,y,y,,,11:30,19:00,11:30,19:00,,,"양버거, 경버거, 어니언링, 감자튀김"
삭제요청_온더스톤펜션,,,,,,,,,,,
춤추는돼지,y,y,n,,15:00,00:00,15:00,00:00,,,"흑돼지, 백돼지, 돈마호크, 가브리살, 항정살"
우도루,,y,,,11:00,20:30,11:00,20:30,,,한라봉탕수육
검은쇠몰고오는,,,,,11:00,22:00,11:00,22:00,,,흑우
조천수산,,,,,15:00,21:00,15:00,21:00,,,생선회
혼저,y,y,n,"어린이김 서비스, 메뉴 - 계란후라이 1000원",16:30,22:30,16:30,22:30,,,고기에 혼을 담다 500g(흑돼지 목살+오겹살)
탐라칼국수,y,y,n,,06:00,20:00,06:00,20:00,,,"바지락칼국수, 얼큰칼국수, 황태콩나물국밥, 김치콩나물국밥, 조개탕, 김치 등갈비찜, 야채순대볶음, 닭볶음탕, 코다리찜, 제육볶음"
노형수산시장,y,y,y,,11:00,23:00,11:00,23:00,,,"회정식, VIP씨온세트, 대방어, 특방어, 황금광어"
탐라칼국수,y,y,n,,06:00,20:00,06:00,20:00,,,"바지락칼국수, 얼큰칼국수, 황태콩나물국밥, 김치콩나물국밥, 조개탕, 김치 등갈비찜, 야채순대볶음, 닭볶음탕, 코다리찜, 제육볶음"
브로콜리지,y,n,n,,09:00,18:20,09:00,18:20,,,흑돼지 400 돈가스
취하도,,,,,12:00,19:00,,,,,
오팬파이어 (OhPanFire),,y,y,,11:00,20:00,11:00,20:00,,,"한우빠에야, 한치먹물빠에야, 제주바다뻬야, 게딱블빠에야"
마이플레이그라운드,y,y,n,,11:00,18:00,11:00,18:00,,,"아메리카노,아인슈페너,판제로티,롤도그"
담소요,,,,,09:00,17:30,,,,,"시그니처 밀크티, 감귤주스, 바닐라라떼, 바스크 치즈케잌, 단호박파이"
퍼블릭,y,y,n,,18:00,02:00,18:00,02:00,,,페퍼로니 피자
갈치바다 애월점,y,y,y,,10:00,22:00,10:00,22:00,,,"순살갈치조림, 통갈치구이 한상차림"
돌갱이네집,y,y,n,,08:00,21:00,08:00,21:00,,,"고등어구이, 해물파전, 문어숙회, 성게미역국, 딱새우회, 옥돔구이, 전복죽, 해물뚝배기, 해물라면"
화산 제주신화월드점,,y,y,,12:00,23:00,12:00,23:00,,,"화성숙성육, 모둠, 훈연구이"
라마단 할랄 레스토랑,y,y,y,,09:00,23:00,09:00,23:00,,,
영국찻집,,,,,11:00,18:00,11:00,18:00,,,"밀크티, 스콘, 잠봉뵈르 "
애월 전당포,,,,,11:00,18:00,,,,,"핸드드립커피, 제주보리개역, 필름카메라 대여, 현상인화"
[기존 콘텐츠 있음] 화산 제주신화월드,,y,n,,12:00,23:30,12:00,23:30,,,화산 숙성육 모둠
성심조림-제주공항,y,y,y,,10:00,22:00,10:00,22:00,,,제주마농갈치조림
별돈별 정원,y,n,n,유아 식기,12:00,22:00,12:00,22:00,,,물결흑돼지오겹살
킷사핫피엔도,,,,,11:30,20:30,,,,,"반숙오므라이스, 함바그스테이크, 나폴리탄 스파게티, 크림소다"
영아리(youngari),y,n,n,,10:00,19:00,10:00,19:00,,,"Brunch Set , 어썸피치라떼/에이드"
한라산아래첫마을 영농조합법인,y,n,n,,10:30,18:30,10:30,18:30,,,메밀냉면
제주복진 함덕,y,y,n,,10:30,21:30,10:30,21:30,,,샤브샤브
갈치바다,y,y,n,,10:00,21:30,10:00,21:30,,,갈치
미르오메기떡,,,,,07:30,18:30,07:30,18:30,,,
모르는곳 제주 혼술바,n,y,n,,20:00,04:00,20:00,04:00,,,
제주 초밥공장,y,n,n,,11:30,20:30,11:30,20:30,,,오늘의 초밥
담담샤브 신제주점,y,y,y,,11:00,21:30,11:00,21:30,,,제주산 돼지 목심 샤브샤브
오뷔아이스크림,y,y,n,,12:00,21:00,12:00,19:00,,,수제아이스크림
다인숯불갈비,y,y,y,유아식기 및 국 ,15:00,00:00,15:00,00:00,,,"숯불 양념갈비, 생갈비, 네모항정살, 네모가브리살, 네모갈매기살 "
백가네제주한상,y,y,n,,08:00,21:30,08:00,21:30,,,갈치 및 정식
엉덩물횟집,y,y,y,,11:00,22:00,11:00,22:00,,,횟집
초밥공장,y,n,n,없음,11:30,20:30,11:30,20:30,,,오늘의 초밥 12피스
쿡지니어,,y,,,11:00,19:00,11:00,19:00,,,바베큐플래터
고추냉이식당,y,n,n,,11:00,15:00,11:00,15:00,,,"치즈카츠, 돈카츠, 딱새우장덮밥"
오직너마늘,y,y,n,,10:30,15:30,10:30,15:30,,,"파스타, 스테이크, 필라프, 리조또 코스요리"
무 히어,y,n,n,,10:00,18:00,10:00,18:00,,,"커피, 티, 미숫가루"
이이공공,y,n,,,10:00,18:30,10:00,18:30,,,
카페 파파스브로트 제주,y,y,n,키즈 룸,08:00,21:00,08:00,21:00,,,"브런치, 베이커리"
서귀포혼술바 제주아홉 올레시장점,n,y,n,,20:00,04:00,20:00,04:00,,,
제주한잔 동문시장점,y,y,n,,15:00,23:00,15:00,23:00,,,"딱새우어묵매콤떡볶이, 치즈나쵸, 제주식찬수육, 흑돼지족발, 풋귤후추감자전 등"
한라원 제주신화월드점,,y,y,,11:00,23:00,11:00,23:00,,,"짚불훈연구이, 짚불훈연양념갈비, 묵은지찜, 제육쌈밥, 김치찌개, 고등어구이, 된장찌개, 어린이돈가스, 뼈다귀해장국, 돌솥비빔밥, 물냉면, 비빔냉면"
리틀슬로우,y,n,n,,08:00,17:00,08:00,17:00,,,
카페 에벤에셀,y,y,n,,10:00,18:00,10:00,18:00,,,
농업회사법인 한울제주 주식회사,,,,,10:00,18:00,00:00,00:00,,,오메기떡
콜린 제주점,y,y,n,,10:00,19:30,10:00,19:30,,,"홍시빙수, 팬케이크, 제주산 애플망고 빙수, 한라봉크림라떼"
르방게장,y,y,n,,11:00,22:00,11:00,22:00,,,간장게장
모살왓가든,y,y,y,,10:00,22:00,10:00,22:00,,,"삼계탕, 톳돌솥밥"
카페산들랑,y,,,,09:30,16:00,00:00,00:00,,,"커피,음료,디저트"
제주흑우,,,,,11:00,22:00,11:00,22:00,,,
슬로우스타터(Slow Starter),y,y,n,"보드게임, 책 등",09:00,16:30,09:00,16:30,,,"소금빵, 말차, 호지차, 커피"
탄스왈로키친&카페,y,y,n,,08:00,19:30,08:00,19:30,,,"특허 정낭빵, 초코릿, 한우뚝배기, 전복죽, 황태해장국, 다양한음료"
미스터밀크 송당,y,n,n,유아의자,09:00,20:00,09:00,20:00,,,"제주산 우유 아이스크림, 제주산 우유아이스크림 라떼, 딸기우유쉐이크, 유기농 그릭 요거트, 샐러드피자, 트리플치즈브레드, 카프레제 베이글"
알프스제주,y,,,,10:30,17:30,10:30,17:30,,,
남경어곰탕 제주공항본점,,y,,,08:00,21:00,08:00,21:00,,,
트래블러 와인카페,,,,,17:00,00:00,17:00,00:00,,,
꿈에그린짜장,,,,,10:00,20:00,10:00,20:00,,,
더해장 중문본점,y,y,y,,07:00,20:00,07:00,20:00,,,소목뼈 해장국
예원이네은갈치조림 제주중문본점,y,y,n,,06:30,22:00,06:30,22:00,,,갈치조림
제주할망밥상 모슬포점,y,y,n,,09:00,20:00,09:00,20:00,,,
제주할망밥상 애월점,y,y,n,,09:00,21:00,09:00,21:00,,,
대들보 서귀포본점,y,y,n,,10:00,19:00,10:00,18:00,,,
제주할망밥상 차귀도점,y,y,n,,09:00,20:00,09:00,20:00,,,
메로식당 제주시청본점,,,,,07:30,21:00,08:00,15:00,,,
성산일출봉손칼국수,y,y,n,,07:00,19:00,07:00,19:00,,,보말전복칼국수 문어해물칼국수보말전복죽 한치해물전
제주게러지바 ,y,y,n,,13:00,23:30,13:00,23:30,,,"순살치킨, 게러지 망고 볼 "
베이커리온유,y,y,n,,08:00,21:00,08:00,21:00,,,"베이커리, 디저트, 케이크"
