episodeNumber,episodeLabel,uploadDate,videoTitle,videoUrl,contentType,restaurantId,restaurantName,country,region,address,category,representativeMenu,menusAndPrices,lat,lng,phone,operationStatus,operationSummary,weeklyHours,kakaoPlaceId,placeUrl,rating,reviewCount,facilities,officialDescriptionAddress,verification,notes
1,1화,2022-03-11,[sub] 성시경의 먹을텐데 l 대성집 도가니탕,https://www.youtube.com/watch?v=wu1fOmsPEr8,restaurant,mogeultende_c1077a62c915,대성집,대한민국,서울 종로구,서울 종로구 사직로 5,국밥,도가니탕,"도가니탕 13,000원 | 도가니탕 (특) 17,000원 | 해장국 7,000원 | 수육 30,000원",37.57270496,126.96088845,02-735-4259,영업 전,10:30 오픈,수 10:30 ~ 20:00 / 14:30 ~ 17:00 브레이크타임 | 목 10:30 ~ 20:00 / 14:30 ~ 17:00 브레이크타임 | 금 10:30 ~ 20:00 / 14:30 ~ 17:00 브레이크타임 | 토 10:30 ~ 19:00 / 14:30 ~ 17:00 브레이크타임 | 일 휴무일 | 월 10:30 ~ 20:00 / 14:30 ~ 17:00 브레이크타임 | 화 10:30 ~ 20:00 / 14:30 ~ 17:00 브레이크타임,24448306,https://place.map.kakao.com/24448306,4.2,578,"{""reservation"":false,""delivery"":false,""accessible"":true,""takeout"":true,""parking"":true,""pets"":false,""wifi"":false}",서울 종로구 행촌동 209-35 (서울 종로구 사직로 5),official_description,
2,2화,2022-03-17,[sub] 성시경의 먹을텐데 l 어머니 대성집 해장국,https://www.youtube.com/watch?v=28pXe1a9yrA,restaurant,mogeultende_7f5b1324c28c,어머니대성집,대한민국,서울 동대문구,서울 동대문구 왕산로11길 4,해장국,해장국,"해장국 14,000원 | 육회비빔밥 17,000원 | 육회 35,000원 | 소고기수육 40,000원",37.57741837,127.02858467,02-923-1718,영업 중,24시간 영업,수 00:00 ~ 24:00 / 15:00 ~ 18:00 브레이크타임 | 목 00:00 ~ 24:00 / 15:00 ~ 18:00 브레이크타임 | 금 00:00 ~ 24:00 / 15:00 ~ 18:00 브레이크타임 | 토 00:00 ~ 24:00 / 15:00 ~ 18:00 브레이크타임 | 일 00:00 ~ 15:00 | 월 18:00 ~ 24:00 | 화 00:00 ~ 24:00 / 15:00 ~ 18:00 브레이크타임,907979960,https://place.map.kakao.com/907979960,3.4,637,"{""reservation"":true,""delivery"":false,""accessible"":false,""takeout"":true,""parking"":true,""pets"":false,""wifi"":true}",서울 동대문구 왕산로11길 4 (용두동 232-26),official_description,
3,3화,2022-03-25,[sub] 성시경의 먹을텐데 l 약수 순대국,https://www.youtube.com/watch?v=p52CSWUXQMk,restaurant,mogeultende_8cf850d13d0f,약수순대국,대한민국,서울 중구,서울 중구 동호로7길 14,순대,순대국(보통),"순대국(보통) 12,000원 | 순대국(특) 14,000원 | 머릿고기 30,000원",37.55328275,127.01080322,02-2236-5926,영업 전,10:00 오픈,수 10:00 ~ 19:30 / 19:00 라스트오더 | 목 10:00 ~ 19:30 / 19:00 라스트오더 | 금 10:00 ~ 19:30 / 19:00 라스트오더 | 토 10:00 ~ 19:30 / 19:00 라스트오더 | 일 휴무일 | 월 10:00 ~ 19:30 / 19:00 라스트오더 | 화 10:00 ~ 19:30 / 19:00 라스트오더,13499817,https://place.map.kakao.com/13499817,3.1,393,"{""reservation"":false,""delivery"":false,""accessible"":false,""takeout"":true,""parking"":false,""pets"":false,""wifi"":true}",서울 중구 다산로8길 7 (신당동 368-77),official_description,
4,4화,2022-04-01,[sub] 성시경의 먹을텐데 l 화목 순대국,https://www.youtube.com/watch?v=DpGJEDKsf1o,restaurant,mogeultende_dfdecd83b7c9,화목순대국,대한민국,서울 영등포구,서울 영등포구 여의대방로 383,순대,순대국,"순대국 11,000원 | 내장탕(특) 12,000원 | 내장탕 11,000원 | 순대탕 11,000원",37.51925139,126.93129172,02-780-8191,영업 전,10:30 오픈,수 10:30 ~ 22:00 / 14:30 ~ 17:00 브레이크타임 | 목 10:30 ~ 22:00 / 14:30 ~ 17:00 브레이크타임 | 금 10:30 ~ 22:00 / 14:30 ~ 17:00 브레이크타임 | 토 10:30 ~ 22:00 / 14:30 ~ 17:00 브레이크타임 | 일 휴무일 | 월 10:30 ~ 22:00 / 14:30 ~ 17:00 브레이크타임 | 화 10:30 ~ 22:00 / 14:30 ~ 17:00 브레이크타임,21423297,https://place.map.kakao.com/21423297,3.6,1731,"{""reservation"":true,""delivery"":false,""accessible"":false,""takeout"":true,""parking"":false,""pets"":false,""wifi"":false}",서울 영등포구 여의대방로 383 경도상가 1층 (여의도동 44-14 1F),official_description,
5,5화,2022-04-05,성시경의 먹을텐데 l 신미식당 감자탕,https://www.youtube.com/watch?v=a4IFiQUf3D4,restaurant,mogeultende_1c687615786c,신미식당,대한민국,서울 강남구,서울 강남구 압구정로 214,"육류,고기",순두부,"순두부 9,000원 | 제육볶음 11,000원 | 감자탕 11,000원 | 된장찌개 9,000원",37.52793499,127.03087366,02-516-4900,영업 전,11:00 오픈,수 11:00 ~ 22:00 / 15:00 ~ 17:00 브레이크타임 | 목 11:00 ~ 22:00 / 15:00 ~ 17:00 브레이크타임 | 금 11:00 ~ 22:00 / 15:00 ~ 17:00 브레이크타임 | 토 휴무일 | 일 11:00 ~ 22:00 / 15:00 ~ 17:00 브레이크타임 | 월 11:00 ~ 22:00 / 15:00 ~ 17:00 브레이크타임 | 화 11:00 ~ 22:00 / 15:00 ~ 17:00 브레이크타임,11892123,https://place.map.kakao.com/11892123,4,206,"{""reservation"":true,""delivery"":false,""accessible"":false,""takeout"":false,""parking"":true,""pets"":false,""wifi"":false}",서울 강남구 압구정로 214 현대종합상가빌딩 1층,official_description,
6,6화,2022-04-08,[sub] 성시경의 먹을텐데 l 신당 중앙시장 습격사건,https://www.youtube.com/watch?v=QakFqXFK2Xs,restaurant,mogeultende_950ce20b716e,옥경이네건생선,대한민국,서울 중구,서울 중구 퇴계로85길 7,"해물,생선",갑오징어 구이 (소),"갑오징어 구이 (소) 39,000원 | 우럭젓국 (소) 40,000원 | 아귀탕 (소) 40,000원 | 애호박두부젓국 (소) 25,000원",37.56609471,127.0195365,02-2233-3494,영업 전,13:00 오픈,수 13:00 ~ 01:00 / 23:40 라스트오더 | 목 13:00 ~ 01:00 / 23:40 라스트오더 | 금 13:00 ~ 01:00 / 23:40 라스트오더 | 토 13:00 ~ 01:00 / 23:40 라스트오더 | 일 13:00 ~ 01:00 / 23:40 라스트오더 | 월 휴무일 | 화 13:00 ~ 01:00 / 23:40 라스트오더,27584176,https://place.map.kakao.com/27584176,3.3,1060,"{""reservation"":false,""delivery"":false,""accessible"":false,""takeout"":true,""parking"":false,""pets"":false,""wifi"":true}",서울 중구 퇴계로85길 7 (황학동 723-2),official_description,
6,6화,2022-04-08,[sub] 성시경의 먹을텐데 l 신당 중앙시장 습격사건,https://www.youtube.com/watch?v=QakFqXFK2Xs,restaurant,mogeultende_5c66c8ef9dec,산전,대한민국,서울 중구,서울 중구 퇴계로85길 27,일본식주점,수제어묵(3P),"수제어묵(3P) 15,000원 | 어묵탕 25,000원 | 골뱅이무침 25,000원 | 아귀포 15,000원",37.56699661,127.01952202,,영업 전,16:00 오픈,수 16:00 ~ 24:00 | 목 16:00 ~ 24:00 | 금 16:00 ~ 24:00 | 토 16:00 ~ 24:00 | 일 16:00 ~ 24:00 | 월 16:00 ~ 24:00 | 화 16:00 ~ 24:00,467516178,https://place.map.kakao.com/467516178,2.5,25,"{""reservation"":false,""delivery"":false,""accessible"":false,""takeout"":false,""parking"":false,""pets"":false,""wifi"":false}",서울특별시 중구 퇴계로85길 27 (황학동 348),official_description,
6,6화,2022-04-08,[sub] 성시경의 먹을텐데 l 신당 중앙시장 습격사건,https://www.youtube.com/watch?v=QakFqXFK2Xs,restaurant,mogeultende_398a828545bb,영미식당,대한민국,서울 중구,서울 중구 퇴계로83길 10-14,한식,갈치조림,"갈치조림 26,000원 | 제육볶음 (1인) 10,000원 | 조기찌개 20,000원 | 동태찌개 18,000원",37.56602361,127.01903958,02-2234-8087,영업 전,10:00 오픈,수 10:00 ~ 22:00 / 15:00 ~ 16:00 브레이크타임 | 목 10:00 ~ 22:00 / 15:00 ~ 16:00 브레이크타임 | 금 10:00 ~ 22:00 / 15:00 ~ 16:00 브레이크타임 | 토 10:00 ~ 22:00 / 15:00 ~ 16:00 브레이크타임 | 일 휴무일 | 월 10:00 ~ 22:00 / 15:00 ~ 16:00 브레이크타임 | 화 10:00 ~ 22:00 / 15:00 ~ 16:00 브레이크타임,23965143,https://place.map.kakao.com/23965143,3.2,54,"{""reservation"":false,""delivery"":false,""accessible"":false,""takeout"":false,""parking"":false,""pets"":false,""wifi"":false}",서울 중구 퇴계로83길 10-19 (황학동 372),official_description,
7,7화,2022-04-15,성시경의 먹을텐데 l 경원식당 부대찌개,https://www.youtube.com/watch?v=s1ToTcCXgy0,restaurant,mogeultende_bfb1e22c3876,경원식당 본점,대한민국,경기 의정부시,경기 의정부시 둔야로49번길 21,"찌개,전골",부대찌개,"부대찌개 12,000원 | 김치찌개 12,000원",37.74027078,127.0382851,031-878-5464,영업 전,10:00 오픈,수 10:00 ~ 21:00 / 16:00 ~ 17:00 브레이크타임 / 20:30 라스트오더 | 목 10:00 ~ 21:00 / 16:00 ~ 17:00 브레이크타임 / 20:30 라스트오더 | 금 10:00 ~ 21:00 / 16:00 ~ 17:00 브레이크타임 / 20:30 라스트오더 | 토 10:00 ~ 21:00 | 일 10:00 ~ 21:00 | 월 10:00 ~ 21:00 / 16:00 ~ 17:00 브레이크타임 / 20:30 라스트오더 | 화 휴무일,10180071,https://place.map.kakao.com/10180071,3.9,487,"{""reservation"":true,""delivery"":true,""accessible"":true,""takeout"":true,""parking"":true,""pets"":false,""wifi"":true}",경기도 의정부시 둔야로49번길 21 (경기도 의정부시 의정부동 483),official_description,
8,8화,2022-04-19,성시경의 먹을텐데 l 첫 게스트와 안동국시 (GUEST.유세윤),https://www.youtube.com/watch?v=AHPEiQSyezo,restaurant,mogeultende_6d4b0160f3c4,안동국시,대한민국,서울 강남구,서울 강남구 언주로167길 46,국수,안동 국시,"안동 국시 15,000원 | 건진 국시 17,000원 | 우리밀 국시 17,000원 | 수육 (대) 54,000원",37.52659648,127.02939111,02-548-4986,영업 전,11:00 오픈,수 11:00 ~ 21:00 / 15:00 ~ 17:00 브레이크타임 | 목 11:00 ~ 21:00 / 15:00 ~ 17:00 브레이크타임 | 금 11:00 ~ 21:00 / 15:00 ~ 17:00 브레이크타임 | 토 11:00 ~ 21:00 / 15:00 ~ 17:00 브레이크타임 | 일 휴무일 | 월 11:00 ~ 21:00 / 15:00 ~ 17:00 브레이크타임 | 화 11:00 ~ 21:00 / 15:00 ~ 17:00 브레이크타임,10583440,https://place.map.kakao.com/10583440,3.3,120,"{""reservation"":false,""delivery"":false,""accessible"":false,""takeout"":false,""parking"":false,""pets"":false,""wifi"":false}",서울 강남구 언주로167길 46 (신사동 612-2),official_description,
9,9화,2022-04-25,[sub] 성시경의 먹을텐데 l 부영각 부추 복어살,https://www.youtube.com/watch?v=iPVLZhuog-g,restaurant,mogeultende_956416a15aad,부영각,대한민국,서울 마포구,서울 마포구 토정로 268,중국요리,부추복어살 (소),"부추복어살 (소) 35,000원 | 유린기 (소) 35,000원 | 잡채밥 10,000원 | 중국식냉면 15,000원",37.54251073,126.93950345,02-715-7095,영업 전,11:00 오픈,수 11:00 ~ 21:00 | 목 11:00 ~ 21:00 | 금 11:00 ~ 21:00 | 토 11:00 ~ 21:00 | 일 11:00 ~ 21:00 | 월 11:00 ~ 21:00 | 화 11:00 ~ 21:00,10470081,https://place.map.kakao.com/10470081,3.6,294,"{""reservation"":true,""delivery"":false,""accessible"":false,""takeout"":true,""parking"":true,""pets"":false,""wifi"":false}",서울 마포구 토정로 268 (용강동 494-61),official_description,
10,10화,2022-04-29,[sub] 성시경의 먹을텐데 l 성수 감자탕,https://www.youtube.com/watch?v=MAIrp4WYAx4,restaurant,mogeultende_a6263a556d67,소문난성수감자탕,대한민국,서울 성동구,서울 성동구 연무장길 45,감자탕,감자탕(대),"감자탕(대) 49,000원 | 감자국식사(뚝배기) (일반) 12,000원 | 감자탕(중) 37,000원 | 감자탕(소) 32,000원",37.54283084,127.05440458,02-465-6580,영업 중,24시간 영업,수 00:00 ~ 24:00 | 목 00:00 ~ 24:00 | 금 00:00 ~ 24:00 | 토 00:00 ~ 24:00 | 일 00:00 ~ 24:00 | 월 00:00 ~ 24:00 | 화 00:00 ~ 24:00,13289056,https://place.map.kakao.com/13289056,2.9,2651,"{""reservation"":false,""delivery"":false,""accessible"":false,""takeout"":true,""parking"":false,""pets"":false,""wifi"":true}",서울 성동구 연무장길 45 (성수동2가 315-100),official_description,
11,11화,2022-05-03,성시경의 먹을텐데 l 문천식과 육개장,https://www.youtube.com/watch?v=aliPr4O2T5s,restaurant,mogeultende_71a66beca5ef,육개옥,대한민국,서울 강남구,서울 강남구 봉은사로 167,국밥,"한우육개장, 양지온반, 한우수육, 수제동그랑땡","한우육개장 11,000원 | 양지온반 12,000원 | 막국수 8,000원 | 한우수육(소) 33,000원 | 한우수육(중) 55,000원 | 한우수육(대) 75,000원 | 수제동그랑땡 22,000원",37.50723857,127.03225627,02-516-9181,영업 전,11:00 오픈,수 11:00 ~ 22:00 / 21:00 라스트오더 | 목 11:00 ~ 22:00 / 21:00 라스트오더 | 금 11:00 ~ 22:00 / 21:00 라스트오더 | 토 11:00 ~ 22:00 / 21:00 라스트오더 | 일 11:00 ~ 22:00 / 21:00 라스트오더 | 월 11:00 ~ 22:00 / 21:00 라스트오더 | 화 11:00 ~ 22:00 / 21:00 라스트오더,1808543028,https://place.map.kakao.com/1808543028,3.5,220,"{""reservation"":false,""delivery"":false,""accessible"":false,""takeout"":false,""parking"":true,""pets"":false,""wifi"":false}",서울 강남구 봉은사로 167 (논현동 206-5),official_description,
12,12화,2022-05-06,성시경의 먹을텐데 l 가연 북어구이,https://www.youtube.com/watch?v=pGNZyAYzvD4,restaurant,mogeultende_6765e206c271,가연,대한민국,서울 강남구,서울 강남구 테헤란로51길 15,국수,손국시,"손국시 11,000원 | 북어구이 28,000원 | 호박전 16,000원 | 부추장떡 16,000원",37.50485534,127.04604403,02-566-6312,영업 전,11:30 오픈,수 11:30 ~ 21:30 / 15:00 ~ 17:00 브레이크타임 | 목 11:30 ~ 21:30 / 15:00 ~ 17:00 브레이크타임 | 금 11:30 ~ 21:30 / 15:00 ~ 17:00 브레이크타임 | 토 11:00 ~ 15:00 | 일 휴무일 | 월 11:30 ~ 21:30 / 15:00 ~ 17:00 브레이크타임 | 화 11:30 ~ 21:30 / 15:00 ~ 17:00 브레이크타임,8115170,https://place.map.kakao.com/8115170,3.7,30,"{""reservation"":true,""delivery"":true,""accessible"":false,""takeout"":true,""parking"":false,""pets"":false,""wifi"":true}",서울 강남구 테헤란로51길 15 남경선능빌딩 1층 (역삼동 704-50),official_description,
13,13화,2022-05-10,성시경의 먹을텐데 l 등골과 우개장,https://www.youtube.com/watch?v=vzq1jF3sRtY,restaurant,mogeultende_f329b0f1a87e,우정,대한민국,서울 강남구,서울 강남구 도산대로55길 23,"육류,고기",한마리 수육(중),"한마리 수육(중) 98,000원 | 한우스지된장전골 1인 27,000원 | 사골양지곰탕 18,000원 | 한우 육전 35,000원",37.52506694,127.04034125,0507-1392-1808,영업 전,11:00 오픈,수 11:00 ~ 23:00 / 15:00 ~ 17:00 브레이크타임 / 21:45 라스트오더 | 목 11:00 ~ 23:00 / 15:00 ~ 17:00 브레이크타임 / 21:45 라스트오더 | 금 11:00 ~ 22:00 | 토 11:00 ~ 23:00 / 15:00 ~ 17:00 브레이크타임 / 21:45 라스트오더 | 일 11:00 ~ 22:00 / 15:00 ~ 17:00 브레이크타임 / 21:45 라스트오더 | 월 11:00 ~ 23:00 / 15:00 ~ 17:00 브레이크타임 / 21:45 라스트오더 | 화 11:00 ~ 23:00 / 15:00 ~ 17:00 브레이크타임 / 21:45 라스트오더,1615184494,https://place.map.kakao.com/1615184494,4.3,208,"{""reservation"":true,""delivery"":false,""accessible"":false,""takeout"":false,""parking"":true,""pets"":false,""wifi"":false}",서울 강남구 도산대로55길 23 1층 우정 (청담동 85-13),official_description,
14,14화,2022-05-13,성시경의 먹을텐데 l 방화동 교동짬뽕,https://www.youtube.com/watch?v=l4bgfC2WlUY,restaurant,mogeultende_03706306a5e5,방화동교동짬뽕,대한민국,서울 강서구,서울 강서구 금낭화로24나길 21,중국요리,짬뽕,"짬뽕 10,000원 | 파밥 10,000원 | 탕수육(중) 27,000원 | 짬뽕 곱배기 12,000원",37.57725373,126.81575561,02-2665-5778,영업 전,11:00 오픈,수 11:00 ~ 19:30 / 15:30 ~ 17:00 브레이크타임 / 19:30 라스트오더 | 목 11:00 ~ 19:30 / 15:30 ~ 17:00 브레이크타임 / 19:30 라스트오더 | 금 11:00 ~ 19:30 / 15:30 ~ 17:00 브레이크타임 / 19:30 라스트오더 | 토 11:00 ~ 19:30 / 15:30 ~ 17:00 브레이크타임 / 19:30 라스트오더 | 일 11:00 ~ 19:30 / 15:30 ~ 17:00 브레이크타임 / 19:30 라스트오더 | 월 휴무일 | 화 11:00 ~ 19:30 / 15:30 ~ 17:00 브레이크타임 / 19:30 라스트오더,25858128,https://place.map.kakao.com/25858128,4.2,549,"{""reservation"":false,""delivery"":false,""accessible"":false,""takeout"":true,""parking"":true,""pets"":false,""wifi"":true}",서울 강서구 금낭화로24나길 21 이루미팰리스 101호 (방화3동 323-8),official_description,
15,15화,2022-05-17,성시경의 먹을텐데 l 이태원 버거스낵,https://www.youtube.com/watch?v=bkdYYIBe0PM,restaurant,mogeultende_eed182af0733,버거스낵,대한민국,서울 용산구,서울 용산구 녹사평대로46길 13,햄버거,더블치즈버거,"더블치즈버거 12,000원 | 치즈버거 8,000원",37.53731779,126.98762183,,영업 전,11:00 오픈,수 11:00 ~ 21:00 / 13:00 ~ 18:00 브레이크타임 | 목 11:00 ~ 21:00 / 13:00 ~ 18:00 브레이크타임 | 금 11:00 ~ 21:00 / 13:00 ~ 18:00 브레이크타임 | 토 11:00 ~ 21:00 / 13:00 ~ 18:00 브레이크타임 | 일 11:00 ~ 21:00 / 13:00 ~ 18:00 브레이크타임 | 월 11:00 ~ 21:00 / 13:00 ~ 18:00 브레이크타임 | 화 11:00 ~ 21:00 / 13:00 ~ 18:00 브레이크타임,1927045218,https://place.map.kakao.com/1927045218,4.6,29,"{""reservation"":true,""delivery"":true,""accessible"":false,""takeout"":true,""parking"":false,""pets"":true,""wifi"":true}",서울 용산구 녹사평대로46길 13 (이태원동 565),official_description,
16,16화,2022-05-20,성시경의 먹을텐데 l 희은 선배님과 히말라야 어죽,https://www.youtube.com/watch?v=mfOg_DvzijY,restaurant,mogeultende_1681d8fe90b9,히말라야 어죽,대한민국,서울 마포구,서울 마포구 도화길 20-6 (도화동 329),해산물,"어죽, 파김치 붕장어 전골, 우럭구이, 닭볶음탕","어죽 15,000원 | 파김치 붕장어 전골 58,000원 | 우럭구이 76,000원 | 닭볶음탕 48,000원",,,,,,,,,,,{},서울 마포구 도화길 20-6 (도화동 329),official_description,
17,17화,2022-05-24,성시경의 먹을텐데 l 맛 좋은 순대국,https://www.youtube.com/watch?v=P6sEVRj87gQ,restaurant,mogeultende_af4b7408f163,맛좋은순대국,대한민국,서울 광진구,서울 광진구 자양번영로1길 22,순대,순대국밥,"순대국밥 10,000원 | 술국 20,000원 | 내장 20,000원 | 머리고기 20,000원",37.53086502,127.07367769,02-458-5737,영업 전,11:00 오픈,수 11:00 ~ 21:00 / 14:00 ~ 17:00 브레이크타임 | 목 11:00 ~ 21:00 / 14:00 ~ 17:00 브레이크타임 | 금 11:00 ~ 21:00 / 14:00 ~ 17:00 브레이크타임 | 토 11:00 ~ 21:00 / 14:00 ~ 17:00 브레이크타임 | 일 휴무일 | 월 11:00 ~ 21:00 / 14:00 ~ 17:00 브레이크타임 | 화 11:00 ~ 21:00 / 14:00 ~ 17:00 브레이크타임,10346328,https://place.map.kakao.com/10346328,3.9,138,"{""reservation"":false,""delivery"":false,""accessible"":false,""takeout"":false,""parking"":false,""pets"":false,""wifi"":false}",서울 광진구 자양번영로1길 22 (자양동 585-19),official_description,
18,18화,2022-06-03,성시경의 먹을텐데 l 파주 반구정 나루터집,https://www.youtube.com/watch?v=0TaXOZFxmn4,restaurant,mogeultende_4aac2d479de3,반구정나루터집,대한민국,경기 파주시,경기 파주시 문산읍 반구정로85번길 13,장어,국내산 장어 간장구이 (1인분),"국내산 장어 간장구이 (1인분) 60,000원 | 국내산 장어 소금구이 (1인분) 60,000원 | 국내산 메기매운탕(대) 70,000원 | 국내산 메기매운탕(중) 60,000원",37.8683994,126.75178788,031-952-3472,영업 전,11:30 오픈,수 11:30 ~ 22:00 / 21:00 라스트오더 | 목 11:30 ~ 22:00 / 21:00 라스트오더 | 금 11:30 ~ 22:00 / 21:00 라스트오더 | 토 11:30 ~ 22:00 / 21:00 라스트오더 | 일 11:30 ~ 22:00 / 21:00 라스트오더 | 월 11:30 ~ 22:00 / 21:00 라스트오더 | 화 11:30 ~ 22:00 / 21:00 라스트오더,7897203,https://place.map.kakao.com/7897203,3.3,496,"{""reservation"":true,""delivery"":false,""accessible"":true,""takeout"":true,""parking"":true,""pets"":false,""wifi"":false}",경기 파주시 문산읍 반구정로85번길 13 (사목리 208-2),official_description,
19,19화,2022-06-07,성시경의 먹을텐데 l 종로 서린낙지,https://www.youtube.com/watch?v=YfEY2fPIw8s,restaurant,mogeultende_fd705f2198ab,서린낙지,대한민국,서울 종로구,서울 종로구 종로 19,"해물,생선",낙지볶음,"낙지볶음 24,000원 | 계란말이 8,000원 | 베이컨쏘세지 18,000원 | 조개탕 17,000원",37.57059603,126.98014085,02-735-0670,영업 전,11:30 오픈,수 11:30 ~ 21:30 / 15:00 ~ 17:00 브레이크타임 | 목 11:30 ~ 21:30 / 15:00 ~ 17:00 브레이크타임 | 금 11:30 ~ 21:30 / 15:00 ~ 17:00 브레이크타임 | 토 11:30 ~ 21:30 / 15:00 ~ 17:00 브레이크타임 | 일 11:30 ~ 21:30 / 15:00 ~ 17:00 브레이크타임 | 월 휴무일 | 화 11:30 ~ 21:30 / 15:00 ~ 17:00 브레이크타임,7937472,https://place.map.kakao.com/7937472,3,38,"{""reservation"":true,""delivery"":false,""accessible"":true,""takeout"":true,""parking"":true,""pets"":false,""wifi"":true}",서울 종로구 종로 19 르메이에르종로타운1 2층 (종로1가 24),official_description,
20,20화,2022-06-10,성시경의 먹을텐데 l 충무로 필동면옥,https://www.youtube.com/watch?v=EnMwZlMLPWY,restaurant,mogeultende_8efea5a53d6d,필동면옥,대한민국,서울 중구,서울 중구 서애로 26,냉면,냉면,"냉면 15,000원 | 비빔냉면 15,000원 | 만두국 15,000원 | 제육 30,000원",37.56039838,126.99693959,02-2266-2611,영업 전,11:00 오픈,수 11:00 ~ 20:00 / 15:00 ~ 17:00 브레이크타임 / 19:20 라스트오더 | 목 11:00 ~ 20:00 / 15:00 ~ 17:00 브레이크타임 / 19:20 라스트오더 | 금 11:00 ~ 20:00 / 15:00 ~ 17:00 브레이크타임 / 19:20 라스트오더 | 토 11:00 ~ 20:00 / 15:00 ~ 17:00 브레이크타임 / 19:20 라스트오더 | 일 휴무일 | 월 11:00 ~ 20:00 / 15:00 ~ 17:00 브레이크타임 / 19:20 라스트오더 | 화 11:00 ~ 20:00 / 15:00 ~ 17:00 브레이크타임 / 19:20 라스트오더,11231325,https://place.map.kakao.com/11231325,3.7,1659,"{""reservation"":false,""delivery"":false,""accessible"":false,""takeout"":false,""parking"":true,""pets"":false,""wifi"":false}",서울 중구 서애로 26 (필동3가 1-5),official_description,
21,21화,2022-06-14,성시경의 먹을텐데 l 신사 영동 설렁탕,https://www.youtube.com/watch?v=fR2z8JyBb44,restaurant,mogeultende_a2603c44eb18,영동설렁탕,대한민국,서울 서초구,서울 서초구 강남대로101안길 24,설렁탕,수육,"수육 52,000원 | 설렁탕 15,000원",37.51615083,127.01737205,02-543-4716,영업 중,24시간 영업,수 00:00 ~ 24:00 / 15:00 ~ 17:00 브레이크타임 | 목 00:00 ~ 24:00 / 15:00 ~ 17:00 브레이크타임 | 금 00:00 ~ 24:00 / 15:00 ~ 17:00 브레이크타임 | 토 00:00 ~ 24:00 / 15:00 ~ 17:00 브레이크타임 | 일 00:00 ~ 24:00 / 15:00 ~ 17:00 브레이크타임 | 월 00:00 ~ 24:00 / 15:00 ~ 17:00 브레이크타임 | 화 00:00 ~ 24:00 / 15:00 ~ 17:00 브레이크타임,8008344,https://place.map.kakao.com/8008344,3.6,589,"{""reservation"":true,""delivery"":false,""accessible"":true,""takeout"":true,""parking"":true,""pets"":false,""wifi"":false}",서울 서초구 강남대로101안길 24 (잠원동 10-53),official_description,
22,22화,2022-06-17,성시경의 먹을텐데 l 약수 완도 전복,https://www.youtube.com/watch?v=ZKOYAQXVhaA,restaurant,mogeultende_1e6e35c19f83,완도전복,대한민국,서울 중구,서울 중구 동호로5길 2,"굴,전복","전복죽, 전복회, 전복구이, 전복버터구이","전복죽 15,000원 | 전복회 13,000원부터 | 전복구이 13,000원부터 | 전복버터구이 13,000원부터",37.55265735,127.01199932,02-2234-8538,,,,10616945,https://place.map.kakao.com/10616945,4.1,19,"{""reservation"":false,""delivery"":false,""accessible"":false,""takeout"":false,""parking"":false,""pets"":false,""wifi"":false}",서울 중구 동호로5길 2 (신당동 373-129),official_description,
23,23화,2022-06-24,성시경의 먹을텐데 l 논현 성천막국수,https://www.youtube.com/watch?v=V0QUgTpLTwo,restaurant,mogeultende_d6d830b8053b,성천막국수 논현점,대한민국,서울 서초구,서울 서초구 강남대로 545-12,국수,물막국수,"물막국수 9,000원 | 비빔막국수 9,000원 | 제육한접시(160g) 13,000원 | 제육반접시(80g) 6,500원",37.51037037,127.02058516,02-548-5529,영업 전,11:30 오픈,수 11:30 ~ 21:00 / 15:00 ~ 17:00 브레이크타임 / 14:30 라스트오더 / 20:30 라스트오더 | 목 11:30 ~ 21:00 / 15:00 ~ 17:00 브레이크타임 / 14:30 라스트오더 / 20:30 라스트오더 | 금 제헌절 휴무 | 토 11:30 ~ 19:00 / 18:30 라스트오더 | 일 휴무일 | 월 11:30 ~ 21:00 / 15:00 ~ 17:00 브레이크타임 / 14:30 라스트오더 / 20:30 라스트오더 | 화 11:30 ~ 21:00 / 15:00 ~ 17:00 브레이크타임 / 14:30 라스트오더 / 20:30 라스트오더,862508200,https://place.map.kakao.com/862508200,3.7,351,"{""reservation"":false,""delivery"":false,""accessible"":false,""takeout"":true,""parking"":false,""pets"":false,""wifi"":true}",서울 서초구 강남대로 545-12 106호 (반포동 706-6),official_description,
24,24화,2022-06-28,성시경의 먹을텐데 l 영동시장 현대순대국,https://www.youtube.com/watch?v=AeZaYlJBWuI,restaurant,mogeultende_f8a54bcf1d4f,현대순대국,대한민국,서울 강남구,서울 강남구 강남대로124길 20,순대,한우소머리국밥,"한우소머리국밥 13,000원 | 순대국밥 11,000원 | 진가돼지국밥 10,000원 | 돼지머리국밥 10,000원",37.50906412,127.02423577,,영업 전,09:30 오픈,수 09:30 ~ 24:00 | 목 09:30 ~ 24:00 | 금 09:30 ~ 24:00 | 토 09:30 ~ 24:00 | 일 휴무일 | 월 09:30 ~ 24:00 | 화 09:30 ~ 24:00,11831548,https://place.map.kakao.com/11831548,3.3,231,"{""reservation"":false,""delivery"":false,""accessible"":false,""takeout"":true,""parking"":true,""pets"":false,""wifi"":false}",서울 강남구 강남대로124길 20 남경빌딩 (논현동 161),official_description,
25,25화,2022-07-01,성시경의 먹을텐데 l 자양동 샤오롱바오,https://www.youtube.com/watch?v=13JU5821Xd0,restaurant,mogeultende_9a9128af09fb,샤오롱바오,대한민국,서울 광진구,서울 광진구 자양번영로 20,중식,고기 바오즈,"고기 바오즈 10,000원 | 고기새우 바오즈 11,000원 | 부추계란새우 지짐만두 11,000원 | 고기부추새누지짐만두 11,000원",37.53144061,127.07534363,02-447-2155,영업 전,11:00 오픈,수 11:00 ~ 22:00 | 목 11:00 ~ 22:00 | 금 11:00 ~ 22:00 | 토 11:00 ~ 22:00 | 일 11:00 ~ 22:00 | 월 휴무일 | 화 11:00 ~ 22:00,1266002088,https://place.map.kakao.com/1266002088,4.4,677,"{""reservation"":false,""delivery"":true,""accessible"":false,""takeout"":true,""parking"":false,""pets"":false,""wifi"":true}",서울 광진구 자양번영로 20 1층 (자양동 600),official_description,
26,26화,2022-07-05,성시경의 먹을텐데 l 을지로 시골집,https://www.youtube.com/watch?v=KJSKPIrDcSw,restaurant,mogeultende_4b94659ae9bd,시골집,대한민국,서울 중구,서울 중구 을지로20길 36,갈비,LA갈비,"LA갈비 15,000원 | 오징어볶음 11,000원 | 계란말이 15,000원 | 잔치국수 (점심메뉴) 6,000원",37.56483845,126.99538647,02-2278-9436,영업 전,11:30 오픈,수 11:30 ~ 21:30 | 목 11:30 ~ 21:30 | 금 11:30 ~ 21:30 | 토 11:30 ~ 21:30 | 일 휴무일 | 월 11:30 ~ 21:30 | 화 11:30 ~ 21:30,27072057,https://place.map.kakao.com/27072057,0,205,"{""reservation"":true,""delivery"":false,""accessible"":false,""takeout"":true,""parking"":true,""pets"":false,""wifi"":false}",서울 중구 을지로20길 36 (인현동2가 92-10),official_description,
27,27화,2022-07-08,성시경의 먹을텐데 l 보광동 넘버원 양꼬치,https://www.youtube.com/watch?v=JROht0PS8FA,restaurant,mogeultende_0b570f10435c,넘버원양꼬치 한남점,대한민국,서울 용산구,서울 용산구 대사관로 76,양꼬치,향라대하,"향라대하 30,000원 | 메로조림(예약) 33,000원 | 염통줄기볶음 23,000원 | 철판도가니 28,000원",37.53305473,127.00649421,02-797-6518,영업 전,16:00 오픈,수 16:00 ~ 03:00 / 01:30 라스트오더 | 목 16:00 ~ 03:00 / 01:30 라스트오더 | 금 16:00 ~ 03:00 / 01:30 라스트오더 | 토 16:00 ~ 03:00 / 01:30 라스트오더 | 일 16:00 ~ 03:00 / 01:30 라스트오더 | 월 휴무일 | 화 16:00 ~ 03:00 / 01:30 라스트오더,1314055071,https://place.map.kakao.com/1314055071,3.7,247,"{""reservation"":false,""delivery"":false,""accessible"":false,""takeout"":false,""parking"":false,""pets"":false,""wifi"":false}",서울 용산구 우사단로 2 (보광동 238-56),official_description,
28,28화,2022-07-12,성시경의 먹을텐데 l 성수동 코치,https://www.youtube.com/watch?v=77dousCT2Fs,restaurant,mogeultende_19ea35237ea5,코치,대한민국,서울 성동구,서울 성동구 성덕정17길 11,일식,다리살대파,"다리살대파 3,800원 | 염통 3,000원 | 볏짚에 구운 통허벅지 4,800원 | 목살 3,800원",37.53818494,127.05515929,,영업 전,18:00 오픈,수 18:00 ~ 23:00 | 목 18:00 ~ 23:00 | 금 18:00 ~ 23:00 | 토 18:00 ~ 23:00 | 일 18:00 ~ 23:00 | 월 18:00 ~ 23:00 | 화 18:00 ~ 23:00,1990658906,https://place.map.kakao.com/1990658906,0,1010,"{""reservation"":false,""delivery"":false,""accessible"":false,""takeout"":false,""parking"":false,""pets"":false,""wifi"":false}",서울 성동구 성덕정17길 11 1층 (성수동2가 565),official_description,
29,29화,2022-07-15,성시경의 먹을텐데 l 서래마을 청실홍실,https://www.youtube.com/watch?v=3rWCk9M9MQY,restaurant,mogeultende_c96c1f2512bb,청실홍실,대한민국,서울 서초구,서울 서초구 서래로10길 9,감자탕,감자국,"감자국 10,000원 | 제육볶음(공깃밥X) 20,000원 | 돌솥비빔밥 10,000원 | 된장찌개 9,000원",37.4995664,126.99892792,02-535-2544,영업 전,11:00 오픈,수 11:00 ~ 20:00 / 14:30 ~ 17:30 브레이크타임 | 목 11:00 ~ 20:00 / 14:30 ~ 17:30 브레이크타임 | 금 제헌절 휴무 | 토 11:00 ~ 15:00 | 일 휴무일 | 월 11:00 ~ 20:00 / 14:30 ~ 17:30 브레이크타임 | 화 11:00 ~ 20:00 / 14:30 ~ 17:30 브레이크타임,16470308,https://place.map.kakao.com/16470308,0,259,"{""reservation"":false,""delivery"":true,""accessible"":false,""takeout"":true,""parking"":true,""pets"":false,""wifi"":false}",서울 서초구 서래로10길 9 (반포동 93-5),official_description,
30,30화,2022-07-19,성시경의 먹을텐데 l 답십리 일광쪽갈비,https://www.youtube.com/watch?v=nUj86InQ6dM,restaurant,mogeultende_65ebec474196,일광,대한민국,서울 동대문구,서울 동대문구 전농로 48,갈비,쪽갈비 (1인분),"쪽갈비 (1인분) 15,000원",37.56910076,127.05729315,,영업 전,15:00 오픈,수 15:00 ~ 24:00 | 목 15:00 ~ 24:00 | 금 15:00 ~ 24:00 | 토 15:00 ~ 24:00 | 일 휴무일 | 월 15:00 ~ 24:00 | 화 15:00 ~ 24:00,15597468,https://place.map.kakao.com/15597468,2.9,32,"{""reservation"":true,""delivery"":false,""accessible"":false,""takeout"":false,""parking"":false,""pets"":false,""wifi"":false}",서울 동대문구 전농로 48 (답십리동 265-1),official_description,
31,31화,2022-07-22,성시경의 먹을텐데 l 군자 영미 오리탕,https://www.youtube.com/watch?v=vvGnYVFWrMc,restaurant,mogeultende_b1f8b5b7f00d,영미오리탕 군자점,대한민국,서울 광진구,서울 광진구 동일로60길 53,오리,오리탕 (1마리),"오리탕 (1마리) 61,000원 | 오리탕 (반마리) 39,000원 | 생로스 61,000원 | 주물럭 61,000원",37.55767442,127.07624489,02-463-5222,영업 전,11:00 오픈,수 11:00 ~ 21:30 / 15:00 ~ 16:00 브레이크타임 | 목 11:00 ~ 21:30 / 15:00 ~ 16:00 브레이크타임 | 금 11:00 ~ 21:30 / 15:00 ~ 16:00 브레이크타임 | 토 11:00 ~ 21:30 / 15:00 ~ 16:00 브레이크타임 | 일 11:00 ~ 21:30 / 15:00 ~ 16:00 브레이크타임 | 월 휴무일 | 화 11:00 ~ 21:30 / 15:00 ~ 16:00 브레이크타임,8476706,https://place.map.kakao.com/8476706,3.9,644,"{""reservation"":false,""delivery"":false,""accessible"":true,""takeout"":true,""parking"":false,""pets"":false,""wifi"":true}",서울 광진구 동일로60길 53 (군자동 467-16),official_description,
32,32화,2022-07-26,성시경의 먹을텐데 l 약수 만포막국수,https://www.youtube.com/watch?v=7ICHM1GSgtc,restaurant,mogeultende_31011fb4f343,만포막국수,대한민국,서울 중구,서울 중구 동호로14길 2,국수,비빔막국수,"비빔막국수 11,000원 | 찜닭 32,000원 | 온면 11,000원 | 물막국수 11,000원",37.5558301,127.01031863,02-2235-1357,영업 전,11:30 오픈,수 11:30 ~ 21:30 / 16:00 ~ 17:00 브레이크타임 | 목 11:30 ~ 21:30 / 16:00 ~ 17:00 브레이크타임 | 금 11:30 ~ 21:30 / 16:00 ~ 17:00 브레이크타임 | 토 11:30 ~ 21:00 | 일 11:30 ~ 21:00 | 월 11:30 ~ 21:30 / 16:00 ~ 17:00 브레이크타임 | 화 11:30 ~ 21:30 / 16:00 ~ 17:00 브레이크타임,21722308,https://place.map.kakao.com/21722308,3.6,718,"{""reservation"":true,""delivery"":false,""accessible"":false,""takeout"":true,""parking"":true,""pets"":false,""wifi"":false}",서울 중구 동호로14길 2 (신당동 425-18),official_description,
33,33화,2022-07-29,성시경의 먹을텐데 l 을지로 을지칼국수,https://www.youtube.com/watch?v=1Q-_xTROMkE,restaurant,mogeultende_19dfe2ce2e4e,을지칼국수,대한민국,서울 중구,서울 중구 충무로 54-3,칼국수,손만두칼국수(3알),"웰빙 손 칼국수 11,000원 | 왕만두 6알(포장) 11,000원 | 손만두칼국수(3알) 11,000원 | 을지 칡 비빔,물냉면 12,000원",37.56603486,126.99308187,02-2278-5003,영업 전,11:00 오픈,수 11:00 ~ 21:00 / 15:30 ~ 17:00 브레이크타임 | 목 11:00 ~ 21:00 / 15:30 ~ 17:00 브레이크타임 | 금 제헌절 휴무 | 토 휴무일 | 일 휴무일 | 월 11:00 ~ 21:00 / 15:30 ~ 17:00 브레이크타임 | 화 11:00 ~ 21:00 / 15:30 ~ 17:00 브레이크타임,1115442984,https://place.map.kakao.com/1115442984,3.9,145,"{""reservation"":false,""delivery"":false,""accessible"":false,""takeout"":true,""parking"":false,""pets"":false,""wifi"":false}",서울 중구 충무로 54-3 (을지로3가 291-45),official_description,
34,34화,2022-08-02,성시경의 먹을텐데 l 청담동 스시스미레,https://www.youtube.com/watch?v=6vxReM3m_Tg,restaurant,mogeultende_cc48c5cc4271,스시스미레,대한민국,서울 강남구,서울 강남구 도산대로55길 18,"초밥,롤",오마카세,"오마카세 220,000원 | 룸 오마카세 200,000원",37.52464339,127.0405718,02-547-8807,영업 전,11:50 오픈,수 11:50 ~ 22:00 / 13:20 ~ 13:30 브레이크타임 | 목 11:50 ~ 22:00 / 13:20 ~ 13:30 브레이크타임 | 금 11:50 ~ 22:00 / 13:20 ~ 13:30 브레이크타임 | 토 11:50 ~ 22:00 / 13:20 ~ 13:30 브레이크타임 | 일 11:50 ~ 22:00 / 13:20 ~ 13:30 브레이크타임 | 월 11:50 ~ 22:00 / 13:20 ~ 13:30 브레이크타임 | 화 11:50 ~ 22:00 / 13:20 ~ 13:30 브레이크타임,643434656,https://place.map.kakao.com/643434656,4.5,137,"{""reservation"":false,""delivery"":false,""accessible"":false,""takeout"":false,""parking"":false,""pets"":false,""wifi"":false}",서울 강남구 도산대로55길 18 4층 (청담동 88-6),official_description,
35,35화,2022-08-05,성시경의 먹을텐데 l 신당동 녹동뻘낙지,https://www.youtube.com/watch?v=C38dKDRH10U,restaurant,mogeultende_b9a407542483,녹동뻘낙지,대한민국,서울 중구,서울 중구 다산로 159,"해물,생선",연포탕,"연포탕 50,000원 | 탕탕이 50,000원 | 낙지초무침 40,000원 | 낙지볶음 40,000원",37.55802637,127.01221862,,영업 전,15:00 오픈,수 15:00 ~ 24:00 | 목 15:00 ~ 24:00 | 금 15:00 ~ 24:00 | 토 15:00 ~ 24:00 | 일 15:00 ~ 24:00 | 월 15:00 ~ 24:00 | 화 15:00 ~ 24:00,16791648,https://place.map.kakao.com/16791648,3.6,42,"{""reservation"":false,""delivery"":false,""accessible"":false,""takeout"":false,""parking"":false,""pets"":false,""wifi"":false}",서울 중구 다산로 159 (신당동 370-46),official_description,
36,36화,2022-08-09,성시경의 먹을텐데 l 마포 신촌생우동,https://www.youtube.com/watch?v=M06R491YFF4,restaurant,mogeultende_dff06b794041,신촌즉석생우동,대한민국,서울 마포구,서울 마포구 대흥로 38,"돈까스,우동",신촌우동,"신촌우동 7,000원 | 김치얼큰우동 7,500원 | 돈까스 9,000원 | 오뎅우동 7,500원",37.54410509,126.93872591,02-717-7897,영업 전,11:00 오픈,수 11:00 ~ 20:30 / 14:30 ~ 17:00 브레이크타임 | 목 11:00 ~ 20:30 / 14:30 ~ 17:00 브레이크타임 | 금 11:00 ~ 20:30 / 14:30 ~ 17:00 브레이크타임 | 토 11:00 ~ 20:30 / 14:30 ~ 17:00 브레이크타임 | 일 휴무일 | 월 11:00 ~ 20:30 / 14:30 ~ 17:00 브레이크타임 | 화 11:00 ~ 20:30 / 14:30 ~ 17:00 브레이크타임,15779972,https://place.map.kakao.com/15779972,4.1,109,"{""reservation"":false,""delivery"":false,""accessible"":false,""takeout"":true,""parking"":false,""pets"":false,""wifi"":false}",서울 마포구 대흥로 38 (대흥동 801-13),official_description,
37,37화,2022-08-12,성시경의 먹을텐데 l 대전 태화장 1탄 (with.백종원),https://www.youtube.com/watch?v=S3EsbtdFe_g,restaurant,mogeultende_307a9d0bce27,태화장,대한민국,대전 동구,대전 동구 중앙로203번길 78,중국요리,양장피,"양장피 38,000원 | 탕수육 20,000원 | 새우튀김 35,000원 | 간소새우 40,000원",36.33383444,127.42935808,042-256-2407,영업 전,11:30 오픈,수 11:30 ~ 21:00 / 15:00 ~ 17:00 브레이크타임 | 목 11:30 ~ 21:00 / 15:00 ~ 17:00 브레이크타임 | 금 11:30 ~ 21:00 / 15:00 ~ 17:00 브레이크타임 | 토 11:30 ~ 21:00 / 15:00 ~ 17:00 브레이크타임 | 일 11:30 ~ 21:00 / 15:00 ~ 17:00 브레이크타임 | 월 휴무일 | 화 11:30 ~ 21:00 / 15:00 ~ 17:00 브레이크타임,10033021,https://place.map.kakao.com/10033021,3,1403,"{""reservation"":true,""delivery"":false,""accessible"":false,""takeout"":true,""parking"":true,""pets"":false,""wifi"":false}",대전 동구 중앙로203번길 78 (정동 36-32),official_description,
38,38화,2022-08-13,성시경의 먹을텐데 l 대전 태화장 2탄 (with.백종원),https://www.youtube.com/watch?v=H78NvlNeSGk,restaurant,mogeultende_307a9d0bce27,태화장,대한민국,대전 동구,대전 동구 중앙로203번길 78,중국요리,양장피,"양장피 38,000원 | 탕수육 20,000원 | 새우튀김 35,000원 | 간소새우 40,000원",36.33383444,127.42935808,042-256-2407,영업 전,11:30 오픈,수 11:30 ~ 21:00 / 15:00 ~ 17:00 브레이크타임 | 목 11:30 ~ 21:00 / 15:00 ~ 17:00 브레이크타임 | 금 11:30 ~ 21:00 / 15:00 ~ 17:00 브레이크타임 | 토 11:30 ~ 21:00 / 15:00 ~ 17:00 브레이크타임 | 일 11:30 ~ 21:00 / 15:00 ~ 17:00 브레이크타임 | 월 휴무일 | 화 11:30 ~ 21:00 / 15:00 ~ 17:00 브레이크타임,10033021,https://place.map.kakao.com/10033021,3,1403,"{""reservation"":true,""delivery"":false,""accessible"":false,""takeout"":true,""parking"":true,""pets"":false,""wifi"":false}",대전 동구 중앙로203번길 78 (정동 36-32),official_description,
39,39화,2022-08-16,성시경의 먹을텐데 l 여수 나진국밥,https://www.youtube.com/watch?v=9M30E6sf90g,restaurant,mogeultende_6dea4b833a04,나진국밥,대한민국,전남광주통합특별시 여수시,전남광주통합특별시 여수시 화양면 화양로 1391,국밥,국밥,"국밥 10,000원 | 수육 (소) 28,000원 | 수육(대) 38,000원",34.7069338,127.61337534,061-683-4425,휴무일,내일 09:00 오픈,수 휴무일 | 목 09:00 ~ 13:00 | 금 09:00 ~ 14:00 | 토 09:00 ~ 14:00 | 일 09:00 ~ 14:00 | 월 09:00 ~ 13:00 | 화 휴무일,12895639,https://place.map.kakao.com/12895639,3.3,670,"{""reservation"":false,""delivery"":false,""accessible"":false,""takeout"":false,""parking"":true,""pets"":false,""wifi"":false}",전남 여수시 화양면 화양로 1391 (나진리 430-4),official_description,
40,40화,2022-08-19,성시경의 먹을텐데 l 여수 복춘식당,https://www.youtube.com/watch?v=ZZAqSGZjiPo,restaurant,mogeultende_46f08ababef4,복춘식당,대한민국,전남광주통합특별시 여수시,전남광주통합특별시 여수시 교동남1길 5-8,아구,아귀찜 (1인),"아귀찜 (1인) 15,000원 | 아귀탕 (1인) 12,000원 | 아귀대창 20,000원 | 갈치구이(2인) 24,000원",34.7395604,127.73408759,061-662-5260,영업 전,09:00 오픈,수 09:00 ~ 21:00 / 15:00 ~ 17:00 브레이크타임 | 목 09:00 ~ 21:00 / 15:00 ~ 17:00 브레이크타임 | 금 09:00 ~ 21:00 / 15:00 ~ 17:00 브레이크타임 | 토 09:00 ~ 21:00 / 15:00 ~ 17:00 브레이크타임 | 일 09:00 ~ 21:00 / 15:00 ~ 17:00 브레이크타임 | 월 휴무일 | 화 09:00 ~ 21:00 / 15:00 ~ 17:00 브레이크타임,9025490,https://place.map.kakao.com/9025490,3.7,969,"{""reservation"":false,""delivery"":false,""accessible"":true,""takeout"":true,""parking"":false,""pets"":false,""wifi"":true}",전남 여수시 교동남1길 5-8 (교동 472),official_description,
41,41화,2022-08-23,성시경의 먹을텐데 l 대구 참조은 생고기,https://www.youtube.com/watch?v=8KZrrZWoRDc,restaurant,mogeultende_67b81cefd318,참조은생고기육회,대한민국,대구 북구,대구 북구 복현로 78,"육류,고기",소고기짜글이,"소고기짜글이 115,000원 | 생고기 대 65,000원 | 차돌오드레기 50,000원 | 육전 20,000원",35.89868843,128.62327487,053-939-9090,영업 전,17:00 오픈,수 17:00 ~ 23:00 | 목 17:00 ~ 23:00 | 금 17:00 ~ 23:00 | 토 휴무일 | 일 휴무일 | 월 17:00 ~ 23:00 | 화 17:00 ~ 23:00,16545260,https://place.map.kakao.com/16545260,2.8,85,"{""reservation"":true,""delivery"":false,""accessible"":false,""takeout"":false,""parking"":false,""pets"":false,""wifi"":false}",대구 북구 복현로 78 (복현2동 266-9),official_description,
42,42화,2022-08-26,성시경의 먹을텐데 l 명동 산동교자,https://www.youtube.com/watch?v=AmZ5ceHhkG8,restaurant,mogeultende_3cb4b5ae9dad,산동교자,대한민국,서울 중구,서울 중구 남대문로 52-13,중국요리,오향장육,"오향장육 29,000원 | 군만두 8,500원 | 탕수육 23,000원 | 깐풍육 28,000원",37.56213784,126.98240563,02-778-4150,영업 전,11:00 오픈,수 11:00 ~ 21:20 / 15:30 ~ 17:00 브레이크타임 / 20:20 라스트오더 | 목 11:00 ~ 21:20 / 15:30 ~ 17:00 브레이크타임 / 20:20 라스트오더 | 금 11:00 ~ 21:20 / 15:30 ~ 17:00 브레이크타임 / 20:20 라스트오더 | 토 11:00 ~ 21:20 / 15:30 ~ 17:00 브레이크타임 / 20:20 라스트오더 | 일 휴무일 | 월 11:00 ~ 21:20 / 15:30 ~ 17:00 브레이크타임 / 20:20 라스트오더 | 화 11:00 ~ 21:20 / 15:30 ~ 17:00 브레이크타임 / 20:20 라스트오더,7912905,https://place.map.kakao.com/7912905,2.4,193,"{""reservation"":true,""delivery"":true,""accessible"":false,""takeout"":true,""parking"":false,""pets"":false,""wifi"":true}",서울 중구 명동2길 26 (명동2가 105),official_description,
43,43화,2022-08-30,성시경의 먹을텐데 l 대구 군위식당,https://www.youtube.com/watch?v=KEeGBUHnJsc,restaurant,mogeultende_b786ba0921a1,군위식당,대한민국,대구 중구,대구 중구 경상감영길 101,국밥,고기밥,"고기밥 11,000원 | 암뽕 22,000원 | 돼지고기수육(대) 27,000원 | 돼지고기수육(중) 22,000원",35.87227496,128.5932119,053-252-1294,휴무일,내일 09:00 오픈,수 휴무일 | 목 09:00 ~ 21:00 | 금 09:00 ~ 21:00 | 토 09:00 ~ 21:00 | 일 09:00 ~ 21:00 | 월 09:00 ~ 21:00 | 화 09:00 ~ 21:00,10137426,https://place.map.kakao.com/10137426,3.9,1080,"{""reservation"":false,""delivery"":false,""accessible"":true,""takeout"":true,""parking"":false,""pets"":false,""wifi"":false}",대구 중구 경상감영길 101 중앙상가 (포정동 21-3),official_description,
44,44화,2022-09-02,성시경의 먹을텐데 l 부산 진미 언양불고기,https://www.youtube.com/watch?v=MvX_vWtm8P0,restaurant,mogeultende_92e2e1eaed6c,진미언양불고기,대한민국,부산 수영구,부산 수영구 남천바다로33번길 7,"불고기,두루치기",언양불고기(200g),"언양불고기(200g) 35,000원 | 등심구이(130g) 43,000원 | 등심슬라이스(130g) 43,000원 | 꽃등심구이(100g) 45,000원",35.14887714,129.11410683,051-753-1632,영업 전,10:30 오픈,수 10:30 ~ 22:00 | 목 10:30 ~ 22:00 | 금 10:30 ~ 22:00 | 토 10:30 ~ 22:00 | 일 10:30 ~ 22:00 | 월 10:30 ~ 22:00 | 화 10:30 ~ 22:00,8093058,https://place.map.kakao.com/8093058,3.6,151,"{""reservation"":true,""delivery"":false,""accessible"":false,""takeout"":false,""parking"":true,""pets"":false,""wifi"":true}",부산 수영구 남천바다로33번길 7(광안동),official_description,
45,45화,2022-09-08,[sub] 성시경의 먹을텐데 l 신림정 1탄 (with.신동엽),https://www.youtube.com/watch?v=yTNgSj_0zIM,restaurant,mogeultende_93fbdf9a5063,신림정,대한민국,서울 관악구,서울 관악구 봉천로 248,"육류,고기",한우꽃등심(150g),"한우꽃등심(150g) 53,000원 | 한우생등심(150g) 48,000원 | 한우생고기(150g) 40,000원 | 한우갈비살(150g) 50,000원",37.48863199,126.92886385,02-889-1220,영업 전,11:00 오픈,수 11:00 ~ 22:00 / 15:00 ~ 16:30 브레이크타임 / 21:00 라스트오더 | 목 11:00 ~ 22:00 / 15:00 ~ 16:30 브레이크타임 / 21:00 라스트오더 | 금 11:00 ~ 22:00 / 15:00 ~ 16:30 브레이크타임 / 21:00 라스트오더 | 토 11:00 ~ 22:00 / 15:00 ~ 16:30 브레이크타임 / 21:00 라스트오더 | 일 11:00 ~ 22:00 / 15:00 ~ 16:30 브레이크타임 / 21:00 라스트오더 | 월 11:00 ~ 22:00 / 15:00 ~ 16:30 브레이크타임 / 21:00 라스트오더 | 화 11:00 ~ 22:00 / 15:00 ~ 16:30 브레이크타임 / 21:00 라스트오더,16044661,https://place.map.kakao.com/16044661,2.3,128,"{""reservation"":false,""delivery"":false,""accessible"":false,""takeout"":false,""parking"":true,""pets"":false,""wifi"":false}",서울 관악구 봉천로 248 (신림동 1428-5),official_description,
46,46화,2022-09-09,[sub] 성시경의 먹을텐데 l 신림정 2탄 (with.신동엽),https://www.youtube.com/watch?v=0Ml02Bgo8VQ,restaurant,mogeultende_93fbdf9a5063,신림정,대한민국,서울 관악구,서울 관악구 봉천로 248,"육류,고기",한우꽃등심(150g),"한우꽃등심(150g) 53,000원 | 한우생등심(150g) 48,000원 | 한우생고기(150g) 40,000원 | 한우갈비살(150g) 50,000원",37.48863199,126.92886385,02-889-1220,영업 전,11:00 오픈,수 11:00 ~ 22:00 / 15:00 ~ 16:30 브레이크타임 / 21:00 라스트오더 | 목 11:00 ~ 22:00 / 15:00 ~ 16:30 브레이크타임 / 21:00 라스트오더 | 금 11:00 ~ 22:00 / 15:00 ~ 16:30 브레이크타임 / 21:00 라스트오더 | 토 11:00 ~ 22:00 / 15:00 ~ 16:30 브레이크타임 / 21:00 라스트오더 | 일 11:00 ~ 22:00 / 15:00 ~ 16:30 브레이크타임 / 21:00 라스트오더 | 월 11:00 ~ 22:00 / 15:00 ~ 16:30 브레이크타임 / 21:00 라스트오더 | 화 11:00 ~ 22:00 / 15:00 ~ 16:30 브레이크타임 / 21:00 라스트오더,16044661,https://place.map.kakao.com/16044661,2.3,128,"{""reservation"":false,""delivery"":false,""accessible"":false,""takeout"":false,""parking"":true,""pets"":false,""wifi"":false}",서울 관악구 봉천로 248 (신림동 1428-5),official_description,
47,47화,2022-09-10,성시경의 먹을텐데 l 신림정 3탄 (with.신동엽),https://www.youtube.com/watch?v=8sseq7MuLjY,restaurant,mogeultende_93fbdf9a5063,신림정,대한민국,서울 관악구,서울 관악구 봉천로 248,"육류,고기",한우꽃등심(150g),"한우꽃등심(150g) 53,000원 | 한우생등심(150g) 48,000원 | 한우생고기(150g) 40,000원 | 한우갈비살(150g) 50,000원",37.48863199,126.92886385,02-889-1220,영업 전,11:00 오픈,수 11:00 ~ 22:00 / 15:00 ~ 16:30 브레이크타임 / 21:00 라스트오더 | 목 11:00 ~ 22:00 / 15:00 ~ 16:30 브레이크타임 / 21:00 라스트오더 | 금 11:00 ~ 22:00 / 15:00 ~ 16:30 브레이크타임 / 21:00 라스트오더 | 토 11:00 ~ 22:00 / 15:00 ~ 16:30 브레이크타임 / 21:00 라스트오더 | 일 11:00 ~ 22:00 / 15:00 ~ 16:30 브레이크타임 / 21:00 라스트오더 | 월 11:00 ~ 22:00 / 15:00 ~ 16:30 브레이크타임 / 21:00 라스트오더 | 화 11:00 ~ 22:00 / 15:00 ~ 16:30 브레이크타임 / 21:00 라스트오더,16044661,https://place.map.kakao.com/16044661,2.3,128,"{""reservation"":false,""delivery"":false,""accessible"":false,""takeout"":false,""parking"":true,""pets"":false,""wifi"":false}",서울 관악구 봉천로 248 (신림동 1428-5),official_description,
48,48화,2022-09-20,[sub] 성시경의 먹을텐데 l 청담동 부흥왕족발,https://www.youtube.com/watch?v=lO1qFusLkTQ,restaurant,mogeultende_676ce49ae6e6,부흥왕족발,대한민국,서울 강남구,서울 강남구 삼성로146길 8,"족발,보쌈",왕족발(소),"왕족발(소) 35,000원 | 쟁반국수(중) 10,000원",37.52309327,127.04876909,02-546-3727,영업 전,16:00 오픈,수 16:00 ~ 24:00 | 목 16:00 ~ 24:00 | 금 16:00 ~ 24:00 | 토 16:00 ~ 24:00 | 일 휴무일 | 월 16:00 ~ 24:00 | 화 16:00 ~ 24:00,10466580,https://place.map.kakao.com/10466580,3.4,49,"{""reservation"":false,""delivery"":false,""accessible"":false,""takeout"":false,""parking"":false,""pets"":false,""wifi"":false}",서울 강남구 도산대로89길 9 (청담동 124-15),official_description,
49,49화,2022-09-23,[sub] 성시경의 먹을텐데 l 삼성동 이남장,https://www.youtube.com/watch?v=YJpv-lwKPNg,restaurant,mogeultende_b6920c13939c,이남장 삼성점,대한민국,서울 강남구,서울 강남구 봉은사로108길 21,설렁탕,설렁탕 (보통),"설렁탕 (보통) 14,000원 | 설렁탕 (특) 23,000원 | 수육 (중) 70,000원 | 수육 (대) 80,000원",37.51356846,127.06445013,02-569-8726,영업 전,10:00 오픈,수 10:00 ~ 22:00 | 목 10:00 ~ 22:00 | 금 10:00 ~ 21:00 | 토 10:00 ~ 21:00 | 일 10:00 ~ 21:00 | 월 10:00 ~ 22:00 | 화 10:00 ~ 22:00,16649489,https://place.map.kakao.com/16649489,4.1,210,"{""reservation"":true,""delivery"":false,""accessible"":false,""takeout"":true,""parking"":true,""pets"":false,""wifi"":false}",서울 강남구 봉은사로108길 21 (삼성동 165-12),official_description,
50,50화,2022-09-28,성시경의 먹을텐데 l 을지로 동강나루터,https://www.youtube.com/watch?v=AxYI-p5wzYw,restaurant,mogeultende_58110d34c352,동강나루터,대한민국,서울 중구,서울 중구 을지로 99,"매운탕,해물탕","참게메기매운탕, 참게간장게장","참게메기매운탕(점심·1인) 15,000원 | 참게메기매운탕(저녁·소) 33,000원 | 참게메기매운탕(저녁·중) 48,000원 | 참게메기매운탕(저녁·대) 58,000원 | 참게간장게장(1마리) 9,000원",37.56642918,126.9889753,02-2273-5989,영업 전,11:00 오픈,수 11:00 ~ 22:00 | 목 11:00 ~ 22:00 | 금 11:00 ~ 22:00 | 토 11:00 ~ 21:00 | 일 휴무일 | 월 11:00 ~ 22:00 | 화 11:00 ~ 22:00,18241603,https://place.map.kakao.com/18241603,4.3,170,"{""reservation"":true,""delivery"":false,""accessible"":false,""takeout"":true,""parking"":false,""pets"":false,""wifi"":false}",서울 중구 삼일대로12길 13 백양빌딩 (수표동 56-10),official_description,
51,51화,2022-10-04,[sub] 성시경의 먹을텐데 l 연남동 서대문 양꼬치,https://www.youtube.com/watch?v=OHPgGihCSZQ,restaurant,mogeultende_d854adbc4c31,서대문양꼬치BAR,대한민국,서울 마포구,서울 마포구 동교로 251,양꼬치,양삼겹꼬치 (5EA),"양삼겹꼬치 (5EA) 7,500원 | 마라쪽갈비꼬치 (5EA) 8,000원 | 마라탕 (100g) 1,800원 | 마라샹궈 (100g) 3,000원",37.56238962,126.92419851,02-6085-5888,영업 전,14:00 오픈,수 14:00 ~ 02:00 | 목 14:00 ~ 02:00 | 금 14:00 ~ 02:00 | 토 14:00 ~ 02:00 | 일 14:00 ~ 02:00 | 월 14:00 ~ 02:00 | 화 14:00 ~ 02:00,1012940590,https://place.map.kakao.com/1012940590,2.9,109,"{""reservation"":false,""delivery"":false,""accessible"":false,""takeout"":false,""parking"":false,""pets"":false,""wifi"":false}",서울 마포구 동교로 251 2층 (연남동 255-20),official_description,
52,52화,2022-10-07,[sub] 성시경의 먹을텐데 l 한남동 부자피자,https://www.youtube.com/watch?v=U5WHtm6Yhj0,restaurant,mogeultende_b6e514f8639b,부자피자 1호점,대한민국,서울 용산구,서울 용산구 이태원로55가길 28,피자,시저 샐러드,"시저 샐러드 15,700원 | 부자 클라시카 19,600원 | 부자 샐러드 14,900원 | 부자 비츠 8,200원",37.53724276,126.99982349,02-794-9474,영업 전,11:00 오픈,수 11:00 ~ 21:20 / 20:50 라스트오더 | 목 11:00 ~ 21:20 / 20:50 라스트오더 | 금 11:00 ~ 21:20 / 20:50 라스트오더 | 토 11:00 ~ 21:20 / 20:50 라스트오더 | 일 11:00 ~ 21:20 / 20:50 라스트오더 | 월 휴무일 | 화 휴무일,21212902,https://place.map.kakao.com/21212902,3.9,414,"{""reservation"":false,""delivery"":false,""accessible"":false,""takeout"":true,""parking"":true,""pets"":false,""wifi"":true}",서울 용산구 이태원로55가길 28 (한남동 743-33),official_description,
53,53화,2022-10-14,[sub] 성시경의 먹을텐데 l 마츠다상과 오사카 특집 1편,https://www.youtube.com/watch?v=EMR0Aot9yUI,travel_special,,,,,,,,,,,,,,,,,,,{},,,해외 식당 1곳은 국내 전용 데이터셋 정책으로 제외
54,54화,2022-10-15,[sub] 성시경의 먹을텐데 l 마츠다상과 오사카 특집 2편,https://www.youtube.com/watch?v=kSoZA3FPOQs,travel_special,,,,,,,,,,,,,,,,,,,{},,,해외 식당 1곳은 국내 전용 데이터셋 정책으로 제외
55,55화,2022-10-21,[sub] 성시경의 먹을텐데 l 역삼동 강남 진해장,https://www.youtube.com/watch?v=u4Ci7OW5ES0,restaurant,mogeultende_c5c64a9e8978,강남진해장,대한민국,서울 강남구,서울 강남구 테헤란로5길 11,"찌개,전골",양선지해장국,"양선지해장국 13,000원 | 곱창전골 (대) 89,000원 | 갈비곰창전골 (중) 75,000원 | 내장탕 16,000원",37.49958439,127.02930814,02-557-2662,영업 중,24시간 영업,수 00:00 ~ 24:00 | 목 00:00 ~ 24:00 | 금 00:00 ~ 24:00 | 토 00:00 ~ 24:00 | 일 00:00 ~ 21:30 | 월 06:30 ~ 24:00 | 화 00:00 ~ 24:00,1428481536,https://place.map.kakao.com/1428481536,3.3,525,"{""reservation"":true,""delivery"":true,""accessible"":true,""takeout"":true,""parking"":true,""pets"":false,""wifi"":true}",서울 강남구 테헤란로5길 11(역삼동 819-4),official_description,
56,56화,2022-10-26,[sub] 성시경의 먹을텐데 l 도쿄 스시야쇼타,https://www.youtube.com/watch?v=Cydpf6p5f9g,travel_special,,,,,,,,,,,,,,,,,,,{},,,해외 식당 1곳은 국내 전용 데이터셋 정책으로 제외
57,57화,2022-10-29,[sub] 성시경의 먹을텐데 l 역삼동 대우 부대찌개,https://www.youtube.com/watch?v=lQ9le3dqrRk,restaurant,mogeultende_1821a0d7a7d2,대우부대찌개,대한민국,서울 강남구,서울 강남구 테헤란로25길 34,"찌개,전골",부대찌개,"부대찌개 16,000원 | 등심부대찌개(60g) 25,000원 | 등심구이(150g) 45,000원 | 안심구이(150g) 45,000원",37.50269666,127.03521737,02-552-1663,영업 전,11:00 오픈,수 11:00 ~ 21:00 | 목 11:00 ~ 21:00 | 금 11:00 ~ 21:00 | 토 휴무일 | 일 11:00 ~ 21:00 | 월 11:00 ~ 21:00 | 화 11:00 ~ 21:00,7819490,https://place.map.kakao.com/7819490,3.8,562,"{""reservation"":true,""delivery"":true,""accessible"":true,""takeout"":true,""parking"":true,""pets"":false,""wifi"":true}",서울 강남구 테헤란로25길 34 (역삼동 641-18),official_description,
58,58화,2022-11-10,[sub] 성시경의 먹을텐데 l 베트남 특집 1 (feat.아주~ 긴 쿠키가 숨어 있어요),https://www.youtube.com/watch?v=Mt6_HILLJRQ,travel_special,,,,,,,,,,,,,,,,,,,{},,,해외 식당 3곳은 국내 전용 데이터셋 정책으로 제외
59,59화,2022-11-11,[sub] 성시경의 먹을텐데 l 베트남 특집 2,https://www.youtube.com/watch?v=2auTxa9o2Ts,travel_special,,,,,,,,,,,,,,,,,,,{},,,해외 식당 2곳은 국내 전용 데이터셋 정책으로 제외
60,60화,2022-11-17,[sub] 성시경의 먹을텐데 l 연남동 편의방,https://www.youtube.com/watch?v=fk_BFKQ3UI8,restaurant,mogeultende_e98e8e4fb1d6,편의방,대한민국,서울 서대문구,서울 서대문구 연희로 36,중국요리,짬뽕,"짬뽕 9,000원 | 찐만두(8p) 8,000원 | 군만두(8p) 8,000원 | 짜장면 8,000원",37.56178534,126.92752897,02-363-5887,영업 전,11:00 오픈,수 11:00 ~ 20:30 / 14:00 ~ 17:00 브레이크타임 / 13:30 라스트오더 / 20:00 라스트오더 | 목 11:00 ~ 20:30 / 14:00 ~ 17:00 브레이크타임 / 13:30 라스트오더 / 20:00 라스트오더 | 금 11:00 ~ 20:30 / 14:00 ~ 17:00 브레이크타임 / 13:30 라스트오더 / 20:00 라스트오더 | 토 11:00 ~ 20:30 / 14:00 ~ 17:00 브레이크타임 / 13:30 라스트오더 / 20:00 라스트오더 | 일 11:00 ~ 20:30 / 14:00 ~ 17:00 브레이크타임 / 13:30 라스트오더 / 20:00 라스트오더 | 월 휴무일 | 화 11:00 ~ 20:30 / 14:00 ~ 17:00 브레이크타임 / 13:30 라스트오더 / 20:00 라스트오더,21556724,https://place.map.kakao.com/21556724,0,204,"{""reservation"":true,""delivery"":true,""accessible"":false,""takeout"":true,""parking"":false,""pets"":false,""wifi"":false}",서울 서대문구 연희로 36 (연희동 353-94),official_description,
61,61화,2022-11-22,[sub] 성시경의 먹을텐데 l 도쿄 뒷골목식당,https://www.youtube.com/watch?v=kvMW__eO_9c,travel_special,,,,,,,,,,,,,,,,,,,{},,,해외 식당 1곳은 국내 전용 데이터셋 정책으로 제외
62,62화,2022-11-28,[sub] 성시경의 먹을텐데 l 삼성동 도명골 청국장,https://www.youtube.com/watch?v=LXKubqppj0U,restaurant,mogeultende_2af4ac5d9fa7,도명골청국장,대한민국,서울 강남구,서울 강남구 봉은사로114길 38,한식,청국장,"청국장 9,500원 | 한우곱창 청국장 술국 36,000원 | 우렁청국장 10,000원 | 차돌청국장 10,000원",37.51262098,127.06540621,02-569-6999,영업 전,10:30 오픈,수 10:30 ~ 21:50 | 목 10:30 ~ 21:50 | 금 10:30 ~ 21:50 | 토 10:30 ~ 20:20 | 월 10:30 ~ 21:50 | 화 10:30 ~ 21:50,2130836465,https://place.map.kakao.com/2130836465,4.7,233,"{""reservation"":false,""delivery"":true,""accessible"":false,""takeout"":true,""parking"":false,""pets"":false,""wifi"":true}",서울 강남구 봉은사로114길 38 101호 (삼성동 166-3),official_description,
63,63화,2022-12-06,성시경의 먹을텐데 l 100만기념 _구독자와의 첫만남,https://www.youtube.com/watch?v=Xz1QAlQGz5s,restaurant,mogeultende_33c6e22638d2,발산한우진곱창 2호점,대한민국,서울 강서구,서울 강서구 강서로 395,"곱창,막창",모듬구이,"모듬구이 29,000원 | 대창구이 29,000원 | 막창구이 29,000원 | 곱창구이 32,000원",37.56103662,126.8384466,02-2668-7776,영업 전,11:30 오픈,수 11:30 ~ 22:40 / 21:30 라스트오더 | 목 11:30 ~ 22:40 / 21:30 라스트오더 | 금 11:30 ~ 22:40 / 21:30 라스트오더 | 토 15:00 ~ 22:40 / 21:30 라스트오더 | 일 휴무일 | 월 11:30 ~ 22:40 / 21:30 라스트오더 | 화 11:30 ~ 22:40 / 21:30 라스트오더,198593457,https://place.map.kakao.com/198593457,3.7,388,"{""reservation"":false,""delivery"":false,""accessible"":false,""takeout"":true,""parking"":true,""pets"":false,""wifi"":true}",서울 강서구 강서로 395 1층 109~110호 (마곡동 793-9),official_description,
64,64화,2022-12-09,성시경의 먹을텐데 l 약수동 춘천막국수,https://www.youtube.com/watch?v=XvmK69zZJOo,restaurant,mogeultende_1096ded77876,춘천막국수,대한민국,서울 중구,서울 중구 다산로10길 6,국수,이북식찜닭,"이북식찜닭 34,000원 | 메밀 막국수（자가제면） 1人 12,000원 | 닭도리탕 39,000원 | 한방삼계탕 19,000원",37.55346273,127.01030699,02-2232-2969,영업 전,11:00 오픈,수 11:00 ~ 21:30 | 목 11:00 ~ 21:30 | 금 11:00 ~ 21:30 | 토 11:00 ~ 21:30 | 일 11:00 ~ 21:30 | 월 11:00 ~ 21:30 | 화 11:00 ~ 21:30,9974647,https://place.map.kakao.com/9974647,3.9,102,"{""reservation"":true,""delivery"":true,""accessible"":false,""takeout"":true,""parking"":true,""pets"":false,""wifi"":true}",서울 중구 다산로10길 6 1층 골목길 (신당동 368-86),official_description,
65,65화,2022-12-14,[sub] 성시경의 먹을텐데 l 논현동 왕스덕,https://www.youtube.com/watch?v=-e6zzDqCS6E,restaurant,mogeultende_16fde98822c4,왕스덕 논현점,대한민국,서울 강남구,서울 강남구 도산대로 130,중국요리,왕스덕자장면,"왕스덕자장면 9,000원 | 짬뽕면/밥 11,000원 | 차돌짬뽕 14,000원 | 삼선우동 11,000원",37.51713646,127.02302013,02-540-8524,영업 전,11:00 오픈,수 11:00 ~ 22:00 / 21:00 라스트오더 | 목 11:00 ~ 22:00 / 21:00 라스트오더 | 금 11:00 ~ 22:00 / 21:00 라스트오더 | 토 11:00 ~ 21:00 / 20:00 라스트오더 | 일 11:00 ~ 21:00 / 20:00 라스트오더 | 월 11:00 ~ 22:00 / 21:00 라스트오더 | 화 11:00 ~ 22:00 / 21:00 라스트오더,1178003813,https://place.map.kakao.com/1178003813,3.8,191,"{""reservation"":true,""delivery"":true,""accessible"":true,""takeout"":true,""parking"":true,""pets"":false,""wifi"":true}",서울 강남구 도산대로 130 하림타워 지하 1층 (논현동 4-18),official_description,
66,66화,2022-12-16,[sub] 성시경의 먹을텐데 l 논현동 진미평양냉면,https://www.youtube.com/watch?v=H_Aw-akvQPQ,restaurant,mogeultende_e74a0980394a,진미평양냉면 별관,대한민국,서울 강남구,서울 강남구 학동로 305-3,냉면,접시만두,"접시만두 15,000원 | 제육반 17,000원 | 어복쟁반 (대) 90,000원 | 불고기 28,000원",37.51613579,127.03604716,02-515-3469,영업 전,11:00 오픈,수 11:00 ~ 21:30 / 21:10 라스트오더 | 목 11:00 ~ 21:30 / 21:10 라스트오더 | 금 11:00 ~ 21:30 / 21:10 라스트오더 | 토 11:00 ~ 21:30 / 21:10 라스트오더 | 일 11:00 ~ 21:30 / 21:10 라스트오더 | 월 11:00 ~ 21:30 / 21:10 라스트오더 | 화 11:00 ~ 21:30 / 21:10 라스트오더,27584230,https://place.map.kakao.com/27584230,3.8,1034,"{""reservation"":true,""delivery"":false,""accessible"":true,""takeout"":true,""parking"":true,""pets"":false,""wifi"":true}",서울 강남구 학동로 305-3 (논현동 115-10),official_description,
67,67화,2022-12-30,[sub] 성시경의 먹을텐데 l 청담동 첼시스하이볼,https://www.youtube.com/watch?v=XJywuH-AAf8,restaurant,mogeultende_a5e8688e7479,첼시스하이볼,대한민국,서울 강남구,서울 강남구 도산대로85길 14,"호프,요리주점",Kaku Highball(Normal),"Kaku Highball(Normal) 8,000원 | Kaku Highball(Mega) 15,000원 | Jim beam Highball(Normal) 7,500원 | Jim beam Highball(Mega) 14,000원",37.525433,127.04918805,02-515-1227,영업 전,16:00 오픈,수 16:00 ~ 01:00 | 목 16:00 ~ 01:00 | 금 16:00 ~ 01:00 | 토 16:00 ~ 01:00 | 일 휴무일 | 월 16:00 ~ 01:00 | 화 16:00 ~ 01:00,1968658790,https://place.map.kakao.com/1968658790,4.4,8,"{""reservation"":true,""delivery"":true,""accessible"":false,""takeout"":true,""parking"":true,""pets"":true,""wifi"":true}",서울 강남구 도산대로85길 14 1층 (청담동 122-7),official_description,
68,68화,2023-01-04,성시경의 먹을텐데 l 역삼동 대운식당,https://www.youtube.com/watch?v=WE8M1jVA9QM,restaurant,mogeultende_3023a2ae26f0,대운식당,대한민국,서울 강남구,서울 강남구 역삼로5길 6,한식,제육볶음,"제육볶음 10,000원 | 생물 생태(1인) 18,000원 | 동태탕 10,000원 | 아구 수육 40,000원",37.4943253,127.03245427,02-564-4559,영업 전,10:30 오픈,수 10:30 ~ 22:00 / 15:00 ~ 16:30 브레이크타임 | 목 10:30 ~ 22:00 / 15:00 ~ 16:30 브레이크타임 | 금 제헌절 휴무 | 토 휴무일 | 일 휴무일 | 월 10:30 ~ 22:00 / 15:00 ~ 16:30 브레이크타임 | 화 10:30 ~ 22:00 / 15:00 ~ 16:30 브레이크타임,1276802054,https://place.map.kakao.com/1276802054,3.9,140,"{""reservation"":false,""delivery"":false,""accessible"":false,""takeout"":false,""parking"":false,""pets"":false,""wifi"":false}",서울 강남구 역삼로5길 6 (역삼동 830-54),official_description,
69,69화,2023-01-09,[sub] 성시경의 먹을텐데 l 논현동 영동장어,https://www.youtube.com/watch?v=B5rp9kCcqmw,restaurant,mogeultende_34a5a3ddfc75,영동장어,대한민국,서울 강남구,서울 강남구 언주로148길 8,장어,구이용 야채모둠,"구이용 야채모둠 15,000원 | 뚝배기장어탕 25,000원",37.52031666,127.03533877,02-3448-9991,영업 전,11:30 오픈,수 11:30 ~ 01:00 | 목 11:30 ~ 01:00 | 금 11:30 ~ 01:00 | 토 11:30 ~ 01:00 | 일 11:30 ~ 01:00 | 월 11:30 ~ 01:00 | 화 11:30 ~ 01:00,1257441291,https://place.map.kakao.com/1257441291,0,552,"{""reservation"":false,""delivery"":false,""accessible"":false,""takeout"":false,""parking"":true,""pets"":false,""wifi"":false}",서울 강남구 언주로148길 8 (논현동 98-8),official_description,
70,70화,2023-01-12,[sub] 성시경의 먹을텐데 l 다나카상과 주막 1탄,https://www.youtube.com/watch?v=3tc3F4M607s,restaurant,mogeultende_34027c2cd152,주막,대한민국,서울 강북구,서울 강북구 월계로7나길 30-3,"호프,요리주점",그대로 슬라이스 감자전,"그대로 슬라이스 감자전 15,000원 | 쫄뱅이 15,000원 | 땡초고추 부추전 12,000원 | 주막 해물 지지미 16,000원",37.61276699,127.03202091,070-7607-1680,영업 전,16:30 오픈,수 16:30 ~ 23:30 | 목 16:30 ~ 23:30 | 금 16:30 ~ 23:30 | 토 16:30 ~ 23:30 | 일 15:30 ~ 23:30 | 월 16:30 ~ 23:30 | 화 16:30 ~ 23:30,17664320,https://place.map.kakao.com/17664320,4.5,98,"{""reservation"":true,""delivery"":false,""accessible"":false,""takeout"":true,""parking"":false,""pets"":false,""wifi"":false}",서울 강북구 월계로7나길 30-3 (미아동 54-259),official_description,
71,71화,2023-01-13,[sub] 성시경의 먹을텐데 l 다나카상과 주막 2탄,https://www.youtube.com/watch?v=qs5ze9IhkDE,restaurant,mogeultende_34027c2cd152,주막,대한민국,서울 강북구,서울 강북구 월계로7나길 30-3,"호프,요리주점",그대로 슬라이스 감자전,"그대로 슬라이스 감자전 15,000원 | 쫄뱅이 15,000원 | 땡초고추 부추전 12,000원 | 주막 해물 지지미 16,000원",37.61276699,127.03202091,070-7607-1680,영업 전,16:30 오픈,수 16:30 ~ 23:30 | 목 16:30 ~ 23:30 | 금 16:30 ~ 23:30 | 토 16:30 ~ 23:30 | 일 15:30 ~ 23:30 | 월 16:30 ~ 23:30 | 화 16:30 ~ 23:30,17664320,https://place.map.kakao.com/17664320,4.5,98,"{""reservation"":true,""delivery"":false,""accessible"":false,""takeout"":true,""parking"":false,""pets"":false,""wifi"":false}",서울 강북구 월계로7나길 30-3 (미아동 54-259),official_description,
72,72화,2023-03-29,성시경의 먹을텐데 l 왕십리 춘향미엔,https://www.youtube.com/watch?v=kHpd-p6y1x0,restaurant,mogeultende_c8d5d36b913f,춘향미엔 왕십리점,대한민국,서울 성동구,서울 성동구 왕십리로21길 26,중국요리,온면,"온면 10,000원 | 매운온면 10,000원 | 온국밥 11,000원 | 매운온국밥 11,000원",37.56046977,127.03202116,02-2281-9031,영업 전,11:00 오픈,수 11:00 ~ 01:00 / 00:20 라스트오더 | 목 11:00 ~ 01:00 / 00:20 라스트오더 | 금 11:00 ~ 01:00 / 00:20 라스트오더 | 토 11:00 ~ 01:00 / 00:20 라스트오더 | 일 11:00 ~ 22:00 / 21:20 라스트오더 | 월 11:00 ~ 01:00 / 00:20 라스트오더 | 화 11:00 ~ 01:00 / 00:20 라스트오더,1658512250,https://place.map.kakao.com/1658512250,4.3,203,"{""reservation"":false,""delivery"":true,""accessible"":true,""takeout"":true,""parking"":false,""pets"":false,""wifi"":true}",서울 성동구 왕십리로21길 26 1층 (행당동 299-1),official_description,
73,73화,2023-04-12,성시경의 먹을텐데 l 약수동 해남순대국,https://www.youtube.com/watch?v=W-W42TwYUGw,restaurant,mogeultende_3abc7fb02dbb,해남순대국,대한민국,서울 중구,서울 중구 다산로8길 8,순대,수육(중),"수육(중) 30,000원 | 순대국 12,000원 | 수육(대) 33,000원 | 수육(소) 28,000원",37.55286207,127.00986838,,영업 전,10:00 오픈,수 10:00 ~ 20:00 | 목 10:00 ~ 20:00 | 금 10:00 ~ 20:00 | 토 휴무일 | 일 10:00 ~ 20:00 | 월 10:00 ~ 20:00 | 화 10:00 ~ 20:00,27439556,https://place.map.kakao.com/27439556,3.5,306,"{""reservation"":false,""delivery"":false,""accessible"":false,""takeout"":true,""parking"":true,""pets"":false,""wifi"":false}",서울 중구 다산로8길 8 (신당동 366-9),official_description,
74,74화,2023-04-14,성시경의 먹을텐데 유니버스(ft.더 디저트),https://www.youtube.com/watch?v=pCnG7O_mbCs,promotion,,,,,,,,,,,,,,,,,,,{},,,더 디저트 협업 홍보편으로 특정 방문 식당 없음
75,75화,2023-04-19,성시경의 먹을텐데 l 용산 이조순대국,https://www.youtube.com/watch?v=Q9p4sWtOkec,restaurant,mogeultende_52b557c20962,이조순대국,대한민국,서울 용산구,서울 용산구 원효로41길 54,순대,순대국,"순대국 8,000원 | 목살수육 13,000원 | 목살수육+냄비술국 27,000원 | 오소리감투+냄비술국 25,000원",37.53523046,126.96030951,02-717-3387,영업 중,20:40 까지,수 05:00 ~ 20:40 / 15:00 ~ 16:00 브레이크타임 / 20:10 라스트오더 | 목 05:00 ~ 20:40 / 15:00 ~ 16:00 브레이크타임 / 20:10 라스트오더 | 금 05:00 ~ 20:40 / 15:00 ~ 16:00 브레이크타임 / 20:10 라스트오더 | 토 05:00 ~ 19:40 / 15:00 ~ 16:00 브레이크타임 / 19:10 라스트오더 | 일 휴무일 | 월 05:00 ~ 20:40 / 15:00 ~ 16:00 브레이크타임 / 20:10 라스트오더 | 화 05:00 ~ 20:40 / 15:00 ~ 16:00 브레이크타임 / 20:10 라스트오더,27243872,https://place.map.kakao.com/27243872,3.5,222,"{""reservation"":true,""delivery"":true,""accessible"":false,""takeout"":true,""parking"":false,""pets"":false,""wifi"":false}",서울 용산구 원효로41길 54 이조순대국 (원효로2가 91-10 이조순대국),official_description,
76,76화,2023-04-26,성시경의 먹을텐데 l 논현동 홍명 1탄 (with. 싸이),https://www.youtube.com/watch?v=zCYgokuaenY,restaurant,mogeultende_e457dc73cc60,홍명,대한민국,서울 강남구,서울 강남구 논현로131길 10,중식,간짜장,"간짜장 12,000원 | 짬뽕 12,000원 | 짜장면 10,000원 | 오향장육 40,000원",37.51453743,127.02945877,02-548-2223,영업 전,11:30 오픈,수 11:30 ~ 21:30 / 15:00 ~ 17:00 브레이크타임 | 목 11:30 ~ 21:30 / 15:00 ~ 17:00 브레이크타임 | 금 11:30 ~ 21:30 / 15:00 ~ 17:00 브레이크타임 | 토 11:30 ~ 21:30 / 15:00 ~ 17:00 브레이크타임 | 일 11:30 ~ 21:30 / 15:00 ~ 17:00 브레이크타임 | 월 11:30 ~ 21:30 / 15:00 ~ 17:00 브레이크타임 | 화 11:30 ~ 21:30 / 15:00 ~ 17:00 브레이크타임,10972091,https://place.map.kakao.com/10972091,3.6,636,"{""reservation"":true,""delivery"":false,""accessible"":true,""takeout"":true,""parking"":true,""pets"":false,""wifi"":false}",서울 강남구 논현로131길 10 미현빌딩 1층 홍명 (논현동 37-9 홍명),official_description,
77,77화,2023-04-27,성시경의 먹을텐데 l 논현동 홍명 2탄 (with. 싸이),https://www.youtube.com/watch?v=fyMdXrBmXOo,restaurant,mogeultende_e457dc73cc60,홍명,대한민국,서울 강남구,서울 강남구 논현로131길 10,중식,간짜장,"간짜장 12,000원 | 짬뽕 12,000원 | 짜장면 10,000원 | 오향장육 40,000원",37.51453743,127.02945877,02-548-2223,영업 전,11:30 오픈,수 11:30 ~ 21:30 / 15:00 ~ 17:00 브레이크타임 | 목 11:30 ~ 21:30 / 15:00 ~ 17:00 브레이크타임 | 금 11:30 ~ 21:30 / 15:00 ~ 17:00 브레이크타임 | 토 11:30 ~ 21:30 / 15:00 ~ 17:00 브레이크타임 | 일 11:30 ~ 21:30 / 15:00 ~ 17:00 브레이크타임 | 월 11:30 ~ 21:30 / 15:00 ~ 17:00 브레이크타임 | 화 11:30 ~ 21:30 / 15:00 ~ 17:00 브레이크타임,10972091,https://place.map.kakao.com/10972091,3.6,636,"{""reservation"":true,""delivery"":false,""accessible"":true,""takeout"":true,""parking"":true,""pets"":false,""wifi"":false}",서울 강남구 논현로131길 10 미현빌딩 1층 홍명 (논현동 37-9 홍명),official_description,
78,78화,2023-05-08,성시경의 먹을텐데 l 노원 옛날칼국수,https://www.youtube.com/watch?v=oCVgwsJbFpk,restaurant,mogeultende_250d1363d01d,옛날칼국수,대한민국,서울 노원구,서울 노원구 동일로 1417,칼국수,칼국수,"칼국수 10,000원 | 얼큰수제비 10,000원 | 수제비 10,000원 | 왕만두(5개) 10,000원",37.65497275,127.05982386,02-939-6169,영업 전,10:30 오픈,수 10:30 ~ 22:00 / 15:00 ~ 16:00 브레이크타임 / 21:00 라스트오더 | 목 10:30 ~ 22:00 / 15:00 ~ 16:00 브레이크타임 / 21:00 라스트오더 | 금 10:30 ~ 22:00 / 15:00 ~ 16:00 브레이크타임 / 21:00 라스트오더 | 토 10:30 ~ 22:00 / 15:00 ~ 16:00 브레이크타임 / 21:00 라스트오더 | 일 10:30 ~ 22:00 / 15:00 ~ 16:00 브레이크타임 / 21:00 라스트오더 | 월 10:30 ~ 22:00 / 15:00 ~ 16:00 브레이크타임 / 21:00 라스트오더 | 화 10:30 ~ 22:00 / 15:00 ~ 16:00 브레이크타임 / 21:00 라스트오더,8015984,https://place.map.kakao.com/8015984,3.3,595,"{""reservation"":false,""delivery"":false,""accessible"":true,""takeout"":true,""parking"":true,""pets"":false,""wifi"":true}",서울 노원구 동일로 1417 (상계동 711-13),official_description,
79,79화,2023-05-16,성시경의 먹을텐데 l 여의도 농부와닭동네,https://www.youtube.com/watch?v=m5QDgJ3zWsY,restaurant,mogeultende_9ffcb2347abb,농부와닭동네 여의도MBC점,대한민국,서울 영등포구,서울 영등포구 여의나루로 113 (여의도동 21-4),치킨,"후라이드치킨, 양념치킨, 치킨떡볶이, 통골뱅이무침","후라이드 22,000원 | 양념치킨 23,000원 | 뼈후반양반 23,000원 | 순살후라이드 24,000원 | 순살양념 25,000원 | 순살반반 25,000원 | 날개튀김 21,000원 | 치킨떡볶이 15,000원 | 라볶이 15,000원 | 통골뱅이무침 28,000원 | 먹태 18,000원 | 노가리 18,000원 | 쥐포 18,000원 | 오징어 20,000원 | 생맥주 5,000원 | 소주 5,000원 | 병맥주 6,000원 | 음료 3,000원",37.5295633,126.9212749,,,,,,,,,{},서울 영등포구 여의나루로 113 (여의도동 21-4),official_description,
80,80화,2023-05-25,"성시경의 먹을텐데 l 콩국수 특집 (문배동 진미식당, 신당동 홍탁 목포집, 신촌 즉석 생우동)",https://www.youtube.com/watch?v=Nz0jI_Lck0U,restaurant,mogeultende_b57fdbc0cebc,진미식당,대한민국,서울 용산구,서울 용산구 백범로90길 38,한식,냉콩국수,"오징어볶음 11,000원 | 문경콩청국장 10,000원 | 냉콩국수 13,000원 | 제육볶음 11,000원",37.53673789,126.96960923,02-703-6842,영업 전,10:00 오픈,수 10:00 ~ 21:00 / 16:00 ~ 17:30 브레이크타임 / 15:30 라스트오더 / 20:30 라스트오더 | 목 10:00 ~ 21:00 / 16:00 ~ 17:30 브레이크타임 / 15:30 라스트오더 / 20:30 라스트오더 | 금 10:00 ~ 21:00 / 16:00 ~ 17:30 브레이크타임 / 15:30 라스트오더 / 20:30 라스트오더 | 토 10:00 ~ 19:00 / 18:30 라스트오더 | 일 11:00 ~ 16:00 / 15:30 라스트오더 | 월 10:00 ~ 21:00 / 16:00 ~ 17:30 브레이크타임 / 15:30 라스트오더 / 20:30 라스트오더 | 화 10:00 ~ 21:00 / 16:00 ~ 17:30 브레이크타임 / 15:30 라스트오더 / 20:30 라스트오더,16526880,https://place.map.kakao.com/16526880,3.7,305,"{""reservation"":false,""delivery"":false,""accessible"":false,""takeout"":true,""parking"":false,""pets"":false,""wifi"":false}",서울 용산구 백범로90길 46 (문배동 33-3),official_description,
80,80화,2023-05-25,"성시경의 먹을텐데 l 콩국수 특집 (문배동 진미식당, 신당동 홍탁 목포집, 신촌 즉석 생우동)",https://www.youtube.com/watch?v=Nz0jI_Lck0U,restaurant,mogeultende_57f919d3ce12,홍탁목포집,대한민국,서울 중구,서울 중구 청구로 86-1,한식,콩국수,"콩국수 9,000원 | 열무비빔국수 9,000원 | 돼지고기수육 30,000원 | 홍어(접시) 80,000원",37.56070047,127.01277591,010-7921-4799,영업 전,11:00 오픈,수 11:00 ~ 16:00 | 목 11:00 ~ 16:00 | 금 11:00 ~ 16:00 | 토 11:00 ~ 16:00 | 일 휴무일 | 월 11:00 ~ 16:00 | 화 11:00 ~ 16:00,1465870253,https://place.map.kakao.com/1465870253,3.6,141,"{""reservation"":true,""delivery"":false,""accessible"":false,""takeout"":false,""parking"":false,""pets"":false,""wifi"":false}",서울 중구 청구로 86-1 (신당동 307-19),official_description,
80,80화,2023-05-25,"성시경의 먹을텐데 l 콩국수 특집 (문배동 진미식당, 신당동 홍탁 목포집, 신촌 즉석 생우동)",https://www.youtube.com/watch?v=Nz0jI_Lck0U,restaurant,mogeultende_dff06b794041,신촌즉석생우동,대한민국,서울 마포구,서울 마포구 대흥로 38,"돈까스,우동",신촌우동,"신촌우동 7,000원 | 김치얼큰우동 7,500원 | 돈까스 9,000원 | 오뎅우동 7,500원",37.54410509,126.93872591,02-717-7897,영업 전,11:00 오픈,수 11:00 ~ 20:30 / 14:30 ~ 17:00 브레이크타임 | 목 11:00 ~ 20:30 / 14:30 ~ 17:00 브레이크타임 | 금 11:00 ~ 20:30 / 14:30 ~ 17:00 브레이크타임 | 토 11:00 ~ 20:30 / 14:30 ~ 17:00 브레이크타임 | 일 휴무일 | 월 11:00 ~ 20:30 / 14:30 ~ 17:00 브레이크타임 | 화 11:00 ~ 20:30 / 14:30 ~ 17:00 브레이크타임,15779972,https://place.map.kakao.com/15779972,4.1,109,"{""reservation"":false,""delivery"":false,""accessible"":false,""takeout"":true,""parking"":false,""pets"":false,""wifi"":false}",서울 마포구 대흥로 38 (대흥동 801-13),official_description,
81,81화,2023-06-13,성시경의 먹을텐데 l 남영동 금천문&오향족발,https://www.youtube.com/watch?v=xE1gqk1Q3uA,restaurant,mogeultende_ff232cb92c0c,금천문 오향족발,대한민국,서울 용산구,서울 용산구 한강대로 268,"족발,보쌈",반반족발,"반반족발 44,000원 | 유린기 38,000원 | 오향족발(대) 앞발 43,000원 | 오향족발(중) 뒷발 39,000원",37.54219879,126.97306951,02-749-0252,영업 전,11:30 오픈,수 11:30 ~ 22:00 / 13:30 ~ 17:00 브레이크타임 | 목 11:30 ~ 22:00 / 13:30 ~ 17:00 브레이크타임 | 금 제헌절 휴무 | 토 휴무일 | 일 휴무일 | 월 11:30 ~ 22:00 / 13:30 ~ 17:00 브레이크타임 | 화 11:30 ~ 22:00 / 13:30 ~ 17:00 브레이크타임,15765489,https://place.map.kakao.com/15765489,0,164,"{""reservation"":true,""delivery"":true,""accessible"":true,""takeout"":true,""parking"":false,""pets"":true,""wifi"":true}",서울 용산구 한강대로 268 1층 (남영동 84-8),official_description,
82,82화,2023-06-21,성시경의 먹을텐데 l 신사동 미남옥,https://www.youtube.com/watch?v=z5nqim1xRyE,restaurant,mogeultende_97b9ff31c333,미남옥,대한민국,서울 강남구,서울 강남구 언주로153길 12,곰탕,특15곰탕,"특15곰탕 15,000원 | 얼큰곰탕 13,000원 | 아롱사태냉수육(대) 45,000원 | 육회비빔밥 15,000원",37.52294578,127.03219064,02-549-5553,영업 전,10:30 오픈,수 10:30 ~ 22:00 | 목 10:30 ~ 22:00 | 금 10:30 ~ 21:00 | 토 10:30 ~ 22:00 | 일 10:30 ~ 21:00 | 월 10:30 ~ 22:00 | 화 10:30 ~ 22:00,940697725,https://place.map.kakao.com/940697725,3.8,157,"{""reservation"":false,""delivery"":false,""accessible"":false,""takeout"":false,""parking"":true,""pets"":false,""wifi"":false}",서울 강남구 언주로153길 12 1층 (신사동 626-70),official_description,
83,83화,2023-06-28,성시경의 먹을텐데 l 역촌역 이가네가마솥설렁탕,https://www.youtube.com/watch?v=4zBBUw-VDnU,restaurant,mogeultende_495f88d55648,이가네가마솥설렁탕,대한민국,서울 은평구,서울 은평구 진흥로 130,설렁탕,꼬리찜전골 (대),"꼬리찜전골 (대) 89,000원 | 돌솥설렁탕 15,000원 | 도가니수육 50,000원 | 뚝배기탕 15,000원",37.60751796,126.92467596,02-387-2246,영업 전,10:00 오픈,수 10:00 ~ 22:00 | 목 10:00 ~ 22:00 | 금 10:00 ~ 22:00 | 토 10:00 ~ 22:00 | 일 10:00 ~ 22:00 | 월 10:00 ~ 22:00 | 화 10:00 ~ 22:00,10673415,https://place.map.kakao.com/10673415,3.7,242,"{""reservation"":true,""delivery"":true,""accessible"":false,""takeout"":true,""parking"":true,""pets"":false,""wifi"":false}",서울 은평구 진흥로 130 (녹번동 141-39),official_description,
84,84화,2023-07-05,성시경의 먹을텐데 l 이수역 원조추어탕,https://www.youtube.com/watch?v=HZrFCIt3oYY,restaurant,mogeultende_5dec49b381b1,원조추어탕,대한민국,서울 동작구,서울 동작구 동작대로33가길 4,추어,어죽+공기밥,"어죽+공기밥 11,000원 | 어죽+찰솥밥 12,000원 | 추어탕+공기밥 11,000원 | 추어탕+찰솥밥 12,000원",37.48963592,126.98186293,02-537-9944,영업 전,11:00 오픈,수 11:00 ~ 21:30 / 16:00 ~ 17:00 브레이크타임 | 목 11:00 ~ 21:30 / 16:00 ~ 17:00 브레이크타임 | 금 11:00 ~ 21:30 / 16:00 ~ 17:00 브레이크타임 | 토 11:00 ~ 21:30 / 16:00 ~ 17:00 브레이크타임 | 일 11:00 ~ 21:30 / 16:00 ~ 17:00 브레이크타임 | 월 11:00 ~ 21:30 / 16:00 ~ 17:00 브레이크타임 | 화 11:00 ~ 21:30 / 16:00 ~ 17:00 브레이크타임,18278475,https://place.map.kakao.com/18278475,3.9,129,"{""reservation"":true,""delivery"":false,""accessible"":true,""takeout"":true,""parking"":false,""pets"":false,""wifi"":false}",서울 동작구 동작대로33가길 4 석원빌딩 (사당동 89-15),official_description,
85,85화,2023-07-12,[sub] 성시경의 먹을텐데 l 독산동 진영면옥,https://www.youtube.com/watch?v=u4WD7bWkMus,restaurant,mogeultende_0e4c9cb16731,진영면옥,대한민국,서울 금천구,서울 금천구 가산로 22-5,냉면,비빔냉면,"비빔냉면 12,000원 | 녹두전 9,000원 | 녹차돼지수육 반접시(100g) 9,000원 | 양지곰탕 12,000원",37.47155084,126.90041713,02-864-2383,영업 전,11:00 오픈,수 11:00 ~ 21:00 / 15:00 ~ 17:00 브레이크타임 | 목 11:00 ~ 21:00 / 15:00 ~ 17:00 브레이크타임 | 금 11:00 ~ 21:00 / 15:00 ~ 17:00 브레이크타임 | 토 11:00 ~ 21:00 / 15:00 ~ 17:00 브레이크타임 | 일 휴무일 | 월 11:00 ~ 21:00 / 15:00 ~ 17:00 브레이크타임 | 화 11:00 ~ 21:00 / 15:00 ~ 17:00 브레이크타임,280756271,https://place.map.kakao.com/280756271,4.6,807,"{""reservation"":false,""delivery"":false,""accessible"":false,""takeout"":true,""parking"":false,""pets"":false,""wifi"":false}",서울 금천구 가산로 22-5 (독산동 162-10),official_description,
86,86화,2023-07-20,[sub] 성시경의 먹을텐데 l 이촌동 야래향,https://www.youtube.com/watch?v=yI88OaPRMhA,restaurant,mogeultende_05a70268f228,야래향,대한민국,서울 용산구,서울 용산구 이촌로65가길 66,중국요리,새우덮밥,"새우덮밥 10,000원 | 쇠고기덮밥 10,000원 | 잡탕밥 15,000원 | 굴짬뽕밥 10,000원",37.52097517,126.97470156,02-797-7179,영업 전,11:00 오픈,수 11:00 ~ 22:00 | 목 11:00 ~ 22:00 | 금 11:00 ~ 22:00 | 토 11:00 ~ 22:00 | 일 11:00 ~ 22:00 | 월 11:00 ~ 22:00 | 화 11:00 ~ 22:00,10587773,https://place.map.kakao.com/10587773,2.3,148,"{""reservation"":true,""delivery"":true,""accessible"":false,""takeout"":true,""parking"":true,""pets"":false,""wifi"":false}",서울 용산구 이촌로75길 22-5 (이촌동 301-152),official_description,
87,87화,2023-07-26,[sub] 성시경의 먹을텐데 l 이태원 오띠젤리,https://www.youtube.com/watch?v=1ms4Gaqvbx8,restaurant,mogeultende_eb7582fc956b,오띠젤리,대한민국,서울 용산구,서울 용산구 녹사평대로 168-6,디저트카페,트러플리코타,"트러플리코타 4,000원 | 모르타델라 스페셜 8,500원 | 코파크루다 스페셜 8,500원 | 에스프레소 3,300원",37.53324543,126.98922909,02-790-2909,영업 중,16:50 까지,수 08:00 ~ 16:50 / 16:30 라스트오더 | 목 08:00 ~ 16:50 / 16:30 라스트오더 | 금 08:00 ~ 16:50 / 16:30 라스트오더 | 토 08:00 ~ 17:50 / 17:30 라스트오더 | 일 08:00 ~ 17:50 / 17:30 라스트오더 | 월 08:00 ~ 16:50 / 16:30 라스트오더 | 화 휴무일,860035627,https://place.map.kakao.com/860035627,4.5,105,"{""reservation"":true,""delivery"":false,""accessible"":false,""takeout"":true,""parking"":false,""pets"":false,""wifi"":true}",서울 용산구 녹사평대로 168-6 1층 (이태원동  34-50),official_description,
88,88화,2023-08-11,"[sub] 성시경의 먹을텐데 l 논현동 삼호짱뚱이 1탄 (with. 하정우,주지훈)",https://www.youtube.com/watch?v=BruwoWzx3vA,restaurant,mogeultende_640a2cf6cf1b,삼호짱뚱이,대한민국,서울 강남구,서울 강남구 도산대로34길 11,"해물,생선",홍어삼합,"홍어삼합 80,000원 | 모듬전 50,000원 | 짱뚱이탕 12,000원 | 보리굴비정식 22,000원",37.51963672,127.0310173,02-547-1416,영업 전,11:00 오픈,수 11:00 ~ 22:00 / 15:00 ~ 17:00 브레이크타임 | 목 11:00 ~ 22:00 / 15:00 ~ 17:00 브레이크타임 | 금 11:00 ~ 22:00 / 15:00 ~ 17:00 브레이크타임 | 토 11:00 ~ 22:00 / 15:00 ~ 17:00 브레이크타임 | 일 11:00 ~ 22:00 / 15:00 ~ 17:00 브레이크타임 | 월 11:00 ~ 22:00 / 15:00 ~ 17:00 브레이크타임 | 화 11:00 ~ 22:00 / 15:00 ~ 17:00 브레이크타임,7929136,https://place.map.kakao.com/7929136,4.5,96,"{""reservation"":true,""delivery"":true,""accessible"":false,""takeout"":false,""parking"":true,""pets"":false,""wifi"":false}",서울 강남구 도산대로34길 11 (논현동 64),official_description,
89,89화,2023-08-15,"[sub] 성시경의 먹을텐데 l 논현동 삼호짱뚱이 2탄 (with. 하정우,주지훈)",https://www.youtube.com/watch?v=9XLtqkJt1wY,restaurant,mogeultende_640a2cf6cf1b,삼호짱뚱이,대한민국,서울 강남구,서울 강남구 도산대로34길 11,"해물,생선",홍어삼합,"홍어삼합 80,000원 | 모듬전 50,000원 | 짱뚱이탕 12,000원 | 보리굴비정식 22,000원",37.51963672,127.0310173,02-547-1416,영업 전,11:00 오픈,수 11:00 ~ 22:00 / 15:00 ~ 17:00 브레이크타임 | 목 11:00 ~ 22:00 / 15:00 ~ 17:00 브레이크타임 | 금 11:00 ~ 22:00 / 15:00 ~ 17:00 브레이크타임 | 토 11:00 ~ 22:00 / 15:00 ~ 17:00 브레이크타임 | 일 11:00 ~ 22:00 / 15:00 ~ 17:00 브레이크타임 | 월 11:00 ~ 22:00 / 15:00 ~ 17:00 브레이크타임 | 화 11:00 ~ 22:00 / 15:00 ~ 17:00 브레이크타임,7929136,https://place.map.kakao.com/7929136,4.5,96,"{""reservation"":true,""delivery"":true,""accessible"":false,""takeout"":false,""parking"":true,""pets"":false,""wifi"":false}",서울 강남구 도산대로34길 11 (논현동 64),official_description,
90,90화,2023-08-21,성시경의 먹을텐데 l 압구정로데오 딸랏,https://www.youtube.com/watch?v=rTHlGX3-obY,restaurant,mogeultende_e3971a303e3e,딸랏 압구정,대한민국,서울 강남구,서울 강남구 압구정로50길 22,태국음식,랭쌥,"랭쌥 35,000원 | 똠얌꿍 22,000원 | 아롱사태 쌀국수 12,000원 | 오리지널 팟타이 13,000원",37.52687794,127.03767801,02-540-8781,영업 전,11:30 오픈,수 11:30 ~ 22:00 | 목 11:30 ~ 22:00 | 금 11:30 ~ 22:00 | 토 11:30 ~ 22:00 | 일 11:30 ~ 22:00 | 월 휴무일 | 화 11:30 ~ 22:00,747326886,https://place.map.kakao.com/747326886,4,406,"{""reservation"":true,""delivery"":true,""accessible"":false,""takeout"":true,""parking"":false,""pets"":false,""wifi"":true}",서울 강남구 압구정로50길 22 2층 (신사동 658-1),official_description,
91,91화,2023-08-25,[sub] 성시경의 먹을텐데 l 익산 진미식당,https://www.youtube.com/watch?v=Pj61du5bEiY,restaurant,mogeultende_483a93b94672,진미식당,대한민국,전북특별자치도 익산시,전북특별자치도 익산시 황등면 황등로 158,한식,토렴 육회비빈밥 (특),"토렴 육회비빈밥 (특) 14,000원 | 토렴 육회비빈밥 12,000원 | 토렴 고추장 소불고기비빈밥 11,000원 | 토렴 간장 소불고기비빈밥 11,000원",36.00587193,126.94487838,063-856-4422,영업 전,11:00 오픈,수 11:00 ~ 16:00 | 목 11:00 ~ 16:00 | 금 11:00 ~ 16:00 | 토 11:00 ~ 16:00 | 일 휴무일 | 월 11:00 ~ 16:00 | 화 11:00 ~ 16:00,10776596,https://place.map.kakao.com/10776596,2.8,185,"{""reservation"":false,""delivery"":false,""accessible"":false,""takeout"":false,""parking"":false,""pets"":false,""wifi"":false}",전북 익산시 황등면 황등로 158 (황등리 902-11),official_description,
92,92화,2023-09-07,[sub] 성시경의 먹을텐데 l 압구정로데오 와일드버팔로 1탄 (with.신동엽),https://www.youtube.com/watch?v=yz_PDMZQqF8,restaurant,mogeultende_5f77b87ed4e6,와일드버팔로,대한민국,서울 강남구,서울 강남구 선릉로161길 15,양식,후라이드 치킨,"후라이드 치킨 24,000원 | 버팔로윙 24,000원",37.52722072,127.03920205,070-7607-7097,영업 전,17:00 오픈,수 17:00 ~ 24:00 | 목 17:00 ~ 24:00 | 금 17:00 ~ 01:00 | 토 17:00 ~ 01:00 | 일 17:00 ~ 24:00 | 월 17:00 ~ 24:00 | 화 17:00 ~ 24:00,569005274,https://place.map.kakao.com/569005274,3.7,258,"{""reservation"":true,""delivery"":false,""accessible"":false,""takeout"":true,""parking"":true,""pets"":false,""wifi"":true}",서울 강남구 선릉로161길 15 1층 (신사동 662-15),official_description,
93,93화,2023-09-14,[sub] 성시경의 먹을텐데 l 압구정로데오 와일드버팔로 2탄 (with.신동엽),https://www.youtube.com/watch?v=wJL-V0MCgJ8,restaurant,mogeultende_5f77b87ed4e6,와일드버팔로,대한민국,서울 강남구,서울 강남구 선릉로161길 15,양식,후라이드 치킨,"후라이드 치킨 24,000원 | 버팔로윙 24,000원",37.52722072,127.03920205,070-7607-7097,영업 전,17:00 오픈,수 17:00 ~ 24:00 | 목 17:00 ~ 24:00 | 금 17:00 ~ 01:00 | 토 17:00 ~ 01:00 | 일 17:00 ~ 24:00 | 월 17:00 ~ 24:00 | 화 17:00 ~ 24:00,569005274,https://place.map.kakao.com/569005274,3.7,258,"{""reservation"":true,""delivery"":false,""accessible"":false,""takeout"":true,""parking"":true,""pets"":false,""wifi"":true}",서울 강남구 선릉로161길 15 1층 (신사동 662-15),official_description,
94,94화,2023-09-21,[sub] 성시경의 먹을텐데 l 공덕동 원조신촌설렁탕,https://www.youtube.com/watch?v=XO-UqGjZomc,restaurant,mogeultende_ad60e1781210,원조신촌설렁탕,대한민국,서울 마포구,서울 마포구 마포대로14길 16,설렁탕,설렁탕,"설렁탕 13,000원 | 내장곰탕 15,000원 | 수육 55,000원 | 설렁탕(특) 18,000원",37.54828092,126.95626948,02-712-3300,영업 중,21:00 까지,수 06:30 ~ 21:00 | 목 06:30 ~ 21:00 | 금 06:30 ~ 21:00 | 토 06:30 ~ 15:00 | 일 06:30 ~ 15:00 | 월 06:30 ~ 21:00 | 화 06:30 ~ 21:00,16044683,https://place.map.kakao.com/16044683,4.4,217,"{""reservation"":false,""delivery"":false,""accessible"":false,""takeout"":false,""parking"":false,""pets"":false,""wifi"":false}",서울 마포구 마포대로14길 16 (공덕동 119-45),official_description,
95,95화,2023-09-29,[sub] 성시경의 먹을텐데 l 부산 월드양념통닭,https://www.youtube.com/watch?v=EMEROo6ZX6E,restaurant,mogeultende_16ac2f17c46b,월드양념통닭,대한민국,부산 사하구,부산 사하구 장림번영로 22,치킨,후라이드,"후라이드 18,000원 | 통구이 18,000원 | 양념 19,000원 | 반반 19,000원",35.08089619,128.96779054,051-261-9746,영업 전,15:00 오픈,수 15:00 ~ 23:00 / 22:00 라스트오더 | 목 15:00 ~ 23:00 / 22:00 라스트오더 | 금 15:00 ~ 23:00 / 22:00 라스트오더 | 토 15:00 ~ 23:00 / 22:00 라스트오더 | 일 휴무일 | 월 휴무일 | 화 15:00 ~ 23:00 / 22:00 라스트오더,16950175,https://place.map.kakao.com/16950175,3.2,255,"{""reservation"":false,""delivery"":false,""accessible"":false,""takeout"":false,""parking"":false,""pets"":false,""wifi"":false}",부산 사하구 장림번영로 22 (장림동 792-7),official_description,
96,96화,2023-10-05,[sub] 성시경의 먹을텐데 l 의정부 별미순대국,https://www.youtube.com/watch?v=UipN-iww9FE,restaurant,mogeultende_e250aeea10a4,수제별미순대국,대한민국,경기 의정부시,경기 의정부시 신흥로239번길 49-10,순대,순대국,"순대국 10,000원 | 순대국 (특) 12,000원 | 순대 17,000원 | 머리고기 23,000원",37.73705637,127.04026087,031-838-1256,영업 전,09:00 오픈,수 09:00 ~ 15:00 | 목 09:00 ~ 15:00 | 금 09:00 ~ 15:00 | 토 09:00 ~ 15:00 | 일 휴무일 | 월 09:00 ~ 15:00 | 화 09:00 ~ 15:00,34569996,https://place.map.kakao.com/34569996,3.9,218,"{""reservation"":false,""delivery"":true,""accessible"":false,""takeout"":true,""parking"":false,""pets"":false,""wifi"":false}",경기 의정부시 신흥로239번길 49-10 (의정부동 511-4),official_description,
97,97화,2023-10-17,[sub] 성시경의 먹을텐데 l 경동시장 남원통닭,https://www.youtube.com/watch?v=jhAV4lWMlm8,restaurant,mogeultende_a1f5717daa75,남원통닭 별관,대한민국,서울 동대문구,서울 동대문구 홍릉로1길 39,치킨,닭똥집,"닭똥집 16,000원 | 후라이드치킨 (소) 20,000원 | 후라이드치킨 (대) 22,000원 | 양념치킨 (대) 24,000원",37.58040989,127.04276664,02-968-9841,영업 전,11:00 오픈,수 11:00 ~ 21:30 | 목 11:00 ~ 21:30 | 금 11:00 ~ 21:30 | 토 11:00 ~ 21:30 | 일 11:00 ~ 21:30 | 월 11:00 ~ 21:30 | 화 11:00 ~ 21:30,27323391,https://place.map.kakao.com/27323391,3.4,409,"{""reservation"":true,""delivery"":false,""accessible"":false,""takeout"":true,""parking"":false,""pets"":false,""wifi"":true}",서울 동대문구 홍릉로1길 39 (제기동 635-4),official_description,
98,98화,2023-10-23,"[sub] 성시경의 먹을텐데 l 경동시장 안동집, 김제식당",https://www.youtube.com/watch?v=6T7fWf5EA0s,restaurant,mogeultende_a66dd331f994,안동집,대한민국,서울 동대문구,서울 동대문구 고산자로36길 3,국수,건진국시,"건진국시 10,000원 | 손국시 10,000원 | 수육 14,000원 | 배추전 10,000원",37.5793938,127.03953845,02-965-3948,영업 전,10:00 오픈,수 10:00 ~ 18:00 / 15:30 ~ 16:30 브레이크타임 / 17:00 라스트오더 | 목 10:00 ~ 18:00 / 15:30 ~ 16:30 브레이크타임 / 17:00 라스트오더 | 금 10:00 ~ 18:00 / 15:30 ~ 16:30 브레이크타임 / 17:00 라스트오더 | 토 10:00 ~ 17:00 / 16:00 라스트오더 | 일 10:00 ~ 17:00 / 16:00 라스트오더 | 월 10:00 ~ 18:00 / 15:30 ~ 16:30 브레이크타임 / 17:00 라스트오더 | 화 10:00 ~ 18:00 / 15:30 ~ 16:30 브레이크타임 / 17:00 라스트오더,15629433,https://place.map.kakao.com/15629433,3.1,193,"{""reservation"":false,""delivery"":false,""accessible"":false,""takeout"":false,""parking"":false,""pets"":false,""wifi"":false}",서울 동대문구 고산자로36길 3 신관 지하1층 8-2호 (제기동 1019),official_description,
98,98화,2023-10-23,"[sub] 성시경의 먹을텐데 l 경동시장 안동집, 김제식당",https://www.youtube.com/watch?v=6T7fWf5EA0s,restaurant,mogeultende_220c1a1923ad,김제식당,대한민국,서울 동대문구,서울 동대문구 고산자로36길 3,아구,아구탕 (2인분),"아구탕 (2인분) 26,000원 | 보리밥 8,000원 | 아구찜 (3인분) 50,000원 | 홍어찜 (2인분) 30,000원",37.57957309,127.03953854,02-962-0461,영업 전,11:00 오픈,수 11:00 ~ 20:00 / 19:00 라스트오더 | 목 11:00 ~ 20:00 / 19:00 라스트오더 | 금 11:00 ~ 20:00 / 19:00 라스트오더 | 토 11:00 ~ 20:00 / 19:00 라스트오더 | 일 11:00 ~ 20:00 / 19:00 라스트오더 | 월 11:00 ~ 20:00 / 19:00 라스트오더 | 화 11:00 ~ 20:00 / 19:00 라스트오더,2023228229,https://place.map.kakao.com/2023228229,4.4,49,"{""reservation"":false,""delivery"":false,""accessible"":false,""takeout"":false,""parking"":false,""pets"":false,""wifi"":false}",서울 동대문구 고산자로36길 3 신관 지하1층 49-1호 (제기동 1019),official_description,
99,99화,2023-10-30,[sub] 성시경의 먹을텐데 l 북창동 묵호회집 (with.최자),https://www.youtube.com/watch?v=n5Zpld_kH0o,restaurant,mogeultende_4b693f950150,묵호회집,대한민국,서울 중구,서울 중구 세종대로14길 26,회,스페셜(1인),"스페셜(1인) 180,000원 | 특사시미(1인) 150,000원 | 실장님사시미(1인) 220,000원 | 사시미(1인) 120,000원",37.56274979,126.97806939,02-779-4705,영업 전,11:00 오픈,수 11:00 ~ 22:00 | 목 11:00 ~ 22:00 | 금 11:00 ~ 22:00 | 토 11:00 ~ 21:00 | 일 휴무일 | 월 11:00 ~ 22:00 | 화 11:00 ~ 22:00,11247336,https://place.map.kakao.com/11247336,2.9,50,"{""reservation"":false,""delivery"":false,""accessible"":false,""takeout"":false,""parking"":true,""pets"":false,""wifi"":false}",서울 중구 세종대로14길 26 (북창동 82),official_description,
100,100화,2023-11-03,[sub] 성시경의 먹을텐데 l 천안 청화집,https://www.youtube.com/watch?v=UHembfdHJn8,restaurant,mogeultende_63d2bc5eb8e6,청화집순대,대한민국,충남 천안시,충남 천안시 동남구 병천면 충절로 1749,순대,순대국밥,"순대국밥 9,000원 | 순대(한접시) 14,000원 | 순대(반접시) 7,000원",36.76237335,127.29924733,041-564-1558,영업 전,09:00 오픈,수 09:00 ~ 17:00 | 목 09:00 ~ 17:00 | 금 08:30 ~ 17:00 | 토 08:30 ~ 17:00 | 일 08:30 ~ 17:00 | 월 휴무일 | 화 09:00 ~ 17:00,11233700,https://place.map.kakao.com/11233700,4.2,639,"{""reservation"":true,""delivery"":false,""accessible"":false,""takeout"":true,""parking"":true,""pets"":false,""wifi"":false}",충남 천안시 동남구 병천면 충절로 1749 (병천리 167-6),official_description,
101,101화,2023-11-06,[sub] 성시경의 먹을텐데 l 용산구 야스노야 본점 (with.에픽하이),https://www.youtube.com/watch?v=PjRz1aL-3Z8,restaurant,mogeultende_d8c5cf6b7ba0,야스노야 본점,대한민국,서울 용산구,서울 용산구 후암로 8-1,일식,진한 돼지국밥 (기본),"진한 돼지국밥 (기본) 13,000원 | 맑은 돼지국밥 (기본) 13,000원 | 야스노야 시그니처 생양갈비 (200g) (수량한정) 33,000원 | 특수부위 (150g) (수량한정) 29,000원",37.54672651,126.97840904,02-777-0708,영업 전,17:00 오픈,수 17:00 ~ 22:00 / 20:30 라스트오더 | 목 17:00 ~ 22:00 / 20:30 라스트오더 | 금 17:00 ~ 22:00 / 20:30 라스트오더 | 토 17:00 ~ 22:00 / 20:30 라스트오더 | 일 17:00 ~ 22:00 / 20:30 라스트오더 | 월 17:00 ~ 22:00 / 20:30 라스트오더 | 화 17:00 ~ 22:00 / 20:30 라스트오더,838112827,https://place.map.kakao.com/838112827,3.9,255,"{""reservation"":true,""delivery"":false,""accessible"":false,""takeout"":false,""parking"":false,""pets"":false,""wifi"":false}",서울 용산구 후암로 8-1 1층 (후암동 251-15),official_description,
102,102화,2023-11-18,[sub] 성시경의 먹을텐데 l 로코스 비비큐 경리단길본점,https://www.youtube.com/watch?v=Hmje6h1lcuQ,restaurant,mogeultende_0b1cd5c08304,로코스 비비큐 경리단길본점,대한민국,서울 용산구,서울 용산구 회나무로 83,"스테이크,립",로코스 바베큐 샘플러,"로코스 바베큐 샘플러 59,800원 | 로코스 베이비 백립 21,900원 | 양송이튀김 11,900원 | 로코스 하바나콘 6,900원",37.54098723,126.9955407,02-794-3234,영업 전,11:30 오픈,수 11:30 ~ 22:00 | 목 11:30 ~ 22:00 | 금 11:30 ~ 22:00 | 토 11:30 ~ 22:00 | 일 11:30 ~ 22:00 | 월 11:30 ~ 22:00 | 화 11:30 ~ 22:00,618020526,https://place.map.kakao.com/618020526,0,139,"{""reservation"":true,""delivery"":false,""accessible"":false,""takeout"":false,""parking"":true,""pets"":false,""wifi"":false}",서울 용산구 회나무로 83 (이태원동 2-5),official_description,
103,103화,2023-11-27,[sub] 성시경의 먹을텐데 l 정자동 윤밀원,https://www.youtube.com/watch?v=Mlh01V0vxeI,restaurant,mogeultende_7864b956569e,윤밀원,대한민국,경기 성남시,경기 성남시 분당구 백현로 154,"족발,보쌈",반족발,"반족발 29,000원 | 양무침 31,000원 | 평양냉면 14,000원 | 비빔막국수 13,000원",37.37269697,127.1150478,031-714-8388,영업 전,11:30 오픈,수 11:30 ~ 21:30 / 15:00 ~ 17:00 브레이크타임 / 21:00 라스트오더 | 목 11:30 ~ 21:30 / 15:00 ~ 17:00 브레이크타임 / 21:00 라스트오더 | 금 11:30 ~ 21:30 / 15:00 ~ 17:00 브레이크타임 / 21:00 라스트오더 | 토 11:30 ~ 21:30 / 15:00 ~ 17:00 브레이크타임 / 21:00 라스트오더 | 일 11:30 ~ 21:30 / 15:00 ~ 17:00 브레이크타임 / 21:00 라스트오더 | 월 11:30 ~ 21:30 / 15:00 ~ 17:00 브레이크타임 / 21:00 라스트오더 | 화 11:30 ~ 21:30 / 15:00 ~ 17:00 브레이크타임 / 21:00 라스트오더,27478115,https://place.map.kakao.com/27478115,4.2,1156,"{""reservation"":true,""delivery"":false,""accessible"":true,""takeout"":true,""parking"":false,""pets"":false,""wifi"":true}",경기 성남시 분당구 백현로 154 1층 (정자동 46-5),official_description,
104,104화,2023-12-04,[sub] 성시경의 먹을텐데 l 강남 파이브가이즈,https://www.youtube.com/watch?v=ofqOn5PUqbs,restaurant,mogeultende_1b0bd8d9149c,파이브가이즈 강남,대한민국,서울 서초구,서울 서초구 강남대로 435,햄버거,치즈버거,"치즈버거 15,900원 | 베이컨 치즈버거 17,900원 | 햄버거 14,400원 | 베이컨 버거 16,900원",37.50117734,127.02556092,070-883-4790,영업 전,10:30 오픈,수 10:30 ~ 22:00 | 목 10:30 ~ 22:00 | 금 10:00 ~ 22:00 | 토 10:00 ~ 22:00 | 일 10:30 ~ 22:00 | 월 10:30 ~ 22:00 | 화 10:30 ~ 22:00,1725176424,https://place.map.kakao.com/1725176424,3.2,4212,"{""reservation"":false,""delivery"":false,""accessible"":true,""takeout"":true,""parking"":false,""pets"":false,""wifi"":true}",서울 서초구 강남대로 435 주류성빌딩 (서초동 1305-5),official_description,
105,105화,2023-12-11,성시경의 먹을텐데 l 하와이 푸드 & 와인 페스티벌,https://www.youtube.com/watch?v=RjcQinmGQWE,event,,,,,,,,,,,,,,,,,,,{},,,하와이 푸드 앤 와인 페스티벌 소개편으로 특정 방문 식당 없음
106,106화,2023-12-18,"[sub] 성시경의 먹을텐데 l 서촌 도량, 오쁘띠베르",https://www.youtube.com/watch?v=83rTZdp9ty8,restaurant,mogeultende_17646b81a6a7,도량,대한민국,서울 종로구,서울 종로구 자하문로6길 6,중국요리,동파육,"동파육 40,000원 | 유니짜장 11,000원 | 팔진짬뽕 13,000원 | 마라짬뽕 15,000원",37.57796824,126.97250418,02-739-0145,영업 전,11:00 오픈,수 11:00 ~ 21:30 / 14:30 ~ 17:00 브레이크타임 | 목 11:00 ~ 21:30 / 14:30 ~ 17:00 브레이크타임 | 금 11:00 ~ 21:30 / 14:30 ~ 17:00 브레이크타임 | 토 11:00 ~ 21:30 / 14:30 ~ 17:00 브레이크타임 | 일 11:00 ~ 21:30 / 14:30 ~ 17:00 브레이크타임 | 월 휴무일 | 화 11:00 ~ 21:30 / 14:30 ~ 17:00 브레이크타임,811744471,https://place.map.kakao.com/811744471,4.2,1596,"{""reservation"":true,""delivery"":false,""accessible"":true,""takeout"":true,""parking"":true,""pets"":false,""wifi"":true}","서울 종로구 자하문로6길 6 2, 3층 (통의동 35-12)",official_description,
106,106화,2023-12-18,"[sub] 성시경의 먹을텐데 l 서촌 도량, 오쁘띠베르",https://www.youtube.com/watch?v=83rTZdp9ty8,restaurant,mogeultende_595e3f5f8622,오쁘띠베르,대한민국,서울 종로구,서울 종로구 자하문로 47-1,디저트카페,레몬타르트,"바닐라 에클레르 7,500원 | 생맥주 변동가격 | 레몬타르트 9,000원 | 피낭시에 가르니 피스타치오 7,500원",37.58026,126.97097952,02-735-7569,영업 전,12:00 오픈,수 12:00 ~ 21:00 | 목 12:00 ~ 21:00 | 금 12:00 ~ 21:00 | 토 12:00 ~ 21:00 | 일 12:00 ~ 21:00 | 월 12:00 ~ 21:00 | 화 12:00 ~ 21:00,1832182578,https://place.map.kakao.com/1832182578,3.8,517,"{""reservation"":true,""delivery"":true,""accessible"":true,""takeout"":true,""parking"":false,""pets"":true,""wifi"":true}",서울 종로구 자하문로 47-1 (통인동 114),official_description,
107,107화,2024-01-02,[sub] 성시경의 먹을텐데 l 이수역 돈키돈까스,https://www.youtube.com/watch?v=AwQ4g5o1F4Y,restaurant,mogeultende_1ce3ab516f27,돈키,대한민국,서울 서초구,서울 서초구 방배천로18길 10,"돈까스,우동",로스카츠 정식,"로스카츠 정식 11,000원 | 히레카츠 정식 12,000원 | 치킨까스 정식 10,000원 | 생선까스 정식 12,000원",37.48256861,126.98323044,02-599-2747,영업 전,11:30 오픈,수 11:30 ~ 20:30 / 15:00 ~ 16:30 브레이크타임 / 20:00 라스트오더 | 목 11:30 ~ 20:30 / 15:00 ~ 16:30 브레이크타임 / 20:00 라스트오더 | 금 11:30 ~ 20:30 / 15:00 ~ 16:30 브레이크타임 / 20:00 라스트오더 | 토 11:30 ~ 20:30 / 15:00 ~ 16:30 브레이크타임 / 20:00 라스트오더 | 일 11:30 ~ 20:30 / 15:00 ~ 16:30 브레이크타임 / 20:00 라스트오더 | 월 11:30 ~ 20:30 / 15:00 ~ 16:30 브레이크타임 / 20:00 라스트오더 | 화 11:30 ~ 20:30 / 15:00 ~ 16:30 브레이크타임 / 20:00 라스트오더,17532330,https://place.map.kakao.com/17532330,4,222,"{""reservation"":true,""delivery"":true,""accessible"":false,""takeout"":true,""parking"":false,""pets"":false,""wifi"":false}",서울 서초구 방배천로18길 10 1F (방배동 437-4),official_description,
108,108화,2024-01-15,[sub] 성시경의 먹을텐데 l 경동시장 권영수 대가전골,https://www.youtube.com/watch?v=UhlyCAVklLE,restaurant,mogeultende_ed95554ab428,권영수대가전골,대한민국,서울 동대문구,서울 동대문구 고산자로36길 3,"찌개,전골",수제만두전골(2인분),"수제만두전골(2인분) 36,000원 | 한우곱창전골(2인분) 50,000원 | 한우육회 비빔밥 15,000원 | 안동문어 39,000원",37.57945803,127.03875168,02-960-6043,영업 전,11:00 오픈,수 11:00 ~ 22:00 | 목 11:00 ~ 22:00 | 금 11:00 ~ 22:00 | 토 11:00 ~ 22:00 | 일 11:00 ~ 22:00 | 월 휴무일 | 화 11:00 ~ 22:00,1910019452,https://place.map.kakao.com/1910019452,3.2,391,"{""reservation"":true,""delivery"":false,""accessible"":false,""takeout"":false,""parking"":false,""pets"":false,""wifi"":false}",서울 동대문구 고산자로36길 3 본관1층 10057호 (제기동 1019),official_description,
109,109화,2024-01-22,[sub] 성시경의 먹을텐데 l 왕십리역 굴과찜사랑,https://www.youtube.com/watch?v=RDcRtNT-bm0,restaurant,mogeultende_2682471775c7,굴과찜사랑 본사직영점,대한민국,서울 성동구,서울 성동구 행당로17길 23,"굴,전복",굴칼국수,"굴칼국수 9,000원 | 생굴전 25,000원 | 산낙지회 20,000원 | 생굴회(반접시) 14,000원",37.56033887,127.03295258,02-2296-9922,영업 전,15:00 오픈,수 15:00 ~ 23:00 | 목 15:00 ~ 23:00 | 금 15:00 ~ 23:00 | 토 14:00 ~ 23:00 | 일 14:00 ~ 22:00 | 월 휴무일 | 화 15:00 ~ 23:00,15278736,https://place.map.kakao.com/15278736,2.9,304,"{""reservation"":true,""delivery"":false,""accessible"":false,""takeout"":true,""parking"":false,""pets"":false,""wifi"":false}",서울 성동구 행당로17길 23 (행당동 298-50),official_description,
110,110화,2024-01-29,"[sub] 성시경의 먹을텐데 l 제주도 동복리 해녀촌, 돌다메",https://www.youtube.com/watch?v=glQ2P0B-EwE,restaurant,mogeultende_b85cf201c61b,해녀촌,대한민국,제주특별자치도 제주시,제주특별자치도 제주시 구좌읍 동복로 33,"해물,생선",회국수,"회국수 13,000원 | 성게국수 15,000원 | 소라국수 13,000원 | 한치(오징어)국수 15,000원",33.5536616,126.70988095,064-783-5438,영업 전,09:00 오픈,수 09:00 ~ 19:00 | 목 09:00 ~ 19:00 | 금 09:00 ~ 19:00 | 토 09:00 ~ 19:00 | 일 09:00 ~ 19:00 | 월 09:00 ~ 19:00 | 화 휴무일,16525337,https://place.map.kakao.com/16525337,4,900,"{""reservation"":true,""delivery"":false,""accessible"":false,""takeout"":true,""parking"":true,""pets"":false,""wifi"":false}",제주 제주시 구좌읍 동복로 33 (동복리 1502-1),official_description,
110,110화,2024-01-29,"[sub] 성시경의 먹을텐데 l 제주도 동복리 해녀촌, 돌다메",https://www.youtube.com/watch?v=glQ2P0B-EwE,restaurant,mogeultende_1b60b3765205,돌다메,대한민국,제주특별자치도 제주시,제주특별자치도 제주시 우정로4길 16,"육류,고기",제주백오겹살(1인분),"제주흑오겹살(1인분) 22,000원 | 제주흑목살(1인분) 22,000원 | 제주백오겹살(1인분) 18,000원 | 제주 꽃 멜조림 5,000원",33.49144644,126.42878411,0503-7151-4440,영업 전,15:00 오픈,수 15:00 ~ 22:00 | 목 15:00 ~ 22:00 | 금 12:00 ~ 22:00 | 토 12:00 ~ 22:00 | 일 12:00 ~ 22:00 | 월 15:00 ~ 22:00 | 화 15:00 ~ 22:00,574242415,https://place.map.kakao.com/574242415,0,380,"{""reservation"":true,""delivery"":false,""accessible"":true,""takeout"":false,""parking"":true,""pets"":false,""wifi"":true}",제주 제주시 우정로4길 16 (외도일동 413-5),official_description,
111,111화,2024-01-31,[sub] 성시경의 먹을텐데 l 제주도 함덕골목 본점,https://www.youtube.com/watch?v=8iDE8whsJpU,restaurant,mogeultende_084ae5fe20ab,함덕골목 본점,대한민국,제주특별자치도 제주시,제주특별자치도 제주시 조천읍 조천북6길 62,해장국,"해장국, 내장탕","해장국 11,000원 | 내장탕 12,000원",33.53935717,126.64115799,064-784-5511,영업 중,13:30 까지,수 07:00 ~ 13:30 | 목 휴무일 | 금 07:00 ~ 13:30 | 토 07:00 ~ 13:30 | 일 07:00 ~ 13:30 | 월 07:00 ~ 13:30 | 화 07:00 ~ 13:30,1163513107,https://place.map.kakao.com/1163513107,4.3,634,"{""reservation"":true,""delivery"":false,""accessible"":true,""takeout"":false,""parking"":true,""pets"":false,""wifi"":true}",제주 제주시 조천읍 조천북6길 62 (조천리 1209-13),official_description,
112,112화,2024-02-05,"[sub] 성시경의 먹을텐데 l 명동역 향미, 개화",https://www.youtube.com/watch?v=X5QLs6bflT4,restaurant,mogeultende_46bcbc4f55ce,향미 명동점,대한민국,서울 중구,서울 중구 남대문로 52-5,중국요리,중식돈까스,"중식돈까스 10,000원 | 물만두(10p) 8,000원 | 짜장면 7,000원 | 유린기(소) 24,000원",37.5621017,126.98175483,02-773-8835,영업 전,11:30 오픈,수 11:30 ~ 21:30 / 15:00 ~ 17:00 브레이크타임 / 20:30 라스트오더 | 목 11:30 ~ 21:30 / 15:00 ~ 17:00 브레이크타임 / 20:30 라스트오더 | 금 11:30 ~ 21:30 / 15:00 ~ 17:00 브레이크타임 / 20:30 라스트오더 | 토 11:30 ~ 21:00 / 15:00 ~ 17:00 브레이크타임 | 일 휴무일 | 월 11:30 ~ 21:30 / 15:00 ~ 17:00 브레이크타임 / 20:30 라스트오더 | 화 11:30 ~ 21:30 / 15:00 ~ 17:00 브레이크타임 / 20:30 라스트오더,8609409,https://place.map.kakao.com/8609409,0,179,"{""reservation"":true,""delivery"":true,""accessible"":false,""takeout"":true,""parking"":false,""pets"":false,""wifi"":true}",서울 중구 남대문로 52-5 1층 (명동2가 107-1),official_description,
112,112화,2024-02-05,"[sub] 성시경의 먹을텐데 l 명동역 향미, 개화",https://www.youtube.com/watch?v=X5QLs6bflT4,restaurant,mogeultende_60ce0d6c8aec,개화,대한민국,서울 중구,서울 중구 남대문로 52-5,중국요리,수소면,"수소면 11,000원 | 고추짬뽕 11,000원 | 유니짜장면 7,000원 | 삼선간짜장면 10,000원",37.56210893,126.98187707,02-776-0508,영업 전,11:30 오픈,수 11:30 ~ 22:30 | 목 11:30 ~ 22:30 | 금 11:30 ~ 22:30 | 토 휴무일 | 일 11:30 ~ 22:30 | 월 11:30 ~ 22:30 | 화 11:30 ~ 22:30,10130879,https://place.map.kakao.com/10130879,2.8,140,"{""reservation"":true,""delivery"":false,""accessible"":false,""takeout"":true,""parking"":false,""pets"":false,""wifi"":false}",서울 중구 남대문로 52-5 대한문화예술공사 (명동2가 107-1),official_description,
113,113화,2024-02-08,[sub] 성시경의 먹을텐데 l 압구정로데오 스테이지 바이 고디바,https://www.youtube.com/watch?v=nDYvEJb5QeY,restaurant,mogeultende_3799afbaaee1,스테이지 바이 고디바,대한민국,서울 강남구,서울 강남구 도산대로49길 15 1층 (신사동 648-11),음식점,"디저트 2코스, 디저트 5코스","디저트 2코스 28,000원 | 디저트 5코스 55,000원 | 샴페인(1잔) 15,000원 | 하이볼(1잔) 15,000원 | 포트와인(1잔) 18,000원",,,,,,,,,,,{},서울 강남구 도산대로49길 15 1층 (신사동 648-11),official_description,
114,114화,2024-02-13,[sub] 성시경의 먹을텐데 l 독일 베를린 특집 1탄 (with.신동엽),https://www.youtube.com/watch?v=uz9iDRunXDg,travel_special,,,,,,,,,,,,,,,,,,,{},,,해외 식당 1곳은 국내 전용 데이터셋 정책으로 제외
115,115화,2024-02-15,[sub] 성시경의 먹을텐데 l 독일 베를린 특집 2탄 (with.신동엽),https://www.youtube.com/watch?v=KXyO94mk2y8,travel_special,,,,,,,,,,,,,,,,,,,{},,,베를린 길거리 음식 특집. 공식 설명에 상호와 주소가 공개되지 않아 식당 행은 보류
116,116화,2024-02-29,[sub] 성시경의 먹을텐데 l 답십리역 오소록,https://www.youtube.com/watch?v=kV8BKO9VKdQ,restaurant,mogeultende_a931ea2cdc7b,오소록,대한민국,서울 동대문구,서울 동대문구 전농로3길 1-2,국수,고기국수,"고기국수 9,000원 | 얼큰고기국수 9,000원 | 비빔국수 9,000원 | 돔베고기(반도마) 15,000원",37.56799285,127.05663692,02-2246-3547,영업 전,11:00 오픈,수 11:00 ~ 21:30 / 15:00 ~ 17:00 브레이크타임 | 목 11:00 ~ 21:30 / 15:00 ~ 17:00 브레이크타임 | 금 11:00 ~ 21:30 / 15:00 ~ 17:00 브레이크타임 | 토 11:00 ~ 21:30 / 15:00 ~ 17:00 브레이크타임 | 일 11:00 ~ 21:30 / 15:00 ~ 17:00 브레이크타임 | 월 11:00 ~ 21:30 / 15:00 ~ 17:00 브레이크타임 | 화 11:00 ~ 21:30 / 15:00 ~ 17:00 브레이크타임,849748594,https://place.map.kakao.com/849748594,3.8,449,"{""reservation"":false,""delivery"":false,""accessible"":false,""takeout"":true,""parking"":false,""pets"":false,""wifi"":true}",서울 동대문구 전농로3길 1-2 1층 (답십리동 276-24),official_description,
117,117화,2024-03-06,[sub] 성시경의 먹을텐데 l 흑석시장 진미순대,https://www.youtube.com/watch?v=3LSQH7ULyaE,restaurant,mogeultende_3c74e11cbbf4,진미순대,대한민국,서울 동작구,서울 동작구 서달로14나길 24-5,순대,따로국밥,"따로국밥 11,000원 | 돼지따로국밥 11,000원 | 순대고기 18,000원 | 머리고기 18,000원",37.50719208,126.9628465,02-812-0539,영업 전,10:30 오픈,수 10:30 ~ 20:30 / 15:00 ~ 17:00 브레이크타임 / 20:00 라스트오더 | 목 10:30 ~ 20:30 / 15:00 ~ 17:00 브레이크타임 / 20:00 라스트오더 | 금 10:30 ~ 20:30 / 15:00 ~ 17:00 브레이크타임 / 20:00 라스트오더 | 토 10:30 ~ 20:30 / 15:00 ~ 17:00 브레이크타임 / 20:00 라스트오더 | 일 휴무일 | 월 휴무일 | 화 10:30 ~ 20:30 / 15:00 ~ 17:00 브레이크타임 / 20:00 라스트오더,12439395,https://place.map.kakao.com/12439395,4.1,134,"{""reservation"":false,""delivery"":false,""accessible"":false,""takeout"":true,""parking"":false,""pets"":false,""wifi"":false}",서울 동작구 서달로12가길 5 (흑석동 97-22),official_description,
118,118화,2024-03-11,[sub] 성시경의 먹을텐데 l 흑석시장 충북순대,https://www.youtube.com/watch?v=TUbvswTagLg,restaurant,mogeultende_8f08edb7bda5,충북원조순대국밥,대한민국,서울 동작구,서울 동작구 서달로14길 16,순대,순대국밥,"순대국밥 10,000원 | 모듬순대 18,000원 | 따로국밥 (특) 11,000원 | 내장고기 18,000원",37.50779965,126.96380756,,영업 전,09:00 오픈,수 09:00 ~ 22:00 | 목 09:00 ~ 22:00 | 금 09:00 ~ 22:00 | 토 09:00 ~ 22:00 | 일 휴무일 | 월 09:00 ~ 22:00 | 화 09:00 ~ 22:00,752520562,https://place.map.kakao.com/752520562,4.1,46,"{""reservation"":false,""delivery"":false,""accessible"":false,""takeout"":false,""parking"":false,""pets"":false,""wifi"":false}",서울 동작구 서달로14길 16 1층 (흑석동 50-24),official_description,
119,119화,2024-03-18,[sub] 성시경의 먹을텐데 l 싱가포르 현지 맛집 1탄,https://www.youtube.com/watch?v=FVT2CkadZ_k,travel_special,,,,,,,,,,,,,,,,,,,{},,,해외 식당 3곳은 국내 전용 데이터셋 정책으로 제외
120,120화,2024-03-20,[sub] 성시경의 먹을텐데 l 싱가포르 현지 맛집 2탄,https://www.youtube.com/watch?v=mXS9KSGmN4A,travel_special,,,,,,,,,,,,,,,,,,,{},,,해외 식당 3곳은 국내 전용 데이터셋 정책으로 제외
121,121화,2024-04-04,성시경의 먹을텐데 l 후암동 진동세꼬시,https://www.youtube.com/watch?v=vbgOayi86Dg,restaurant,mogeultende_f9b507b89c3d,진동세꼬시,대한민국,서울 용산구,서울 용산구 한강대로104길 80,회,세꼬시정식 (2인이상),"세꼬시정식 (2인이상) 25,000원 | 세꼬시(1인) 43,000원 | 모듬(1인) 43,000원 | 멍게 20,000원",37.55003553,126.97658726,02-772-9578,영업정보,,,1658016192,https://place.map.kakao.com/1658016192,1.7,91,"{""reservation"":false,""delivery"":false,""accessible"":false,""takeout"":false,""parking"":false,""pets"":false,""wifi"":false}",서울 용산구 한강대로104길 80 1층 (후암동 103-10),official_description,
122,122화,2024-04-15,[sub] 성시경의 먹을텐데 l 신사동 가담,https://www.youtube.com/watch?v=Pdq4VoNf7tI,restaurant,mogeultende_3cbc3f126c0b,가담,대한민국,서울 강남구,서울 강남구 언주로167길 35,중식,짜장면,"짜장면 9,000원 | 잡탕밥 15,000원 | 특색 냉채 60,000원 | 송이 전복 65,000원",37.52637641,127.03026891,02-545-5163,영업 전,11:20 오픈,수 11:20 ~ 21:30 / 15:00 ~ 17:00 브레이크타임 | 목 11:20 ~ 21:30 / 15:00 ~ 17:00 브레이크타임 | 금 11:20 ~ 21:30 / 15:00 ~ 17:00 브레이크타임 | 토 11:20 ~ 21:30 / 15:00 ~ 17:00 브레이크타임 | 일 11:20 ~ 21:30 / 15:00 ~ 17:00 브레이크타임 | 월 11:20 ~ 21:30 / 15:00 ~ 17:00 브레이크타임 | 화 11:20 ~ 21:30 / 15:00 ~ 17:00 브레이크타임,10954377,https://place.map.kakao.com/10954377,3.2,289,"{""reservation"":true,""delivery"":false,""accessible"":false,""takeout"":true,""parking"":true,""pets"":false,""wifi"":true}",서울 강남구 언주로167길 35 (신사동 608-8),official_description,
123,123화,2024-04-22,"[sub] 성시경의 먹을텐데 l 청담동 잔비워, 이남장 삼성점 (with.크리스탈 케이)",https://www.youtube.com/watch?v=UFN682fRiWQ,restaurant,mogeultende_efe9b1ecd580,잔비워,대한민국,서울 강남구,서울 강남구 압구정로73길 5,"호프,요리주점",잔비워 골뱅이소면,"잔비워 후라이드치킨 20,000원 | 잔비워 골뱅이소면 21,000원 | 잔비워 샐러드 2,000원 | 잔비워 먹태 16,000원",37.52667399,127.04619658,010-4226-5904,영업 전,17:30 오픈,수 17:30 ~ 03:00 | 목 17:30 ~ 03:00 | 금 17:30 ~ 03:00 | 토 17:30 ~ 03:00 | 일 휴무일 | 월 17:30 ~ 03:00 | 화 17:30 ~ 03:00,1149031981,https://place.map.kakao.com/1149031981,4.5,69,"{""reservation"":false,""delivery"":false,""accessible"":false,""takeout"":false,""parking"":true,""pets"":false,""wifi"":false}",서울 강남구 압구정로73길 5 (청담동 100-16),official_description,
123,123화,2024-04-22,"[sub] 성시경의 먹을텐데 l 청담동 잔비워, 이남장 삼성점 (with.크리스탈 케이)",https://www.youtube.com/watch?v=UFN682fRiWQ,restaurant,mogeultende_b6920c13939c,이남장 삼성점,대한민국,서울 강남구,서울 강남구 봉은사로108길 21,설렁탕,설렁탕 (보통),"설렁탕 (보통) 14,000원 | 설렁탕 (특) 23,000원 | 수육 (중) 70,000원 | 수육 (대) 80,000원",37.51356846,127.06445013,02-569-8726,영업 전,10:00 오픈,수 10:00 ~ 22:00 | 목 10:00 ~ 22:00 | 금 10:00 ~ 21:00 | 토 10:00 ~ 21:00 | 일 10:00 ~ 21:00 | 월 10:00 ~ 22:00 | 화 10:00 ~ 22:00,16649489,https://place.map.kakao.com/16649489,4.1,210,"{""reservation"":true,""delivery"":false,""accessible"":false,""takeout"":true,""parking"":true,""pets"":false,""wifi"":false}",서울 강남구 봉은사로108길 21 (삼성동 165-12),official_description,
124,124화,2024-04-26,[sub] 성시경의 먹을텐데 l 남영동 초원,https://www.youtube.com/watch?v=3OpdevZyzrs,restaurant,mogeultende_05c523adeb85,초원,대한민국,서울 용산구,서울 용산구 한강대로80길 7,"육류,고기",한우 등심 주물럭1++ (130g),"한우 등심 주물럭1++ (130g) 38,000원 | 특상우설(130g) 36,000원 | 눈꽃 살치 주물럭1++ (130g) 48,000원 | 특양(150g) 28,000원",37.54264935,126.97334092,02-749-5949,영업 전,12:00 오픈,수 12:00 ~ 23:00 | 목 12:00 ~ 23:00 | 금 12:00 ~ 23:00 | 토 12:00 ~ 23:00 | 일 12:00 ~ 23:00 | 월 12:00 ~ 23:00 | 화 12:00 ~ 23:00,2098373141,https://place.map.kakao.com/2098373141,0,647,"{""reservation"":true,""delivery"":false,""accessible"":false,""takeout"":false,""parking"":false,""pets"":false,""wifi"":true}",서울 용산구 한강대로80길 7 (남영동 80-4),official_description,
125,125화,2024-05-07,[sub] 성시경의 먹을텐데 l 매치스성수 (with.초아),https://www.youtube.com/watch?v=YEUXJ9lBk2E,restaurant,mogeultende_1d775528ed94,매치스 성수,대한민국,서울 성동구,서울 성동구 뚝섬로13길 36,양식,오! 세비체,"꽈리고추와 알리오 조개 22,000원 | 캠프파이어 어니언 스프 15,800원 | 오! 세비체 27,000원 | 밀키 크런치 크로켓 8,800원",37.54131815,127.05801868,02-6956-8662,영업 전,16:00 오픈,수 16:00 ~ 24:00 | 목 16:00 ~ 24:00 | 금 16:00 ~ 24:00 | 토 16:00 ~ 24:00 | 일 16:00 ~ 23:00 | 월 휴무일 | 화 16:00 ~ 24:00,57374817,https://place.map.kakao.com/57374817,4.7,226,"{""reservation"":true,""delivery"":false,""accessible"":true,""takeout"":false,""parking"":true,""pets"":false,""wifi"":false}",서울 성동구 뚝섬로13길 36 7층 (성수동2가 271-12),official_description,
126,126화,2024-05-15,[sub] 성시경의 먹을텐데 l 연희동 이품,https://www.youtube.com/watch?v=C3E86BioldA,restaurant,mogeultende_2b1a5d4268b1,이품,대한민국,서울 서대문구,서울 서대문구 연희로11길 20,중국요리,군만두,"군만두 10,000원 | 간짜장 9,500원 | 계란탕 27,000원 | 고추잡채 (소) 32,000원",37.56752621,126.93004758,02-322-6172,영업 전,11:00 오픈,수 11:00 ~ 21:00 / 15:00 ~ 17:00 브레이크타임 / 20:30 라스트오더 | 목 11:00 ~ 21:00 / 15:00 ~ 17:00 브레이크타임 / 20:30 라스트오더 | 금 11:00 ~ 21:00 / 15:00 ~ 17:00 브레이크타임 / 20:30 라스트오더 | 토 11:00 ~ 21:00 / 20:30 라스트오더 | 일 휴무일 | 월 11:00 ~ 21:00 / 15:00 ~ 17:00 브레이크타임 / 20:30 라스트오더 | 화 11:00 ~ 21:00 / 15:00 ~ 17:00 브레이크타임 / 20:30 라스트오더,9348308,https://place.map.kakao.com/9348308,3.5,243,"{""reservation"":true,""delivery"":true,""accessible"":true,""takeout"":true,""parking"":false,""pets"":false,""wifi"":false}",서울 서대문구 연희로11길 20 (연희동 132-19),official_description,
127,127화,2024-05-22,[sub] 성시경의 먹을텐데 l 속초 전원식당,https://www.youtube.com/watch?v=IJwIJZ3G-pw,restaurant,mogeultende_04b3f33242fd,전원식당,대한민국,강원특별자치도 속초시,강원특별자치도 속초시 영금정로 15,한식,두루치기(2인이상),"두루치기(2인이상) 15,000원",38.21293616,128.59809859,033-633-0282,휴무일,금 09:00 오픈,수 휴무일 | 목 휴무일 | 금 09:00 ~ 18:00 / 15:00 ~ 17:00 브레이크타임 | 토 09:00 ~ 18:00 / 15:00 ~ 17:00 브레이크타임 | 일 09:00 ~ 18:00 / 15:00 ~ 17:00 브레이크타임 | 월 09:00 ~ 18:00 / 15:00 ~ 17:00 브레이크타임 | 화 09:00 ~ 18:00 / 15:00 ~ 17:00 브레이크타임,16888189,https://place.map.kakao.com/16888189,3.5,767,"{""reservation"":true,""delivery"":false,""accessible"":false,""takeout"":true,""parking"":true,""pets"":false,""wifi"":false}",강원 속초시 영금정로 15 (동명동 51),official_description,
128,128화,2024-05-29,[sub] 성시경의 먹을텐데 l 종로5가 효제루,https://www.youtube.com/watch?v=iA84pSaU_G8,restaurant,mogeultende_a1aa7f69f871,효제루,대한민국,서울 종로구,서울 종로구 대학로 18,중식,해물짬뽕,"해물짬뽕 11,000원 | 탕수육(소) 22,000원 | 짜장면 7,000원 | 해물짬뽕밥 11,000원",37.57268799,127.00219381,02-6448-0772,영업 전,11:00 오픈,수 11:00 ~ 21:00 / 15:00 ~ 17:00 브레이크타임 | 목 11:00 ~ 21:00 / 15:00 ~ 17:00 브레이크타임 | 금 11:00 ~ 15:00 | 토 휴무일 | 일 휴무일 | 월 11:00 ~ 21:00 / 15:00 ~ 17:00 브레이크타임 | 화 11:00 ~ 21:00 / 15:00 ~ 17:00 브레이크타임,1714070297,https://place.map.kakao.com/1714070297,4,295,"{""reservation"":false,""delivery"":false,""accessible"":false,""takeout"":false,""parking"":false,""pets"":false,""wifi"":false}",서울 종로구 대학로 18 1층 (효제동 301-2),official_description,
129,129화,2024-06-10,[sub] 성시경의 먹을텐데 l 구의역 풍성감자탕,https://www.youtube.com/watch?v=wKNO7zfr8JQ,restaurant,mogeultende_e46465ef3f9a,풍성감자탕,대한민국,서울 광진구,서울 광진구 자양로18길 6,감자탕,감자탕(大),"감자탕(大) 43,000원 | 감자탕(中) 38,000원 | 감자탕(小) 33,000원 | 뼈 해장국(공기밥 별도) 10,000원",37.53736068,127.08395208,02-446-0354,영업 중,24시간 영업,수 00:00 ~ 24:00 | 목 00:00 ~ 24:00 | 금 00:00 ~ 24:00 | 토 00:00 ~ 24:00 | 일 00:00 ~ 24:00 | 월 00:00 ~ 24:00 | 화 00:00 ~ 24:00,391355266,https://place.map.kakao.com/391355266,3.5,219,"{""reservation"":false,""delivery"":true,""accessible"":false,""takeout"":false,""parking"":false,""pets"":false,""wifi"":false}",서울 광진구 자양로18길 5 (구의동 252-43),official_description,
130,130화,2024-06-17,[sub] 성시경의 먹을텐데 l 광주 막동이회관,https://www.youtube.com/watch?v=sGeuize0CAA,restaurant,mogeultende_15e5a9983558,막동이회관,대한민국,전남광주통합특별시 동구,전남광주통합특별시 동구 남문로 614,"육류,고기",안심추리 (1인분),"안심추리 (1인분) 52,000원 | 생고기 (1인분) 28,000원 | 안창살 (1인분) 52,000원 | 꽃등심 (1인분) 49,000원",35.12566049,126.93185179,062-222-0840,영업 전,11:00 오픈,수 11:00 ~ 21:30 / 14:30 ~ 16:30 브레이크타임 | 목 11:00 ~ 21:30 / 14:30 ~ 16:30 브레이크타임 | 금 11:00 ~ 21:30 / 14:30 ~ 16:30 브레이크타임 | 토 11:00 ~ 21:30 / 14:30 ~ 16:30 브레이크타임 | 일 11:00 ~ 21:30 / 14:30 ~ 16:30 브레이크타임 | 월 11:00 ~ 21:30 / 14:30 ~ 16:30 브레이크타임 | 화 11:00 ~ 21:30 / 14:30 ~ 16:30 브레이크타임,8962407,https://place.map.kakao.com/8962407,3,158,"{""reservation"":false,""delivery"":false,""accessible"":false,""takeout"":false,""parking"":true,""pets"":false,""wifi"":false}",광주 동구 남문로 614 (소태동 601-2),official_description,
131,131화,2024-06-24,[sub] 성시경의 먹을텐데 l 하남 숯불닭갈비 (with.케이윌),https://www.youtube.com/watch?v=4tcBe6L8uzI,restaurant,mogeultende_f5da4582da4e,하남 숯불닭갈비 미사본점,대한민국,경기 하남시,경기 하남시 미사동로40번길 130 (미사동 205-2),음식점,"숯불닭갈비, 닭목살, 불닭발, 더덕구이, 막국수","불닭발 16,000원 | 닭목살 16,000원 | 더덕구이 15,000원 | 고추장 닭갈비 16,000원 | 간장 닭갈비 16,000원 | 소금 닭갈비 16,000원 | 닭개장 11,000원 | 꾸덕 깻잎 페스토 막국수 10,000원 | 골뱅이막국수 21,000원 | 시원한 물 막국수 10,000원 | 2인세트 52,000원 | 3인세트 71,000원 | 포장 닭갈비(1인분) 12,000원 | 포장 고추장아치(1팩) 10,000원 | 포장 샐러리장아치(1팩) 10,000원 | 도그꼬꼬 6,900원",,,,,,,,,,,{},경기 하남시 미사동로40번길 130 (미사동 205-2),official_description,
132,132화,2024-07-01,[sub] 성시경의 먹을텐데 l 담양 한재골가든,https://www.youtube.com/watch?v=DbkkQTWZDUA,restaurant,mogeultende_5da3fb6c864a,한재골가든,대한민국,전남광주통합특별시 담양군,전남광주통합특별시 담양군 대전면 병풍로 374,닭요리,닭볶음탕(대),"닭곰탕 72,000원 | 닭볶음탕(대) 75,000원 | 약오리 75,000원 | 오리로스 72,000원",35.29423672,126.88065111,061-382-8839,영업 전,10:30 오픈,수 10:30 ~ 21:00 | 목 10:30 ~ 21:00 | 금 10:30 ~ 21:00 | 토 10:30 ~ 21:00 | 일 10:30 ~ 21:00 | 월 10:30 ~ 21:00 | 화 10:30 ~ 21:00,10055486,https://place.map.kakao.com/10055486,3,92,"{""reservation"":true,""delivery"":false,""accessible"":true,""takeout"":true,""parking"":true,""pets"":true,""wifi"":true}",전남 담양군 대전면 병풍로 374 (평장리 394-1),official_description,
133,133화,2024-07-08,[sub] 성시경의 먹을텐데 l 상봉역 먹거리집,https://www.youtube.com/watch?v=vDVTYhm-2uU,restaurant,mogeultende_da5be5ba8f31,먹거리집,대한민국,서울 중랑구,서울 중랑구 면목로91길 8,순대,수육 (중),"수육 (중) 30,000원 | 순대국 10,000원 | 오소리감투 30,000원 | 제육볶음 (식사류) 12,000원",37.59457288,127.08539095,02-493-3100,영업 중,24시간 영업,수 00:00 ~ 24:00 | 목 00:00 ~ 24:00 | 금 00:00 ~ 24:00 | 토 00:00 ~ 24:00 | 일 00:00 ~ 24:00 | 월 00:00 ~ 24:00 | 화 00:00 ~ 24:00,11076501,https://place.map.kakao.com/11076501,2.9,615,"{""reservation"":true,""delivery"":false,""accessible"":false,""takeout"":true,""parking"":true,""pets"":false,""wifi"":false}",서울 중랑구 면목로91길 8 (상봉동 113-23),official_description,
134,134화,2024-07-15,[sub] 성시경의 먹을텐데 l 상봉역 함평국밥,https://www.youtube.com/watch?v=Un7Nbfh42hg,restaurant,mogeultende_b45daec03e2a,함평국밥,대한민국,서울 중랑구,서울 중랑구 봉우재로33길 73,국밥,우거지국밥,"우거지국밥 10,000원 | 육사시미+육회 (300g) 55,000원 | 김치 육회 비빔밥 12,000원 | 육사시미(소) 30,000원",37.59547104,127.08922381,,영업 전,16:00 오픈,수 16:00 ~ 02:00 / 01:30 라스트오더 | 목 16:00 ~ 02:00 / 01:30 라스트오더 | 금 16:00 ~ 02:00 / 01:30 라스트오더 | 토 16:00 ~ 02:00 / 01:30 라스트오더 | 일 휴무일 | 월 16:00 ~ 02:00 / 01:30 라스트오더 | 화 16:00 ~ 02:00 / 01:30 라스트오더,27478244,https://place.map.kakao.com/27478244,4.3,345,"{""reservation"":true,""delivery"":false,""accessible"":false,""takeout"":true,""parking"":false,""pets"":false,""wifi"":true}",서울 중랑구 봉우재로33길 73 (상봉동 90-64),official_description,
135,135화,2024-07-24,[sub] 성시경의 먹을텐데 l 한남동 고다이,https://www.youtube.com/watch?v=_Rskex6miE4,restaurant,mogeultende_ce61f4d76d89,고다이 한남본점,대한민국,서울 용산구,서울 용산구 한남대로18길 28 (한남동 30-4),음식점,"생양갈비, 생양등심, 생양살치살, 양설","생양갈비(210g) 35,000원 | 생양등심(150g) 30,000원 | 생양살치살(150g) 33,000원 | 생양특등심 38,000원 | 고급 생프렌치렉 39,000원 | 양설(130g) 27,000원 | 고다이 오뎅탕 25,000원 | 생명란구이 15,000원 | 간장 계란밥 4,000원",,,,,,,,,,,{},서울 용산구 한남대로18길 28 (한남동 30-4),official_description,
136,136화,2024-07-31,[sub] 성시경의 먹을텐데 l 반포동 삼계탕마을,https://www.youtube.com/watch?v=AcShBsKZW8w,restaurant,mogeultende_e6a74e5cf967,삼계탕마을 래미안퍼스티지점,대한민국,서울 서초구,서울 서초구 반포대로 287,삼계탕,"삼계탕, 닭볶음탕","삼계탕 19,000원 | 닭볶음탕(소) 35,000원",37.50448049,127.0009568,02-536-7476,영업 전,10:00 오픈,수 10:00 ~ 21:30 | 목 10:00 ~ 21:30 | 금 10:00 ~ 21:30 | 토 10:00 ~ 21:30 | 일 10:00 ~ 21:30 | 월 10:00 ~ 21:30 | 화 10:00 ~ 21:30,457112561,https://place.map.kakao.com/457112561,3,32,"{""reservation"":false,""delivery"":false,""accessible"":false,""takeout"":false,""parking"":true,""pets"":false,""wifi"":false}",서울 서초구 반포대로 287 (반포동 18-3),official_description,
137,137화,2024-08-12,[sub] 성시경의 먹을텐데 l 남영동 옛날감자전,https://www.youtube.com/watch?v=1TmG1Wwb7_U,restaurant,mogeultende_47a4817196d9,옛날감자전,대한민국,서울 용산구,서울 용산구 한강대로84길 11-9,"호프,요리주점",얼큰수제비,"얼큰수제비 18,000원 | 치즈감자전 18,000원 | 감자전 16,000원 | 해물파전 19,000원",37.54396837,126.97311866,02-749-0395,영업 전,16:30 오픈,수 16:30 ~ 01:00 / 00:30 라스트오더 | 목 16:30 ~ 01:00 / 00:30 라스트오더 | 금 16:30 ~ 01:00 / 00:30 라스트오더 | 토 16:30 ~ 01:00 / 00:30 라스트오더 | 일 휴무일 | 월 16:30 ~ 01:00 / 00:30 라스트오더 | 화 16:30 ~ 01:00 / 00:30 라스트오더,27246805,https://place.map.kakao.com/27246805,3.2,324,"{""reservation"":false,""delivery"":false,""accessible"":false,""takeout"":false,""parking"":false,""pets"":false,""wifi"":false}",서울 용산구 한강대로84길 11-9 (남영동 33-2),official_description,
138,138화,2024-08-21,[sub] 성시경의 먹을텐데 l 속초 화진호 이선장네,https://www.youtube.com/watch?v=Khjn-JspNkQ,restaurant,mogeultende_4d81a5acb7c0,화진호이선장네,대한민국,강원특별자치도 속초시,강원특별자치도 속초시 먹거리4길 18-1,"해물,생선",생대구탕,"생대구탕 15,000원 | 생물망치탕 15,000원 | 가자미조림(소) 35,000원 | 가자미조림(대) 55,000원",38.19539964,128.57325134,033-631-0750,영업 전,11:00 오픈,수 11:00 ~ 15:30 / 14:30 라스트오더 | 목 11:00 ~ 15:30 / 14:30 라스트오더 | 금 11:00 ~ 15:30 / 14:30 라스트오더 | 토 11:00 ~ 15:30 / 14:30 라스트오더 | 일 휴무일 | 월 11:00 ~ 15:30 / 14:30 라스트오더 | 화 11:00 ~ 15:30 / 14:30 라스트오더,81728365,https://place.map.kakao.com/81728365,4,187,"{""reservation"":false,""delivery"":false,""accessible"":true,""takeout"":true,""parking"":true,""pets"":false,""wifi"":true}",강원 속초시 먹거리4길 18-1 (교동 964-12),official_description,
139,139화,2024-08-26,[sub] 성시경의 먹을텐데 l 부산 해진아나고,https://www.youtube.com/watch?v=VkW3eo6C0fA,restaurant,mogeultende_e5f9662fd072,해진아나고,대한민국,부산 수영구,부산 수영구 광서로10번길 47,장어,장어탕,"장어탕 10,000원 | 부추전 7,000원 | 석화(겨울) 20,000원",35.16627983,129.11392082,010-8599-1090,영업 전,15:30 오픈,수 15:30 ~ 24:00 / 22:00 라스트오더 | 목 15:30 ~ 24:00 / 22:00 라스트오더 | 금 15:30 ~ 24:00 / 22:00 라스트오더 | 토 15:30 ~ 24:00 / 22:00 라스트오더 | 일 15:30 ~ 24:00 / 22:00 라스트오더 | 월 휴무일 | 화 휴무일,22205150,https://place.map.kakao.com/22205150,3.8,178,"{""reservation"":true,""delivery"":false,""accessible"":false,""takeout"":true,""parking"":false,""pets"":false,""wifi"":true}",부산 수영구 광서로10번길 47 (광안동 1075-3),official_description,
140,140화,2024-08-30,[sub] 성시경의 먹을텐데 l 부산 만우장,https://www.youtube.com/watch?v=zA-F9EtsRJc,restaurant,mogeultende_f20fe148a8bb,만우장,대한민국,부산 수영구,부산 수영구 수영로594번길 28-2 (광안2동 146-17),음식점,"짜장면, 간짜장, 짬뽕, 탕수육","짜장면 7,000원 | 간짜장 8,000원 | 짬뽕 8,000원 | 우동 8,000원 | 울면 8,000원 | 볶음밥 8,000원 | 오므라이스 9,000원 | 잡채밥 9,000원 | 사천짜장 10,000원 | 삼선간짜장 10,000원 | 삼선우동 10,000원 | 삼선짜장 10,000원 | 삼선짬뽕 10,000원 | 삼선볶음밥 11,000원 | 만두 7,000원 | 잡채 22,000원 | 계란탕 22,000원 | 탕수육(소) 24,000원 | 탕수육(중) 30,000원 | 탕수육(대) 35,000원 | 깐풍기 35,000원 | 라조기 35,000원 | 라조육 35,000원",,,,,,,,,,,{},부산 수영구 수영로594번길 28-2 (광안2동 146-17),official_description,
141,141화,2024-09-10,[sub] 성시경의 먹을텐데 l 인현시장 실비식당 (with.노래 콜라보 이벤트 당첨자),https://www.youtube.com/watch?v=rlNH0GUBkbM,restaurant,mogeultende_70fb6dff1bbf,실비식당,대한민국,서울 중구,서울 중구 마른내로6길 14,한식,닭날개구이,"닭날개구이 12,000원 | 계란당면볶음 12,000원 | 닭도리탕 30,000원 | 제육볶음 15,000원",37.56358065,126.99521451,02-2269-3860,영업 전,15:00 오픈,수 15:00 ~ 23:00 | 목 15:00 ~ 23:00 | 금 15:00 ~ 23:00 | 토 15:00 ~ 23:00 | 일 휴무일 | 월 15:00 ~ 23:00 | 화 15:00 ~ 23:00,908930966,https://place.map.kakao.com/908930966,2.8,154,"{""reservation"":false,""delivery"":false,""accessible"":false,""takeout"":false,""parking"":false,""pets"":false,""wifi"":false}",서울 중구 마른내로6길 14 1층 (인현동2가 210-2),official_description,
142,142화,2024-09-24,[sub] 성시경의 먹을텐데 l 신림동 전라도시네마,https://www.youtube.com/watch?v=qbqquv_8wM0,restaurant,mogeultende_1ed03d4bc911,전라도시네마,대한민국,서울 관악구,서울 관악구 신림로59길 14,순대,"원조백순대, 양념순대, 곱창볶음","원조백순대(2인분) 20,000원 | 양념순대(2인분) 20,000원 | 곱창볶음(2인분) 22,000원 | 볶음밥 3,000원 | 소주 4,000원",37.48326913,126.92876039,02-886-7630,영업 전,09:00 오픈,수 09:00 ~ 02:00 | 목 09:00 ~ 02:00 | 금 09:00 ~ 02:00 | 토 09:00 ~ 02:00 | 일 09:00 ~ 02:00 | 월 09:00 ~ 02:00 | 화 09:00 ~ 02:00,27416678,https://place.map.kakao.com/27416678,4,580,"{""reservation"":true,""delivery"":true,""accessible"":false,""takeout"":true,""parking"":false,""pets"":false,""wifi"":false}",서울 관악구 신림로59길 14 원빌딩 원조민속순대타운 3층 307호 (신림동 1640-31),official_description,
143,143화,2024-10-17,[sub] 성시경의 먹을텐데 l 평창동 이식당 (with.정우),https://www.youtube.com/watch?v=5ZUmZiQYZLo,restaurant,mogeultende_346b7f22d41f,이식당,대한민국,서울 종로구,서울 종로구 평창문화로 94,"육류,고기","한우 육사시미, 양지국밥","한우육회 29,000원 | 한우타다끼 29,000원 | 한우육전 29,000원 | 우설스테이크 30,000원 | 한우 육사시미 30,000원 | 육회 28,000원 | 벌집양무침 16,000원 | 양대창구이 25,000원 | 양지국밥 11,000원 | 갈비정식 15,000원 | 양지국수+한우초밥 16,000원 | 양지국수+갈비덮밥 15,000원",37.6069349,126.97151729,010-6579-3551,영업 전,12:00 오픈,수 12:00 ~ 23:00 / 15:00 ~ 17:00 브레이크타임 | 목 12:00 ~ 23:00 / 15:00 ~ 17:00 브레이크타임 | 금 12:00 ~ 23:00 / 15:00 ~ 17:00 브레이크타임 | 토 12:00 ~ 23:00 / 15:00 ~ 17:00 브레이크타임 | 일 휴무일 | 월 12:00 ~ 23:00 / 15:00 ~ 17:00 브레이크타임 | 화 12:00 ~ 23:00 / 15:00 ~ 17:00 브레이크타임,27477979,https://place.map.kakao.com/27477979,4.3,58,"{""reservation"":true,""delivery"":false,""accessible"":false,""takeout"":false,""parking"":false,""pets"":false,""wifi"":false}",서울 종로구 평창문화로 94 1층,secondary_web,
144,144화,2024-10-25,[sub] 성시경의 먹을텐데 l 녹사평역 크리스피포크타운,https://www.youtube.com/watch?v=BI7EPHvf0dY,restaurant,mogeultende_4495a82e224f,크리스피포크타운,대한민국,서울 용산구,서울 용산구 녹사평대로40길 47,"멕시칸,브라질",치즈타코 (3p),"치즈타코 (3p) 11,500원 | 크리스피포크 (2p) 12,000원 | 타코 9,000원 | 치즈타코 (2p) 8,000원",37.53452117,126.98847199,010-6518-2848,영업 전,12:00 오픈,수 12:00 ~ 22:00 / 15:00 ~ 17:00 브레이크타임 | 목 12:00 ~ 22:00 / 15:00 ~ 17:00 브레이크타임 | 금 12:00 ~ 22:00 / 15:00 ~ 17:00 브레이크타임 | 토 12:00 ~ 22:00 / 15:00 ~ 17:00 브레이크타임 | 일 12:00 ~ 22:00 / 15:00 ~ 17:00 브레이크타임 | 월 휴무일 | 화 12:00 ~ 22:00 / 15:00 ~ 17:00 브레이크타임,1915270571,https://place.map.kakao.com/1915270571,4.2,98,"{""reservation"":false,""delivery"":false,""accessible"":false,""takeout"":true,""parking"":false,""pets"":false,""wifi"":false}",서울 용산구 녹사평대로40길 47 1층 (이태원동 455-33),official_description,
145,145화,2024-11-14,[sub] 성시경의 먹을텐데 l 울산 신천지대반점,https://www.youtube.com/watch?v=EJ24_XjKbxY,restaurant,mogeultende_2dd75bd993eb,신천지대반점,대한민국,울산 중구,울산 중구 당산4길 11 (우정동 285-12),음식점,"짜장면, 야끼짬뽕, 잡채밥, 탕수육","짜장면 6,000원 | 간짜장 8,000원 | 우동 8,000원 | 볶음밥 8,000원 | 울면 9,000원 | 잡채밥 10,000원 | 야끼짬뽕 12,000원 | 사천짜장 12,000원 | 삼선짜장면 12,000원 | 삼선간짜장 12,000원 | 삼선짬뽕 12,000원 | 삼선우동 12,000원 | 고기볶음밥 12,000원 | 탕수육(소) 20,000원 | 마파두부(소) 20,000원 | 고기튀김(소) 20,000원 | 잡채(소) 20,000원 | 깐풍육(소) 25,000원 | 고추잡채(소) 25,000원 | 토마토탕수육(소) 25,000원 | 새우탕수육(소) 28,000원 | 양장피(소) 28,000원 | 팔보채(소) 28,000원 | 유산슬(소) 28,000원 | 공보새우(소) 30,000원 | 해삼탕(소) 50,000원",,,,,,,,,,,{},울산 중구 당산4길 11 (우정동 285-12),official_description,
146,146화,2024-11-22,[sub] 성시경의 먹을텐데 l 장안동 남도보쌈파전,https://www.youtube.com/watch?v=GmtBOb8RJ2g,restaurant,mogeultende_8915f63b9d35,남도보쌈파전,대한민국,서울 동대문구,서울 동대문구 장한로 160,"족발,보쌈",보쌈(소),"보쌈(소) 38,000원 | 해물파전 23,000원 | 보쌈(중) 55,000원 | 보쌈(대) 65,000원",37.57466069,127.07226843,02-2213-3236,영업 전,12:20 오픈,수 12:20 ~ 22:30 | 목 12:20 ~ 22:30 | 금 12:20 ~ 22:30 | 토 12:20 ~ 22:30 | 일 휴무일 | 월 12:20 ~ 22:30 | 화 12:20 ~ 22:30,835863527,https://place.map.kakao.com/835863527,4,425,"{""reservation"":false,""delivery"":true,""accessible"":false,""takeout"":true,""parking"":false,""pets"":false,""wifi"":true}",서울 동대문구 장한로27가길 28 1층 (장안동 305-5),official_description,
147,147화,2024-11-27,[sub] 성시경의 먹을텐데 l 중랑역 한국횟집 (with.임지연),https://www.youtube.com/watch?v=z9j5-nG8VoU,restaurant,mogeultende_9a24bd0b5ee4,한국횟집,대한민국,서울 중랑구,서울 중랑구 중랑역로 34,회,광어 (소),"광어 (소) 50,000원 | 우럭 (소) 50,000원 | 놀래미 (소) 70,000원 | 참돔 (소) 70,000원",37.59707491,127.07620808,02-439-3331,영업 전,15:30 오픈,수 15:30 ~ 23:00 | 목 15:30 ~ 23:00 | 금 15:30 ~ 23:00 | 토 13:30 ~ 23:00 | 일 13:30 ~ 23:00 | 월 15:30 ~ 23:00 | 화 15:30 ~ 23:00,16850773,https://place.map.kakao.com/16850773,0,615,"{""reservation"":false,""delivery"":false,""accessible"":false,""takeout"":false,""parking"":false,""pets"":false,""wifi"":false}",서울 중랑구 중랑역로 34 (중화동 300-38),official_description,
148,148화,2024-12-16,[sub] 성시경의 먹을텐데 l 삼성역 해봉정육 본점 (with John K),https://www.youtube.com/watch?v=llHQEbY28a4,restaurant,mogeultende_20a42486ad1e,해봉정육 본점,대한민국,서울 강남구,서울 강남구 테헤란로108길 25,"육류,고기",한우카레라이스,"한우카레라이스 15,000원 | 육회 17,000원 | 해봉모듬(400g) 95,000원 | 특수부위모듬(400g) 105,000원",37.5077468,127.06656012,02-561-9929,영업 전,11:30 오픈,수 11:30 ~ 22:00 / 14:30 ~ 17:30 브레이크타임 / 21:15 라스트오더 | 목 11:30 ~ 22:00 / 14:30 ~ 17:30 브레이크타임 / 21:15 라스트오더 | 금 11:30 ~ 22:00 / 14:30 ~ 17:30 브레이크타임 / 21:15 라스트오더 | 토 12:00 ~ 21:00 / 20:15 라스트오더 | 일 12:00 ~ 21:00 / 20:15 라스트오더 | 월 11:30 ~ 22:00 / 14:30 ~ 17:30 브레이크타임 / 21:15 라스트오더 | 화 11:30 ~ 22:00 / 14:30 ~ 17:30 브레이크타임 / 21:15 라스트오더,1669628804,https://place.map.kakao.com/1669628804,3.3,122,"{""reservation"":true,""delivery"":false,""accessible"":true,""takeout"":true,""parking"":true,""pets"":false,""wifi"":true}",서울 강남구 테헤란로108길 25 대동빌딩 1층 (대치동 999-6),official_description,
149,149화,2025-01-08,[sub] 성시경의 먹을텐데 l 구기동 장모님해장국,https://www.youtube.com/watch?v=0ofsLj-W9nw,restaurant,mogeultende_a740e21b6e93,장모님해장국,대한민국,서울 종로구,서울 종로구 진흥로 421,해장국,설렁탕,"설렁탕 11,000원 | 해장국 11,000원 | 우거지탕 11,000원 | 수육 40,000원",37.60891397,126.95562696,02-379-4294,영업 중,21:00 까지,수 06:00 ~ 21:00 | 목 06:00 ~ 21:00 | 금 06:00 ~ 21:00 | 토 06:00 ~ 21:00 | 일 06:00 ~ 21:00 | 월 06:00 ~ 21:00 | 화 06:00 ~ 21:00,8072537,https://place.map.kakao.com/8072537,3.1,130,"{""reservation"":true,""delivery"":false,""accessible"":false,""takeout"":true,""parking"":true,""pets"":false,""wifi"":false}",서울 종로구 진흥로 421 (구기동 253-1),official_description,
150,150화,2025-01-13,[sub] 성시경의 먹을텐데 l 홍콩 현지음식,https://www.youtube.com/watch?v=uV6_Ore3MMU,travel_special,,,,,,,,,,,,,,,,,,,{},,,해외 식당 4곳은 국내 전용 데이터셋 정책으로 제외
151,151화,2025-01-28,"[sub] 성시경의 먹을텐데 l 도쿄 에비포타, 타카마루",https://www.youtube.com/watch?v=PYBFnL92MGQ,travel_special,,,,,,,,,,,,,,,,,,,{},,,해외 식당 2곳은 국내 전용 데이터셋 정책으로 제외
152,152화,2025-02-04,[sub] 성시경의 먹을텐데 l 논현역 하이콴,https://www.youtube.com/watch?v=pY1kORvBEYs,restaurant,mogeultende_1997c6f286a6,하이콴,대한민국,서울 서초구,서울 서초구 신반포로 340,베트남음식,곱창쌀국수,"곱창쌀국수 13,000원 | 나시고랭 12,000원 | 소고기 쌀국수 10,500원 | 모듬쌀국수 13,000원",37.5108208,127.02101282,,영업 전,10:00 오픈,수 10:00 ~ 24:00 | 목 10:00 ~ 24:00 | 금 10:00 ~ 24:00 | 토 10:00 ~ 24:00 | 일 10:00 ~ 24:00 | 월 10:00 ~ 24:00 | 화 10:00 ~ 24:00,1174806960,https://place.map.kakao.com/1174806960,3.6,714,"{""reservation"":false,""delivery"":false,""accessible"":false,""takeout"":false,""parking"":true,""pets"":false,""wifi"":false}",서울 서초구 신반포로 340 1층 (반포동 706-8),official_description,
153,153화,2025-02-11,"[sub] 성시경의 먹을텐데 l 경동시장 감초식당, 참조은 콩",https://www.youtube.com/watch?v=inq2G9jzdQY,restaurant,mogeultende_1f06ad1d8990,참조은콩,대한민국,서울 동대문구,서울 동대문구 왕산로33길 16,두부,오리구이 반마리,"오리구이 반마리 8,000원",37.58019297,127.04215291,02-960-1968,영업 전,11:00 오픈,수 11:00 ~ 21:00 | 목 11:00 ~ 21:00 | 금 11:00 ~ 21:00 | 토 11:00 ~ 21:00 | 일 11:00 ~ 21:00 | 월 11:00 ~ 21:00 | 화 11:00 ~ 21:00,1064818758,https://place.map.kakao.com/1064818758,4.4,108,"{""reservation"":false,""delivery"":false,""accessible"":false,""takeout"":false,""parking"":false,""pets"":false,""wifi"":false}",서울 동대문구 왕산로33길 16 1층 (제기동 635-12),official_description,
153,153화,2025-02-11,"[sub] 성시경의 먹을텐데 l 경동시장 감초식당, 참조은 콩",https://www.youtube.com/watch?v=inq2G9jzdQY,restaurant,mogeultende_2002cabc3678,감초식당,대한민국,서울 동대문구,서울 동대문구 약령서길 32,한식,"돼지불갈비, 생선구이, 순두부","돼지불갈비(1인분·2인 이상) 17,000원 | 물냉면 8,000원 | 비빔냉면 8,000원 | 삼치구이 12,000원 | 고등어구이 12,000원 | 순두부(한우·홍합) 10,000원 | 공기밥 1,000원",37.57971739,127.03632119,02-962-4570,영업 전,11:00 오픈,수 11:00 ~ 21:30 / 15:00 ~ 16:00 브레이크타임 / 20:30 라스트오더 | 목 11:00 ~ 21:30 / 15:00 ~ 16:00 브레이크타임 / 20:30 라스트오더 | 금 11:00 ~ 21:30 / 15:00 ~ 16:00 브레이크타임 / 20:30 라스트오더 | 토 11:00 ~ 21:30 / 15:00 ~ 16:00 브레이크타임 / 20:30 라스트오더 | 일 11:00 ~ 21:30 / 15:00 ~ 16:00 브레이크타임 / 20:30 라스트오더 | 월 11:00 ~ 21:30 / 15:00 ~ 16:00 브레이크타임 / 20:30 라스트오더 | 화 11:00 ~ 21:30 / 15:00 ~ 16:00 브레이크타임 / 20:30 라스트오더,21232071,https://place.map.kakao.com/21232071,3.4,215,"{""reservation"":true,""delivery"":false,""accessible"":false,""takeout"":true,""parking"":false,""pets"":false,""wifi"":false}",서울 동대문구 약령서길 28 (제기동 892-12),official_description,
154,154화,2025-02-17,[sub] 성시경의 먹을텐데 l 영등포 함흥냉면,https://www.youtube.com/watch?v=1Aj5KPmsxMU,restaurant,mogeultende_ce510565fc7c,함흥냉면,대한민국,서울 영등포구,서울 영등포구 영등포로42길 6,냉면,회냉면,"회냉면 14,000원 | 물냉면 14,000원 | 고기만두 11,000원 | 고기떡만두국(동절기) 12,000원",37.5189661,126.90679058,02-2678-2722,영업 전,11:00 오픈,수 11:00 ~ 22:00 | 목 11:00 ~ 22:00 | 금 11:00 ~ 22:00 | 토 11:00 ~ 22:00 | 일 11:00 ~ 22:00 | 월 11:00 ~ 22:00 | 화 11:00 ~ 22:00,10643743,https://place.map.kakao.com/10643743,3.4,450,"{""reservation"":true,""delivery"":true,""accessible"":false,""takeout"":true,""parking"":false,""pets"":false,""wifi"":true}",서울 영등포구 영등포로42길 6 (영등포동3가 7-32),official_description,
155,155화,2025-02-21,[sub] 성시경의 먹을텐데 l 남대문 서령,https://www.youtube.com/watch?v=SvJ5mdneRSA,restaurant,mogeultende_6022616f2ff5,서령,대한민국,서울 중구,서울 중구 소월로 10,냉면,서령 순면,"서령 설화 불고기 (150g) 39,000원 | 서령 순면 17,000원 | 접시만두 반 접시(3개) 6,000원 | 비빔 순면 17,000원",37.55846234,126.97549698,0507-1427-8766,영업 전,11:00 오픈,수 11:00 ~ 21:30 | 목 11:00 ~ 21:30 | 금 11:00 ~ 21:30 | 토 11:00 ~ 21:30 | 일 11:00 ~ 21:30 | 월 11:00 ~ 21:30 | 화 11:00 ~ 21:30,1644608542,https://place.map.kakao.com/1644608542,4.2,2076,"{""reservation"":true,""delivery"":false,""accessible"":true,""takeout"":false,""parking"":true,""pets"":false,""wifi"":true}",서울 중구 소월로 10 1층 (남대문로5가 120),official_description,
156,156화,2025-02-28,[sub] 성시경의 먹을텐데 l 신당역 이조갈비,https://www.youtube.com/watch?v=ZC5klhd08ME,restaurant,mogeultende_defd5f560887,이조갈비,대한민국,서울 중구,서울 중구 다산로39길 11-12,갈비,냉동삼겹살 (160g),"냉동삼겹살 (160g) 13,000원 | 꽃게탕 55,000원 | 생삼겹 (200g) 18,000원",37.56390417,127.01486813,02-2253-3287,영업 전,17:30 오픈,수 17:30 ~ 24:00 | 목 17:30 ~ 24:00 | 금 17:30 ~ 24:00 | 토 17:30 ~ 24:00 | 일 휴무일 | 월 17:30 ~ 24:00 | 화 17:30 ~ 24:00,16035664,https://place.map.kakao.com/16035664,3.8,49,"{""reservation"":false,""delivery"":false,""accessible"":false,""takeout"":false,""parking"":false,""pets"":false,""wifi"":false}",서울 중구 다산로39길 11-12 (무학동 58),official_description,
157,157화,2025-03-24,[sub] 성시경의 먹을텐데 l 압구정 뉴 델리,https://www.youtube.com/watch?v=YnFtQxX8r5Q,restaurant,mogeultende_40c65738c669,뉴델리,대한민국,서울 강남구,서울 강남구 논현로176길 28,인도음식,"사모사 （Samosa, 2pcs）","사모사 （Samosa, 2pcs） 6,000원 | 탄두리 치킨 （Tandoori Chicken） 12,000원 | 치킨 마카니 （Chicken Makhani／Butter Chicken） 14,000원 | 갈릭 난 （Garlic Naan） 3,900원",37.52750257,127.0306246,02-541-9300,영업 전,11:00 오픈,수 11:00 ~ 22:00 | 목 11:00 ~ 22:00 | 금 11:00 ~ 22:00 | 토 11:00 ~ 22:00 | 일 11:00 ~ 22:00 | 월 11:00 ~ 22:00 | 화 11:00 ~ 22:00,22067875,https://place.map.kakao.com/22067875,4.5,56,"{""reservation"":false,""delivery"":true,""accessible"":false,""takeout"":false,""parking"":false,""pets"":false,""wifi"":false}",서울 강남구 논현로176길 28 (신사동 613-15),official_description,
158,158화,2025-04-03,[sub] 성시경의 먹을텐데 l 학동역 향동가,https://www.youtube.com/watch?v=pSz34AEKx58,restaurant,mogeultende_c384c6e30120,향동가,대한민국,서울 강남구,서울 강남구 논현로136길 15,냉면,평양 들기름냉면,"평양냉면 16,000원 | 메밀만두전골 50,000원 | 평양 들기름냉면 16,000원 | 서리태 콩국수 16,000원",37.51629303,127.03126477,0507-1420-7894,영업 전,11:00 오픈,수 11:00 ~ 21:30 | 목 11:00 ~ 21:30 | 금 11:00 ~ 21:30 | 토 11:00 ~ 21:30 | 일 11:00 ~ 21:30 | 월 11:00 ~ 21:30 | 화 11:00 ~ 21:30,147807403,https://place.map.kakao.com/147807403,4.1,303,"{""reservation"":true,""delivery"":false,""accessible"":true,""takeout"":false,""parking"":true,""pets"":false,""wifi"":true}",서울 강남구 논현로136길 15 1층 (논현동 79-4),official_description,
159,159화,2025-04-17,[sub] 성시경의 먹을텐데 l 이촌역 갯마을,https://www.youtube.com/watch?v=wbF4eKn4ly0,restaurant,mogeultende_bca0d79bc7ae,갯마을 한강로점,대한민국,서울 용산구,서울 용산구 서빙고로 56,한식,떡만두국,"떡만두국 12,000원 | 녹두부침 10,000원 | 만두국 12,000원 | 떡국 12,000원",37.52300413,126.97039649,02-795-2277,영업 전,09:30 오픈,수 09:30 ~ 20:00 / 15:30 ~ 17:00 브레이크타임 | 목 09:30 ~ 20:00 / 15:30 ~ 17:00 브레이크타임 | 금 09:30 ~ 20:00 / 15:30 ~ 17:00 브레이크타임 | 토 09:30 ~ 20:00 / 15:30 ~ 17:00 브레이크타임 | 일 09:30 ~ 20:00 / 15:30 ~ 17:00 브레이크타임 | 월 09:30 ~ 20:00 / 15:30 ~ 17:00 브레이크타임 | 화 09:30 ~ 20:00 / 15:30 ~ 17:00 브레이크타임,15489150,https://place.map.kakao.com/15489150,3.1,234,"{""reservation"":true,""delivery"":true,""accessible"":false,""takeout"":true,""parking"":true,""pets"":false,""wifi"":true}",서울 용산구 서빙고로 56 (한강로3가 65-550),official_description,
160,160화,2025-04-24,[sub] 성시경의 먹을텐데 l 성수동 성수아구찜,https://www.youtube.com/watch?v=kgvkGuMNJN8,restaurant,mogeultende_e57ed111cd8d,성수아구찜탕,대한민국,서울 성동구,서울 성동구 왕십리로8길 4,아구,메인메뉴,"메인메뉴 45,000원 | 추가메뉴 23,000원 | 점심메뉴 13,000원",37.54643698,127.04505228,02-465-4346,영업 전,11:00 오픈,수 11:00 ~ 21:50 / 15:00 ~ 17:00 브레이크타임 | 목 11:00 ~ 21:50 / 15:00 ~ 17:00 브레이크타임 | 금 11:00 ~ 21:50 / 15:00 ~ 17:00 브레이크타임 | 토 11:00 ~ 21:50 / 15:00 ~ 17:00 브레이크타임 | 일 11:00 ~ 21:30 / 15:00 ~ 17:00 브레이크타임 | 월 11:00 ~ 21:50 / 15:00 ~ 17:00 브레이크타임 | 화 11:00 ~ 21:50 / 15:00 ~ 17:00 브레이크타임,16471967,https://place.map.kakao.com/16471967,3.7,137,"{""reservation"":false,""delivery"":false,""accessible"":false,""takeout"":true,""parking"":false,""pets"":false,""wifi"":true}",서울 성동구 왕십리로4길 10 1층 (성수동1가 656-318),official_description,
161,161화,2025-05-01,[sub] 성시경의 먹을텐데 l 삼양사거리역 시경양꼬치,https://www.youtube.com/watch?v=X6PIOsW-Y3s,restaurant,mogeultende_7300011aa39a,시경양꼬치,대한민국,서울 강북구,서울 강북구 솔샘로 272 (미아동 681-3),음식점,"고급양갈비살, 고급양갈비, 양늑간꽃살, 꿔바로우","고급양갈비살 27,000원 | 고급양갈비 26,000원 | 양늑간꽃살 25,000원 | 바지락볶음 17,000원 | 가지튀김볶음 16,000원 | 마라샹궈 20,000원 | 꿔바로우 18,000원 | 옥수수온면 6,000원 | 연변냉면 9,000원",,,,,,,,,,,{},서울 강북구 솔샘로 272 (미아동 681-3),official_description,
162,162화,2025-05-08,[sub] 성시경의 먹을텐데 l 수유역 번동전주피순대추어탕,https://www.youtube.com/watch?v=XIRCg8aDI7M,restaurant,mogeultende_6fd0c95c4043,번동전주피순대추어탕,대한민국,서울 강북구,서울 강북구 오현로31길 173 (번동 433-54),음식점,"피순대국밥, 피순대, 모둠순대, 추어탕","피순대국밥 10,000원 | 피순대만국밥 12,000원 | 돼지머리국밥 11,000원 | 모둠국밥 11,000원 | 추어탕 10,000원 | 피순대(소) 18,000원 | 피순대(중) 25,000원 | 머리고기 25,000원 | 모둠순대 35,000원 | 술국 20,000원 | 염통·곱창·감투 20,000원 | 피순대전골 40,000원",,,,,,,,,,,{},서울 강북구 오현로31길 173 (번동 433-54),official_description,
163,163화,2025-05-19,[sub] 성시경의 먹을텐데 l 망원동 일등식당,https://www.youtube.com/watch?v=1lL4GBfr-JY,restaurant,mogeultende_39fe692ee76c,일등식당,대한민국,서울 마포구,서울 마포구 방울내로 82,해장국,해장국,"해장국 8,000원 | 해장국(특) 11,000원",37.56054708,126.90433937,02-333-0361,영업 전,09:00 오픈,수 09:00 ~ 21:00 | 목 09:00 ~ 21:00 | 금 09:00 ~ 21:00 | 토 08:30 ~ 21:00 | 일 08:30 ~ 21:00 | 월 휴무일 | 화 09:00 ~ 21:00,16050121,https://place.map.kakao.com/16050121,4.1,390,"{""reservation"":false,""delivery"":false,""accessible"":false,""takeout"":true,""parking"":false,""pets"":false,""wifi"":false}",서울 마포구 방울내로 82 (망원동 476-1),official_description,
164,164화,2025-05-27,[sub] 성시경의 먹을텐데 l 금호동 채원감자탕,https://www.youtube.com/watch?v=x9X-5C4PoL0,restaurant,mogeultende_5fe15868c525,채원감자탕,대한민국,서울 성동구,서울 성동구 금호산길 53-1,감자탕,뼈해장국,"뼈해장국 10,000원 | 감자탕(중) 35,000원 | 감자탕(대) 45,000원",37.55313211,127.01928414,02-2233-2769,영업 전,11:00 오픈,수 11:00 ~ 21:00 / 20:15 라스트오더 | 목 11:00 ~ 21:00 / 20:15 라스트오더 | 금 11:00 ~ 21:00 / 20:15 라스트오더 | 토 11:00 ~ 21:00 / 20:15 라스트오더 | 일 휴무일 | 월 11:00 ~ 21:00 / 20:15 라스트오더 | 화 11:00 ~ 21:00 / 20:15 라스트오더,90576968,https://place.map.kakao.com/90576968,4.8,56,"{""reservation"":false,""delivery"":false,""accessible"":false,""takeout"":false,""parking"":false,""pets"":false,""wifi"":false}",서울 성동구 금호산길 53-1 1층 (금호동 2가 488-1),official_description,
165,165화,2025-06-06,[sub] 성시경의 먹을텐데 l 미아역 준참치,https://www.youtube.com/watch?v=JNvJwJhx5qw,restaurant,mogeultende_bf8b274f0f60,준참치,대한민국,서울 강북구,서울 강북구 도봉로50길 8,참치회,저녁 준참치 (1인),"저녁 준참치 (1인) 70,000원",37.62539917,127.02711681,010-4886-8673,영업 전,17:00 오픈,수 17:00 ~ 23:00 | 목 17:00 ~ 23:00 | 금 17:00 ~ 23:00 | 토 17:00 ~ 23:00 | 일 휴무일 | 월 17:00 ~ 23:00 | 화 17:00 ~ 23:00,1634344278,https://place.map.kakao.com/1634344278,0,142,"{""reservation"":true,""delivery"":true,""accessible"":false,""takeout"":true,""parking"":false,""pets"":false,""wifi"":true}",서울 강북구 도봉로50길 8 준참치 (미아동 125-34),official_description,
166,166화,2025-06-18,[sub] 성시경의 먹을텐데 l 여의도 서궁,https://www.youtube.com/watch?v=9slrbVqZrhY,restaurant,mogeultende_a182dda65541,서궁,대한민국,서울 영등포구,서울 영등포구 국제금융로 86,중국요리,오향장육,"오향장육 37,000원 | 군만두 11,000원 | 탕수육 30,000원 | 볶음밥 9,000원",37.52020495,126.93180215,,영업 전,11:00 오픈,수 11:00 ~ 22:00 / 15:00 ~ 16:30 브레이크타임 | 목 11:00 ~ 22:00 / 15:00 ~ 16:30 브레이크타임 | 금 11:00 ~ 21:00 / 15:30 ~ 16:30 브레이크타임 | 토 11:00 ~ 21:00 / 15:30 ~ 16:30 브레이크타임 | 일 휴무일 | 월 11:00 ~ 22:00 / 15:00 ~ 16:30 브레이크타임 | 화 11:00 ~ 22:00 / 15:00 ~ 16:30 브레이크타임,10500536,https://place.map.kakao.com/10500536,3.5,202,"{""reservation"":true,""delivery"":false,""accessible"":false,""takeout"":true,""parking"":true,""pets"":false,""wifi"":false}",서울 영등포구 국제금융로 86 롯데캐슬아이비 지하 1층 (여의도동 43-4),official_description,
167,167화,2025-06-20,[sub] 성시경의 먹을텐데 l 제주도 제주돔베고기집 (with.이재훈),https://www.youtube.com/watch?v=hfPyFBSzqMg,restaurant,mogeultende_1c1668c92838,제주돔베고기집,대한민국,제주특별자치도 제주시,제주특별자치도 제주시 월랑로4길 6,한식,김치돔베보쌈 (소),"김치돔베보쌈 (소) 46,000원 | 멸고국수 9,000원 | 김치돔베보쌈 (중) 53,000원 | 김치돔베보쌈 (대) 60,000원",33.4877783,126.47836205,0503-7154-1285,영업 전,11:30 오픈,수 11:30 ~ 23:00 / 15:00 ~ 16:30 브레이크타임 | 목 11:30 ~ 23:00 / 15:00 ~ 16:30 브레이크타임 | 금 11:30 ~ 23:00 / 15:00 ~ 16:30 브레이크타임 | 토 11:30 ~ 23:00 / 15:00 ~ 16:30 브레이크타임 | 일 11:30 ~ 23:00 / 15:00 ~ 16:30 브레이크타임 | 월 11:30 ~ 23:00 / 15:00 ~ 16:30 브레이크타임 | 화 11:30 ~ 23:00 / 15:00 ~ 16:30 브레이크타임,1651575345,https://place.map.kakao.com/1651575345,4.1,1991,"{""reservation"":true,""delivery"":false,""accessible"":false,""takeout"":true,""parking"":true,""pets"":false,""wifi"":false}",제주 제주시 월랑로4길 6 (노형동 1279-1),official_description,
168,168화,2025-06-24,[sub] 성시경의 먹을텐데 l 제주도 앞뱅디식당 (with.이재훈),https://www.youtube.com/watch?v=ky1iLS85boM,restaurant,mogeultende_61bbf885e96f,앞뱅디식당,대한민국,제주특별자치도 제주시,제주특별자치도 제주시 선덕로 32,한식,각재기국,"각재기국 11,000원 | 멜튀김 18,000원 | 멜국 11,000원 | 멜조림 22,000원",33.48532913,126.49990683,064-744-7942,영업 중,21:00 까지,수 07:00 ~ 21:00 | 목 07:00 ~ 21:00 | 금 07:00 ~ 21:00 | 토 07:00 ~ 21:00 | 일 07:00 ~ 14:00 | 월 09:00 ~ 21:00 | 화 07:00 ~ 21:00,10591316,https://place.map.kakao.com/10591316,0,225,"{""reservation"":true,""delivery"":false,""accessible"":false,""takeout"":false,""parking"":true,""pets"":false,""wifi"":true}",제주 제주시 선덕로 32 (연동 324-1),official_description,
169,169화,2025-07-01,[sub] 성시경의 먹을텐데 l 양평역 양남한우정육식당 (with.정용화),https://www.youtube.com/watch?v=OuGZB0CodmQ,restaurant,mogeultende_9fd406d012ac,양남한우정육식당,대한민국,서울 영등포구,서울 영등포구 선유로24길 8,"육류,고기",한우꽃등심(500g),"한우꽃등심(500g) 80,000원 | 한우육회(200g) 25,000원 | 한우차돌박이(500g) 60,000원 | 냉면 7,000원",37.52260337,126.89092159,02-2675-6826,영업 전,12:00 오픈,수 12:00 ~ 22:00 / 14:00 ~ 17:00 브레이크타임 / 21:00 라스트오더 | 목 12:00 ~ 22:00 / 14:00 ~ 17:00 브레이크타임 / 21:00 라스트오더 | 금 12:00 ~ 22:00 / 14:00 ~ 17:00 브레이크타임 / 21:00 라스트오더 | 토 12:00 ~ 22:00 / 14:00 ~ 17:00 브레이크타임 / 21:00 라스트오더 | 일 휴무일 | 월 12:00 ~ 22:00 / 14:00 ~ 17:00 브레이크타임 / 21:00 라스트오더 | 화 12:00 ~ 22:00 / 14:00 ~ 17:00 브레이크타임 / 21:00 라스트오더,9244440,https://place.map.kakao.com/9244440,2.7,91,"{""reservation"":true,""delivery"":false,""accessible"":false,""takeout"":false,""parking"":false,""pets"":false,""wifi"":false}",서울 영등포구 선유로24길 8 (양평동1가 28-2),official_description,
170,170화,2025-07-08,[sub] 성시경의 먹을텐데 l 부산 금손1983 (with.이대호),https://www.youtube.com/watch?v=dBjCfY2fKQc,restaurant,mogeultende_64e90fe37c83,금손1983,대한민국,부산 수영구,부산 수영구 수영로680번길 54,중식,금손짬뽕,"금손8품오마카세코스 39,000원 | 지금바로볶는간짜장 10,000원 | 금손짬뽕 10,000원 | 생바질 탕수육 18,000원",35.16602623,129.11791318,051-711-1983,영업 전,11:00 오픈,수 11:00 ~ 22:00 / 14:30 ~ 17:00 브레이크타임 | 목 11:00 ~ 22:00 / 14:30 ~ 17:00 브레이크타임 | 금 11:00 ~ 22:00 / 14:30 ~ 17:00 브레이크타임 | 토 11:00 ~ 22:00 / 14:30 ~ 17:00 브레이크타임 | 일 12:00 ~ 22:00 / 14:30 ~ 17:00 브레이크타임 | 월 11:00 ~ 22:00 / 14:30 ~ 17:00 브레이크타임 | 화 휴무일,855139094,https://place.map.kakao.com/855139094,3.6,216,"{""reservation"":true,""delivery"":false,""accessible"":false,""takeout"":false,""parking"":false,""pets"":false,""wifi"":false}",부산,title_only,
171,171화,2025-07-10,[sub] 성시경의 먹을텐데 l 부산 중앙역 중앙곰탕,https://www.youtube.com/watch?v=k9pte2X-4NA,restaurant,mogeultende_07468098228a,중앙곰탕,대한민국,부산 중구,부산 중구 충장대로9번길 9,곰탕,양수백,"양수백 18,000원 | 수육 (소) 45,000원 | 양수육 (소) 45,000원 | 특양곰탕 14,000원",35.10611103,129.03734669,051-469-4117,영업 전,10:00 오픈,수 10:00 ~ 15:00 | 목 10:00 ~ 15:00 | 금 10:00 ~ 15:00 | 토 10:00 ~ 15:00 | 일 10:00 ~ 15:00 | 월 휴무일 | 화 10:00 ~ 15:00,10795079,https://place.map.kakao.com/10795079,4,494,"{""reservation"":true,""delivery"":false,""accessible"":false,""takeout"":true,""parking"":true,""pets"":false,""wifi"":false}",부산 중구 충장대로9번길 9 동영빌딩지하 (중앙동4가 88-18),official_description,
172,172화,2025-07-24,[sub] 성시경의 먹을텐데 l 신사역 김수사,https://www.youtube.com/watch?v=jJwnrEp1CLo,restaurant,mogeultende_e3e6aec2c369,김수사,대한민국,서울 강남구,서울 강남구 도산대로12길 7,"초밥,롤",저녁생선회,"저녁생선회 100,000원 | 점심초밥 50,000원",37.51723002,127.02375202,02-542-5235,영업 전,11:30 오픈,수 11:30 ~ 22:00 / 14:00 ~ 17:30 브레이크타임 / 14:00 라스트오더 / 21:00 라스트오더 | 목 11:30 ~ 22:00 / 14:00 ~ 17:30 브레이크타임 / 14:00 라스트오더 / 21:00 라스트오더 | 금 11:30 ~ 22:00 / 14:00 ~ 17:30 브레이크타임 / 14:00 라스트오더 / 21:00 라스트오더 | 토 11:30 ~ 22:00 / 14:00 ~ 17:30 브레이크타임 / 14:00 라스트오더 / 21:00 라스트오더 | 일 11:30 ~ 22:00 / 14:00 ~ 17:30 브레이크타임 / 14:00 라스트오더 / 21:00 라스트오더 | 월 11:30 ~ 22:00 / 14:00 ~ 17:30 브레이크타임 / 14:00 라스트오더 / 21:00 라스트오더 | 화 11:30 ~ 22:00 / 14:00 ~ 17:30 브레이크타임 / 14:00 라스트오더 / 21:00 라스트오더,10201006,https://place.map.kakao.com/10201006,0,300,"{""reservation"":true,""delivery"":false,""accessible"":false,""takeout"":true,""parking"":true,""pets"":false,""wifi"":false}",서울 강남구 도산대로12길 7 지하1층 (논현동 5-13),official_description,
173,173화,2025-07-30,[sub] 성시경의 먹을텐데 l 서교동 국일순대국,https://www.youtube.com/watch?v=wCriYW5dB98,restaurant,mogeultende_46961dc6b86d,국일순대국,대한민국,서울 마포구,서울 마포구 월드컵북로5길 22,순대,순대국밥,"순대국밥 10,000원 | 순대국밥(특) 11,000원 | 술국 22,000원 | 수육(중) 25,000원",37.55708097,126.91750841,02-338-5823,영업 전,11:00 오픈,수 11:00 ~ 21:00 / 15:00 ~ 17:30 브레이크타임 | 목 11:00 ~ 21:00 / 15:00 ~ 17:30 브레이크타임 | 금 11:00 ~ 21:00 / 15:00 ~ 17:30 브레이크타임 | 토 휴무일 | 일 휴무일 | 월 11:00 ~ 21:00 / 15:00 ~ 17:30 브레이크타임 | 화 11:00 ~ 21:00 / 15:00 ~ 17:30 브레이크타임,536421960,https://place.map.kakao.com/536421960,4.3,46,"{""reservation"":false,""delivery"":false,""accessible"":false,""takeout"":true,""parking"":true,""pets"":false,""wifi"":false}",서울 마포구 월드컵북로5길 22 국일빌딩 1층 (서교동 449-43),official_description,
174,174화,2025-08-12,[sub] 성시경의 먹을텐데 l 신사역 송셰프,https://www.youtube.com/watch?v=Xdhe0vlcdkg,restaurant,mogeultende_1d3edcda44cd,송쉐프 본점,대한민국,서울 강남구,서울 강남구 도산대로1길 40,중국요리,짜장면,"짜장면 9,000원 | 볶음짬뽕 13,000원 | 삼선간짜장+프라이 13,000원 | 볶음짜장 13,000원",37.51930038,127.01961479,02-546-1178,영업 전,11:00 오픈,수 11:00 ~ 21:30 | 목 11:00 ~ 21:30 | 금 11:00 ~ 21:30 | 토 11:00 ~ 21:30 | 일 11:00 ~ 21:30 | 월 11:00 ~ 21:30 | 화 11:00 ~ 21:30,1262079557,https://place.map.kakao.com/1262079557,3.6,188,"{""reservation"":true,""delivery"":false,""accessible"":false,""takeout"":true,""parking"":true,""pets"":false,""wifi"":true}",서울 강남구 도산대로1길 40 (신사동 507-11),official_description,
175,175화,2025-08-20,[sub] 성시경의 먹을텐데 l 을지로 문화옥,https://www.youtube.com/watch?v=BvUQLE3nD1Y,restaurant,mogeultende_2417cc3bc5a3,문화옥,대한민국,서울 중구,서울 중구 창경궁로 62-5,설렁탕,양지설렁탕,"양지설렁탕 13,000원 | 도가니탕 18,000원 | 족탕 26,000원 | 양지설렁탕(특) 17,000원",37.56807851,126.99846058,02-2265-0322,영업 중,21:00 까지,수 06:00 ~ 21:00 | 목 06:00 ~ 21:00 | 금 06:00 ~ 21:00 | 토 06:00 ~ 21:00 | 일 06:00 ~ 21:00 | 월 06:00 ~ 21:00 | 화 06:00 ~ 21:00,7873473,https://place.map.kakao.com/7873473,3.6,112,"{""reservation"":false,""delivery"":false,""accessible"":false,""takeout"":false,""parking"":true,""pets"":false,""wifi"":false}",서울 중구 창경궁로 62-5 (주교동 118-3),official_description,
176,176화,2025-08-25,[sub] 성시경의 먹을텐데 l 성수역 세스크멘슬,https://www.youtube.com/watch?v=cXmQC8Y1Ow0,restaurant,mogeultende_519c123ca0d6,세스크멘슬 본점,대한민국,서울 성동구,서울 성동구 성수이로14길 7,양식,마일리,"마일리 33,000원 | 커리부어스트 9,000원 | 보끼 35,000원 | 슈니첼 28,000원",37.54105313,127.05640607,02-6082-0393,영업 전,11:00 오픈,수 11:00 ~ 23:00 | 목 11:00 ~ 23:00 | 금 11:00 ~ 23:00 | 토 11:00 ~ 23:00 | 일 11:00 ~ 23:00 | 월 휴무일 | 화 11:00 ~ 23:00,578560649,https://place.map.kakao.com/578560649,3.9,433,"{""reservation"":true,""delivery"":false,""accessible"":false,""takeout"":false,""parking"":false,""pets"":false,""wifi"":false}",서울 성동구 성수이로14길 7 1층 (성수동2가 322-20),official_description,
177,177화,2025-08-29,[sub] 성시경의 먹을텐데 l 왕십리역 재수돈감자탕,https://www.youtube.com/watch?v=dI763TqdasE,restaurant,mogeultende_32608bb10cf4,재수돈감자탕 왕십리점,대한민국,서울 성동구,서울 성동구 왕십리로21길 13,감자탕,감자탕(중),"감자탕(중) 34,000원 | 뼈해장국 9,000원 | 감자탕(소) 29,000원 | 감자탕(대) 39,000원",37.56119028,127.03305821,02-2297-4652,영업 전,10:00 오픈,수 10:00 ~ 22:00 / 15:20 ~ 16:30 브레이크타임 / 14:50 라스트오더 | 목 10:00 ~ 22:00 / 15:20 ~ 16:30 브레이크타임 / 14:50 라스트오더 | 금 10:00 ~ 22:00 / 15:20 ~ 16:30 브레이크타임 / 14:50 라스트오더 | 토 10:00 ~ 22:00 / 15:20 ~ 16:30 브레이크타임 / 14:50 라스트오더 | 일 10:00 ~ 22:00 / 15:20 ~ 16:30 브레이크타임 / 14:50 라스트오더 | 월 휴무일 | 화 10:00 ~ 22:00 / 15:20 ~ 16:30 브레이크타임 / 14:50 라스트오더,1208902654,https://place.map.kakao.com/1208902654,4.5,119,"{""reservation"":true,""delivery"":true,""accessible"":false,""takeout"":true,""parking"":false,""pets"":false,""wifi"":true}",서울 성동구 왕십리로21길 13 1층 (행당동 292-9),official_description,
178,178화,2025-09-04,[sub] 성시경의 먹을텐데 l 홍대 철길왕갈비살,https://www.youtube.com/watch?v=-HMjbflpVIg,restaurant,mogeultende_4edc6d840391,철길왕갈비살,대한민국,서울 마포구,서울 마포구 와우산로32길 24,갈비,양념소갈비살,"양념소갈비살 20,000원 | 생소갈비살 20,000원 | 양념토시살 25,000원 | 양념안창살 25,000원",37.55460142,126.93161238,02-3143-2801,영업 전,12:00 오픈,수 12:00 ~ 23:00 / 22:30 라스트오더 | 목 12:00 ~ 23:00 / 22:30 라스트오더 | 금 12:00 ~ 23:00 / 22:30 라스트오더 | 토 12:00 ~ 23:00 / 22:30 라스트오더 | 일 12:00 ~ 23:00 / 22:30 라스트오더 | 월 12:00 ~ 23:00 / 22:30 라스트오더 | 화 12:00 ~ 23:00 / 22:30 라스트오더,13091834,https://place.map.kakao.com/13091834,3.4,132,"{""reservation"":true,""delivery"":true,""accessible"":false,""takeout"":false,""parking"":true,""pets"":false,""wifi"":true}",서울 마포구 와우산로32길 24 (창전동 4-2),official_description,
179,179화,2025-09-08,[sub] 성시경의 먹을텐데 l 목동역 대포항회집,https://www.youtube.com/watch?v=OJl_XAXANH0,restaurant,mogeultende_ed9bf10001ee,대포항,대한민국,서울 양천구,서울 양천구 오목로50길 1,회,대광어 (대),"대광어 (대) 65,000원 | 대광어 (중) 50,000원 | 대광어 (소) 40,000원 | 모듬(대광어,우럭)(대) 65,000원",37.52572051,126.86371986,02-2691-0711,영업 전,15:00 오픈,수 15:00 ~ 24:00 | 목 15:00 ~ 24:00 | 금 15:00 ~ 24:00 | 토 15:00 ~ 24:00 | 일 휴무일 | 월 15:00 ~ 24:00 | 화 15:00 ~ 24:00,27533447,https://place.map.kakao.com/27533447,3.8,31,"{""reservation"":true,""delivery"":false,""accessible"":false,""takeout"":false,""parking"":false,""pets"":false,""wifi"":false}",서울 양천구 오목로50길 1 대포항회집 (신정동 994-8),official_description,
180,180화,2025-09-12,[sub] 성시경의 먹을텐데 l 광주상무암뽕순대국밥,https://www.youtube.com/watch?v=MnDzadd1o64,restaurant,mogeultende_f4765babc68c,상무암뽕순대국 본점,대한민국,전남광주통합특별시 서구,전남광주통합특별시 서구 천변좌하로 292,순대,곱창구이,"곱창구이 22,000원 | 암뽕순대국밥 11,000원 | 매운곱창구이 24,000원 | 암뽕순대 22,000원",35.16017679,126.84657879,062-381-3117,영업 전,09:00 오픈,수 09:00 ~ 23:00 / 15:30 ~ 17:00 브레이크타임 | 목 09:00 ~ 23:00 / 15:30 ~ 17:00 브레이크타임 | 금 09:00 ~ 23:00 / 15:30 ~ 17:00 브레이크타임 | 토 09:00 ~ 23:00 / 15:30 ~ 17:00 브레이크타임 | 일 09:00 ~ 23:00 / 15:30 ~ 17:00 브레이크타임 | 월 휴무일 | 화 09:00 ~ 23:00 / 15:30 ~ 17:00 브레이크타임,1192427128,https://place.map.kakao.com/1192427128,4,224,"{""reservation"":true,""delivery"":false,""accessible"":false,""takeout"":false,""parking"":true,""pets"":false,""wifi"":false}",광주 서구 천변좌하로 292 (치평동 1193-6),official_description,
181,181화,2025-09-15,[sub] 성시경의 먹을텐데 l 광주 25시소문난오돌뼈,https://www.youtube.com/watch?v=USVe_pWc3cg,restaurant,mogeultende_c2167864a676,25시소문난오돌뼈,대한민국,전남광주통합특별시 북구,전남광주통합특별시 북구 저불로69번길 15,"육류,고기",오돌뼈(1인),"오돌뼈(1인) 13,000원 | 갈매기살(1인) 13,000원 | 막창(1인) 13,000원 | 삼겹살(1인) 14,000원",35.18054206,126.89366236,062-514-5292,영업 전,16:00 오픈,수 16:00 ~ 23:50 / 23:00 라스트오더 | 목 16:00 ~ 23:50 / 23:00 라스트오더 | 금 16:00 ~ 23:50 / 23:00 라스트오더 | 토 16:00 ~ 23:50 / 23:00 라스트오더 | 일 16:00 ~ 23:50 / 23:00 라스트오더 | 월 16:00 ~ 23:50 / 23:00 라스트오더 | 화 16:00 ~ 23:50 / 23:00 라스트오더,18521689,https://place.map.kakao.com/18521689,4.7,100,"{""reservation"":true,""delivery"":false,""accessible"":false,""takeout"":true,""parking"":true,""pets"":false,""wifi"":false}",광주 북구 저불로69번길 11 (용봉동 1361-2),official_description,
182,182화,2025-09-26,[sub] 성시경의 먹을텐데 l 삼전역 돈푸짐감자탕,https://www.youtube.com/watch?v=P8e2gPK5zZY,restaurant,mogeultende_5233d9eca01a,돈푸짐감자탕,대한민국,서울 송파구,서울 송파구 백제고분로 169,감자탕,미니감자탕(2인분),"뼈해장국 (1인분) 11,000원 | 감자탕 (소) 33,000원 | 미니감자탕(2인분) 24,000원 | 전복 해물뼈찜 (중) 55,000원",37.50524499,127.08569512,02-412-2025,영업 전,10:00 오픈,수 10:00 ~ 24:00 | 목 00:00 ~ 24:00 | 금 00:00 ~ 24:00 | 토 00:00 ~ 24:00 | 일 00:00 ~ 24:00 | 월 00:00 ~ 24:00 | 화 휴무일,1500248496,https://place.map.kakao.com/1500248496,4.1,131,"{""reservation"":true,""delivery"":true,""accessible"":true,""takeout"":true,""parking"":true,""pets"":false,""wifi"":true}",서울 송파구 백제고분로 169 (잠실동 234-14),official_description,
183,183화,2025-09-30,[sub] 성시경의 먹을텐데 l 상봉역 부흥축산,https://www.youtube.com/watch?v=6D0dhN2y0b8,restaurant,mogeultende_75a387e42ca2,부흥축산,대한민국,서울 중랑구,서울 중랑구 봉우재로 137,"육류,고기",국내산한우,국내산한우 변동가격 | 한돈 암퇘지 변동가격,37.5932464,127.08814773,02-494-8315,영업 전,11:00 오픈,수 11:00 ~ 22:00 / 15:00 ~ 16:00 브레이크타임 | 목 11:00 ~ 22:00 / 15:00 ~ 16:00 브레이크타임 | 금 11:00 ~ 22:00 / 15:00 ~ 16:00 브레이크타임 | 토 11:00 ~ 22:00 / 15:00 ~ 16:00 브레이크타임 | 일 11:00 ~ 22:00 / 15:00 ~ 16:00 브레이크타임 | 월 11:00 ~ 22:00 / 15:00 ~ 16:00 브레이크타임 | 화 11:00 ~ 22:00 / 15:00 ~ 16:00 브레이크타임,1735183838,https://place.map.kakao.com/1735183838,4.4,162,"{""reservation"":false,""delivery"":false,""accessible"":false,""takeout"":false,""parking"":false,""pets"":false,""wifi"":false}",서울 중랑구 봉우재로 137 1층 (봉우재로 137 1층),official_description,
184,184화,2025-10-14,[sub] 성시경의 먹을텐데 l 논현동 청석골,https://www.youtube.com/watch?v=8JQNbjWEze0,restaurant,mogeultende_70b59d746ac9,청석골,대한민국,서울 강남구,서울 강남구 도산대로38길 12,한식,생삼겹살(180g),"생삼겹살(180g) 17,000원 | 청석골정식 9,000원 | 된장찌개(식사) 10,000원 | 골뱅이무침 27,000원",37.51984186,127.03207618,02-511-9588,영업 전,11:00 오픈,수 11:00 ~ 22:00 / 14:30 ~ 16:30 브레이크타임 | 목 11:00 ~ 22:00 / 14:30 ~ 16:30 브레이크타임 | 금 제헌절 휴무 | 토 휴무일 | 일 휴무일 | 월 11:00 ~ 22:00 / 14:30 ~ 16:30 브레이크타임 | 화 11:00 ~ 22:00 / 14:30 ~ 16:30 브레이크타임,16765360,https://place.map.kakao.com/16765360,4.7,29,"{""reservation"":false,""delivery"":false,""accessible"":false,""takeout"":false,""parking"":true,""pets"":false,""wifi"":false}",서울 강남구 도산대로38길 12 (논현동 64-19),official_description,
185,185화,2025-10-21,"[sub] 성시경의 먹을텐데 l 도쿄 후지키, 오사카 돈조쿠 비짱",https://www.youtube.com/watch?v=jogtpBx1cC4,travel_special,,,,,,,,,,,,,,,,,,,{},,,해외 식당 2곳은 국내 전용 데이터셋 정책으로 제외
186,186화,2025-10-28,[sub] 성시경의 먹을텐데 l 을지로 인천집,https://www.youtube.com/watch?v=ysMucw9HzSc,restaurant,mogeultende_819f5dabc009,인천집,대한민국,서울 중구,서울 중구 다동길 36,"족발,보쌈",제육보쌈 (대),"제육보쌈 (대) 50,000원 | 조개칼국수 10,000원 | 제육굴보쌈 (대) 60,000원 | 제육보쌈 (중) 40,000원",37.56780943,126.98125539,02-776-6583,영업 전,11:00 오픈,수 11:00 ~ 22:00 / 15:00 ~ 17:00 브레이크타임 | 목 11:00 ~ 22:00 / 15:00 ~ 17:00 브레이크타임 | 금 11:00 ~ 22:00 / 15:00 ~ 17:00 브레이크타임 | 토 11:00 ~ 22:00 / 15:00 ~ 17:00 브레이크타임 | 일 휴무일 | 월 11:00 ~ 22:00 / 15:00 ~ 17:00 브레이크타임 | 화 11:00 ~ 22:00 / 15:00 ~ 17:00 브레이크타임,9352032,https://place.map.kakao.com/9352032,3.1,222,"{""reservation"":false,""delivery"":false,""accessible"":false,""takeout"":true,""parking"":false,""pets"":false,""wifi"":false}",서울 중구 다동길 36 2층 (서울 중구 다동 60),official_description,
187,187화,2025-11-10,[sub] 성시경의 먹을텐데 l 압구정로데오 뱃고동,https://www.youtube.com/watch?v=Jh-xHVzBL80,restaurant,mogeultende_7c1568fe71f7,뱃고동,대한민국,서울 강남구,서울 강남구 언주로172길 54,"해물,생선",오징어튀김,"오징어튀김 15,000원 | 오징어불고기백반 (점심메뉴) 9,000원 | 산낙지전골(1인분) 30,000원 | 산낙지불고기(1인분) 30,000원",37.52684989,127.0380434,02-514-8008,영업 전,11:30 오픈,수 11:30 ~ 21:30 / 21:00 라스트오더 | 목 11:30 ~ 21:30 / 21:00 라스트오더 | 금 11:30 ~ 21:30 / 21:00 라스트오더 | 토 11:30 ~ 21:30 / 21:00 라스트오더 | 일 11:30 ~ 21:30 / 21:00 라스트오더 | 월 11:30 ~ 21:30 / 21:00 라스트오더 | 화 11:30 ~ 21:30 / 21:00 라스트오더,25046575,https://place.map.kakao.com/25046575,3.9,984,"{""reservation"":true,""delivery"":true,""accessible"":false,""takeout"":true,""parking"":false,""pets"":false,""wifi"":true}",서울 강남구 언주로172길 54 (신사동 663),official_description,
188,188화,2025-11-17,[sub] 성시경의 먹을텐데 l 을지로 우래옥,https://www.youtube.com/watch?v=0pUfMIx-juk,restaurant,mogeultende_e61a8b58270b,우래옥 본점,대한민국,서울 중구,서울 중구 창경궁로 62-29,냉면,전통평양냉면,"전통평양냉면 18,000원 | 김치말이냉면 18,000원 | 한우육개장 20,000원 | 불고기 (1인분) 46,000원",37.56821186,126.99871866,02-2265-0151,영업 전,11:30 오픈,수 11:30 ~ 21:00 | 목 11:30 ~ 21:00 | 금 11:30 ~ 21:00 | 토 11:30 ~ 21:00 | 일 11:30 ~ 21:00 | 월 휴무일 | 화 11:30 ~ 21:00,8025375,https://place.map.kakao.com/8025375,4.1,1216,"{""reservation"":false,""delivery"":false,""accessible"":true,""takeout"":false,""parking"":true,""pets"":false,""wifi"":false}",서울 중구 창경궁로 62-29 (주교동 118-1),official_description,
189,189화,2025-11-21,[sub] 성시경의 먹을텐데 l 명동 행화촌,https://www.youtube.com/watch?v=DnWF9WuObgE,restaurant,mogeultende_bff176cad094,행화촌,대한민국,서울 중구,서울 중구 남대문로 52-5,중국요리,짜장면,"짜장면 6,000원 | 간짜장 8,500원 | 잡탕밥 16,000원 | 유산슬밥 14,000원",37.56211972,126.98175483,02-771-0172,영업 전,11:00 오픈,수 11:00 ~ 21:30 | 목 11:00 ~ 21:30 | 금 11:00 ~ 21:30 | 토 11:00 ~ 21:30 | 일 11:00 ~ 21:30 | 월 11:00 ~ 21:30 | 화 11:00 ~ 21:30,8147747,https://place.map.kakao.com/8147747,3.6,215,"{""reservation"":true,""delivery"":false,""accessible"":false,""takeout"":true,""parking"":false,""pets"":false,""wifi"":false}",서울 중구 남대문로 52-5 (명동2가 107-1),official_description,
190,190화,2025-12-02,[sub] 성시경의 먹을텐데 l 한남동 압구정진주 (with.박서준),https://www.youtube.com/watch?v=1tg6dEbU1no,restaurant,mogeultende_33938a73acbf,압구정진주 한남직영점,대한민국,서울 용산구,서울 용산구 대사관로30길 11-6,삼겹살,진주모듬,"진주모듬 78,000원 | 남도식꽃게무침 39,000원 | 진주삼겹살 18,000원 | 생대패삼겹 18,000원",37.53248803,127.00587755,070-8865-8788,영업 전,15:00 오픈,수 15:00 ~ 22:30 | 목 15:00 ~ 22:30 | 금 15:00 ~ 22:30 | 토 15:00 ~ 22:30 | 일 15:00 ~ 22:30 | 월 15:00 ~ 22:30 | 화 15:00 ~ 22:30,916427658,https://place.map.kakao.com/916427658,0,767,"{""reservation"":true,""delivery"":false,""accessible"":false,""takeout"":false,""parking"":false,""pets"":false,""wifi"":true}",서울 용산구 대사관로30길 11-6 압구정진주 (한남동 631-15),official_description,
191,191화,2025-12-15,[sub] 성시경의 먹을텐데 l 압구정역 무교동유정낙지,https://www.youtube.com/watch?v=2WheSTDmpwQ,restaurant,mogeultende_67021829d881,무교동유정낙지 압구정점,대한민국,서울 강남구,서울 강남구 논현로163길 10,"해물,생선",산낙지볶음,"산낙지볶음 57,000원 | 산낙지연포탕 57,000원 | 불낙전골(대) 58,000원 | 불낙전골(소) 48,000원",37.52414446,127.0272532,,영업 전,11:00 오픈,수 11:00 ~ 05:00 | 목 11:00 ~ 05:00 | 금 11:00 ~ 05:00 | 토 11:00 ~ 05:00 | 일 11:00 ~ 05:00 | 월 11:00 ~ 05:00 | 화 11:00 ~ 05:00,18750998,https://place.map.kakao.com/18750998,2.4,49,"{""reservation"":false,""delivery"":true,""accessible"":false,""takeout"":true,""parking"":true,""pets"":false,""wifi"":false}",서울 강남구 논현로163길 10 베드로빌딩 1층 (신사동 570-6),official_description,
192,192화,2025-12-22,[sub] 성시경의 먹을텐데 l 약수역 주전 (with. 카와사키 타카야川崎鷹也),https://www.youtube.com/watch?v=dIgVva5TMCs,restaurant,mogeultende_de72c9f76d4d,주전,대한민국,서울 중구,서울 중구 동호로7길 14,"호프,요리주점",모듬전,"모듬전 25,000원 | 감자전 15,000원 | 육전 22,000원 | 홍어전 22,000원",37.5533224,127.01079077,,영업 전,13:00 오픈,수 13:00 ~ 24:00 | 목 13:00 ~ 24:00 | 금 13:00 ~ 24:00 | 토 13:00 ~ 24:00 | 일 13:00 ~ 24:00 | 월 13:00 ~ 24:00 | 화 13:00 ~ 24:00,1296047132,https://place.map.kakao.com/1296047132,3.9,541,"{""reservation"":true,""delivery"":false,""accessible"":true,""takeout"":true,""parking"":false,""pets"":false,""wifi"":false}",서울 중구 동호로7길 14 1층 (신당동 857),official_description,
193,193화,2026-01-08,[sub] 성시경의 먹을텐데 l 버거킹 신메뉴,https://www.youtube.com/watch?v=d2iUM5UjT1Q,sponsored,,,,,,,,,,,,,,,,,,,{},,,버거킹 신메뉴 광고편으로 특정 지점 없음
194,194화,2026-01-09,[sub] 성시경의 먹을텐데 l 망원역 몽골생소금구이 (with. 화사),https://www.youtube.com/watch?v=RZJDKKl7VrM,restaurant,mogeultende_b6b075601e13,몽골생소금구이,대한민국,서울 마포구,서울 마포구 희우정로 93-1,"육류,고기",소금구이 (생목살) (200g),"소금구이 (생목살) (200g) 16,000원 | 항정살 (200g) 19,000원 | 차돌박이 (200g) 18,000원 | 소막창구이 (200g) 22,000원",37.55367979,126.90227033,0507-1410-3544,영업 전,17:00 오픈,수 17:00 ~ 24:00 | 목 17:00 ~ 24:00 | 금 17:00 ~ 24:00 | 토 17:00 ~ 24:00 | 일 17:00 ~ 24:00 | 월 휴무일 | 화 17:00 ~ 24:00,16269519,https://place.map.kakao.com/16269519,4.6,91,"{""reservation"":false,""delivery"":false,""accessible"":false,""takeout"":false,""parking"":false,""pets"":false,""wifi"":false}",서울 마포구 희우정로 93-1 (망원동 457-11),official_description,
195,195화,2026-01-15,[sub] 성시경의 먹을텐데 l 시청역 부산갈매기,https://www.youtube.com/watch?v=naqn5QAKsnM,restaurant,mogeultende_5413a0f88886,부산갈매기,대한민국,서울 중구,서울 중구 남대문로 25-20,"해물,생선",생태매운탕(중),"생태매운탕(중) 60,000원 | 생태찌개(2인) (점심특선) 28,000원 | 생태매운탕(소) 45,000원 | 생태매운탕(대) 70,000원",37.56212996,126.9783729,02-773-8146,영업 전,11:00 오픈,수 11:00 ~ 21:30 | 목 11:00 ~ 21:30 | 금 11:00 ~ 21:30 | 토 11:00 ~ 21:30 | 일 휴무일 | 월 11:00 ~ 21:30 | 화 11:00 ~ 21:30,10470599,https://place.map.kakao.com/10470599,4.5,61,"{""reservation"":true,""delivery"":false,""accessible"":false,""takeout"":false,""parking"":false,""pets"":false,""wifi"":false}",서울 중구 남대문로 25-20 (북창동 94-42),official_description,
196,196화,2026-01-21,[sub] 성시경의 먹을텐데 l 잠실 별미곱창 (with.비비),https://www.youtube.com/watch?v=TuT0kthdfGE,restaurant,mogeultende_b7d1c7f37c25,별미곱창 본점,대한민국,서울 송파구,서울 송파구 오금로11길 11,"곱창,막창",모듬곱창 (1인분),"모듬곱창 (1인분) 25,000원 | 소곱창 (1인분) 25,000원 | 볶음밥 (1인분) 4,000원 | 특양 (1인분) 28,000원",37.51463558,127.10833837,02-413-3610,영업 전,11:00 오픈,수 11:00 ~ 02:00 | 목 11:00 ~ 02:00 | 금 11:00 ~ 02:00 | 토 11:00 ~ 02:00 | 일 11:00 ~ 02:00 | 월 11:00 ~ 02:00 | 화 11:00 ~ 02:00,1018661438,https://place.map.kakao.com/1018661438,3.4,655,"{""reservation"":false,""delivery"":false,""accessible"":false,""takeout"":false,""parking"":false,""pets"":false,""wifi"":false}",서울 송파구 오금로11길 11 1층 (방이동 28-7),official_description,
197,197화,2026-01-23,[sub] 성시경의 먹을텐데 l 논현동 백암왕순대,https://www.youtube.com/watch?v=cu6J1VZfaxw,restaurant,mogeultende_4ee2bfbcfc23,백암왕순대,대한민국,서울 강남구,서울 강남구 선릉로129길 13,순대,순대국(보통),"순대국(보통) 10,000원 | 모듬수육 30,000원 | 순대국(특) 12,000원 | 얼큰순대국(보통) 11,000원",37.51607488,127.04050608,02-3442-7768,영업 전,10:00 오픈,수 10:00 ~ 23:00 / 16:00 ~ 17:30 브레이크타임 | 목 10:00 ~ 23:00 / 16:00 ~ 17:30 브레이크타임 | 금 10:00 ~ 23:00 / 16:00 ~ 17:30 브레이크타임 | 토 10:00 ~ 21:00 | 일 휴무일 | 월 10:00 ~ 23:00 / 16:00 ~ 17:30 브레이크타임 | 화 10:00 ~ 23:00 / 16:00 ~ 17:30 브레이크타임,16737435,https://place.map.kakao.com/16737435,4,138,"{""reservation"":false,""delivery"":false,""accessible"":false,""takeout"":false,""parking"":false,""pets"":false,""wifi"":false}",서울 강남구 선릉로129길 13 (논현동 242-9),official_description,
198,198화,2026-02-02,[sub] 성시경의 먹을텐데 l 중랑역 울타리곱창,https://www.youtube.com/watch?v=wt6km_pFolU,restaurant,mogeultende_2763f45b47c2,울타리곱창,대한민국,서울 중랑구,서울 중랑구 중랑역로 20,"곱창,막창",치즈곱창,"치즈곱창 13,000원 | 데리야끼막창 13,000원 | 야채곱창 12,000원 | 오돌뼈 12,000원",37.59593057,127.07634279,02-491-7178,영업 전,13:30 오픈,수 13:30 ~ 23:30 | 목 13:30 ~ 23:30 | 금 13:30 ~ 23:30 | 토 13:30 ~ 23:30 | 일 13:30 ~ 23:30 | 월 13:30 ~ 23:30 | 화 13:30 ~ 23:30,16376322,https://place.map.kakao.com/16376322,3.6,467,"{""reservation"":false,""delivery"":true,""accessible"":true,""takeout"":true,""parking"":true,""pets"":false,""wifi"":true}",서울 중랑구 중랑역로 20 1층 (중화동 298-21),official_description,
199,199화,2026-02-10,[sub] 성시경의 먹을텐데 l 삼각지 삼각정,https://www.youtube.com/watch?v=BRB34sU9lJM,restaurant,mogeultende_fded3ae0cf0a,삼각정,대한민국,서울 용산구,서울 용산구 한강대로 149,"육류,고기",모소리 (120g),"모소리 (120g) 21,000원 | 가오리 (120g) 19,000원 | 이겹살 (120g) 19,000원 | 내장탕 15,000원",37.53279185,126.97098321,02-798-3666,영업 전,17:00 오픈,수 17:00 ~ 22:30 | 목 17:00 ~ 22:30 | 금 17:00 ~ 22:30 | 토 17:00 ~ 22:30 | 일 휴무일 | 월 17:00 ~ 22:30 | 화 17:00 ~ 22:30,7917849,https://place.map.kakao.com/7917849,3.7,71,"{""reservation"":false,""delivery"":false,""accessible"":false,""takeout"":false,""parking"":true,""pets"":false,""wifi"":false}",서울 용산구 한강대로 151 (한강로2가 258-6),official_description,
200,200화,2026-02-17,[sub] 성시경의 먹을텐데 l 가락시장 수동상회,https://www.youtube.com/watch?v=Xhy8JKSIp70,restaurant,mogeultende_94c87de94ff0,수동상회,대한민국,서울 송파구,서울 송파구 양재대로 932,회,*활어 모듬회/1인기준*,"*활어 모듬회/1인기준* 40,000원 | 해물 서더리매운탕(2인기준) 30,000원 | *특초밥* 25,000원 | *꽃게찜/탕* 변동가격",37.49243,127.11715918,02-403-1767,영업 전,11:00 오픈,수 11:00 ~ 22:30 | 목 11:00 ~ 22:30 | 금 11:00 ~ 22:30 | 토 11:00 ~ 22:30 | 일 11:00 ~ 22:30 | 월 11:00 ~ 22:30 | 화 11:00 ~ 22:30,13300110,https://place.map.kakao.com/13300110,3.7,271,"{""reservation"":true,""delivery"":true,""accessible"":true,""takeout"":true,""parking"":true,""pets"":false,""wifi"":true}",서울 송파구 양재대로 932 가락몰5관 가락몰회센타1층 내 (가락동 600),official_description,
201,201화,2026-02-27,"[sub] 성시경의 먹을텐데 l 도쿄 토리츠바키, 아게산",https://www.youtube.com/watch?v=M2vpWqrakxM,travel_special,,,,,,,,,,,,,,,,,,,{},,,해외 식당 2곳은 국내 전용 데이터셋 정책으로 제외
202,202화,2026-03-25,[sub] 성시경의 먹을텐데 l 송파동 본가진미간장게장 (with.넬 김종완),https://www.youtube.com/watch?v=9NycugQL2xw,restaurant,mogeultende_ed753f60736d,본가진미간장게장,대한민국,서울 송파구,서울 송파구 백제고분로 420,"게,대게",암꽃게 간장모듬장 정식 (1인분),"암꽃게 간장모듬장 정식 (1인분) 50,000원 | 암꽃게 양념모듬장 정식 (1인분) 50,000원 | 암꽃게 간장게장 정식 (대) 49,000원 | 암꽃게 간장게장 정식 (중) 39,000원",37.5083258,127.11130384,02-422-5081,영업 전,11:00 오픈,수 11:00 ~ 22:00 | 목 11:00 ~ 22:00 | 금 11:00 ~ 22:00 | 토 11:00 ~ 22:00 | 일 11:00 ~ 22:00 | 월 11:00 ~ 22:00 | 화 11:00 ~ 22:00,17296779,https://place.map.kakao.com/17296779,4.5,896,"{""reservation"":true,""delivery"":true,""accessible"":true,""takeout"":true,""parking"":true,""pets"":false,""wifi"":true}",서울 송파구 백제고분로 420 1층 (송파동 134-1),official_description,
203,203화,2026-03-30,[sub] 성시경의 먹을텐데 l 버거리 클래식치즈버거 시리즈,https://www.youtube.com/watch?v=JEp5JYGxWok,sponsored,,,,,,,,,,,,,,,,,,,{},,,버거리 제품 광고편으로 특정 지점 없음
204,204화,2026-04-09,[sub] 성시경의 먹을텐데 l 잠원동 한신치킨호프,https://www.youtube.com/watch?v=47bO-VRW13Q,restaurant,mogeultende_62375108bf20,한신치킨호프,대한민국,서울 서초구,서울 서초구 신반포로23길 30,치킨,얼큰수제비,"얼큰수제비 9,000원 | 후라이드치킨 20,000원 | 양념치킨 21,000원 | 스모크치킨 20,000원",37.50878183,127.003565,02-596-5990,영업 전,11:00 오픈,수 11:00 ~ 23:50 | 목 11:00 ~ 23:50 | 금 11:00 ~ 23:50 | 토 11:00 ~ 23:50 | 일 11:00 ~ 23:50 | 월 11:00 ~ 23:50 | 화 11:00 ~ 23:50,8611462,https://place.map.kakao.com/8611462,3.4,649,"{""reservation"":true,""delivery"":true,""accessible"":false,""takeout"":true,""parking"":false,""pets"":false,""wifi"":false}",서울 서초구 신반포로23길 30 반원상가 (잠원동 72-2),official_description,
205,205화,2026-04-17,[sub] 성시경의 먹을텐데 l 남영동 까치네,https://www.youtube.com/watch?v=Nyg6h7-xxEA,restaurant,mogeultende_87147594c727,까치네,대한민국,서울 용산구,서울 용산구 한강대로84길 11-16,한식,계란범벅,"계란범벅 12,000원 | 오징어덮채 15,000원 | 닭볶음탕 20,000원 | 계란말이 10,000원",37.54438646,126.97324072,02-798-4668,영업 전,17:00 오픈,수 17:00 ~ 23:00 | 목 17:00 ~ 23:00 | 금 17:00 ~ 23:00 | 토 17:00 ~ 23:00 | 일 휴무일 | 월 17:00 ~ 23:00 | 화 17:00 ~ 23:00,11831385,https://place.map.kakao.com/11831385,3.7,128,"{""reservation"":false,""delivery"":false,""accessible"":false,""takeout"":false,""parking"":false,""pets"":false,""wifi"":false}",서울 용산구 한강대로84길 11-16 (남영동 40-4),official_description,
206,206화,2026-05-01,[sub] 성시경의 먹을텐데 l 구의 연지민물매운탕칼국수,https://www.youtube.com/watch?v=G_DZw6f5bhk,restaurant,mogeultende_c627d8f7f846,연지민물매운탕칼국수,대한민국,서울 광진구,서울 광진구 자양번영로 56,"매운탕,해물탕",메기+빠가 (2인),"메기+빠가 (2인) 39,000원 | 메기 (2인) 35,000원 | 잡고기 (2인) 37,000원 | 빠가사리 (2인) 45,000원",37.53446737,127.07627217,02-446-2182,영업 전,11:00 오픈,수 11:00 ~ 22:00 | 목 11:00 ~ 22:00 | 금 11:00 ~ 22:00 | 토 11:00 ~ 22:00 | 일 11:00 ~ 22:00 | 월 휴무일 | 화 11:00 ~ 22:00,10768777,https://place.map.kakao.com/10768777,4.3,32,"{""reservation"":false,""delivery"":false,""accessible"":false,""takeout"":false,""parking"":true,""pets"":false,""wifi"":false}",서울 광진구 자양번영로 56 동와빌딩 (자양동 611-5),official_description,
207,207화,2026-05-11,성시경의 먹을텐데 l 둔촌동역 다람 강동본점,https://www.youtube.com/watch?v=KF_8wNtJ9TM,restaurant,mogeultende_6562315e2d99,다람,대한민국,서울 강동구,서울 강동구 양재대로85길 29,삼겹살,근본B모듬 (600g),"근본B모듬 (600g) 62,000원 | 홍게 된장국수 전골(2인) 20,000원 | 곤드레솥밥 10,000원 | 프리미엄A모듬 (700g) 75,000원",37.52455748,127.13297812,02-475-6047,영업 전,12:00 오픈,수 12:00 ~ 22:30 / 15:30 ~ 17:00 브레이크타임 | 목 12:00 ~ 22:30 / 15:30 ~ 17:00 브레이크타임 | 금 12:00 ~ 22:30 / 15:30 ~ 17:00 브레이크타임 | 토 12:00 ~ 22:30 / 15:30 ~ 17:00 브레이크타임 | 일 12:00 ~ 22:30 / 15:30 ~ 17:00 브레이크타임 | 월 12:00 ~ 22:30 / 15:30 ~ 17:00 브레이크타임 | 화 12:00 ~ 22:30 / 15:30 ~ 17:00 브레이크타임,16376753,https://place.map.kakao.com/16376753,3.5,253,"{""reservation"":true,""delivery"":false,""accessible"":true,""takeout"":false,""parking"":true,""pets"":false,""wifi"":true}",서울 강동구 양재대로85길 29 1층 (성내동 443),official_description,
208,208화,2026-05-15,[sub] 성시경의 먹을텐데 l 합정역 제주삼다돈 (with.임지연),https://www.youtube.com/watch?v=bfBmJCPgCmI,restaurant,mogeultende_538dd8a92988,제주삼다돈,대한민국,서울 마포구,서울 마포구 양화로11길 66,"육류,고기",갈매기살,"오겹살 18,000원 | 목살 18,000원 | 갈매기살 17,000원 | 명품생갈비 30,000원",37.55213497,126.91314556,02-3144-2052,영업 전,11:30 오픈,수 11:30 ~ 22:00 / 14:30 ~ 16:00 브레이크타임 | 목 11:30 ~ 22:00 / 14:30 ~ 16:00 브레이크타임 | 금 11:30 ~ 22:00 / 14:30 ~ 16:00 브레이크타임 | 토 11:30 ~ 22:00 | 일 11:30 ~ 22:00 | 월 11:30 ~ 22:00 / 14:30 ~ 16:00 브레이크타임 | 화 11:30 ~ 22:00 / 14:30 ~ 16:00 브레이크타임,26544453,https://place.map.kakao.com/26544453,3.6,111,"{""reservation"":true,""delivery"":true,""accessible"":false,""takeout"":true,""parking"":true,""pets"":false,""wifi"":true}",서울 마포구 양화로11길 66 (서교동 384-10),official_description,
209,209화,2026-05-20,[sub] 성시경의 먹을텐데 l 자양동 엄마순대,https://www.youtube.com/watch?v=fPsMKDTzqaI,restaurant,mogeultende_ca6acab4f38f,엄마24시순대,대한민국,서울 광진구,서울 광진구 뚝섬로 472,순대,순대국＋순대국＋머리고기（소）,"순대국＋순대국＋머리고기（소） 35,800원 | 순대국＋순대국＋편육（중） 34,800원 | 순대국＋순대국＋편육（소） 30,800원 | 순대국＋머리고기（소） 23,900원",37.53663769,127.06284069,02-468-5658,휴무일,내일 05:00 오픈,수 휴무일 | 목 05:00 ~ 23:00 | 금 05:00 ~ 23:00 | 토 05:00 ~ 23:00 | 일 05:00 ~ 23:00 | 월 05:00 ~ 23:00 | 화 16:00 ~ 23:00,27133985,https://place.map.kakao.com/27133985,3.6,97,"{""reservation"":false,""delivery"":true,""accessible"":false,""takeout"":true,""parking"":true,""pets"":false,""wifi"":false}",서울 광진구 뚝섬로 472 (자양동 239-1),official_description,
210,210화,2026-05-29,[sub] 성시경의 먹을텐데 l 도쿄 츠키지 스시세이,https://www.youtube.com/watch?v=d6zoTmkiyf0,travel_special,,,,,,,,,,,,,,,,,,,{},,,해외 식당 1곳은 국내 전용 데이터셋 정책으로 제외
211,211화,2026-06-10,[sub] 성시경의 먹을텐데 l 금호동 광주홍어회찜,https://www.youtube.com/watch?v=saEJhTwMPKc,restaurant,mogeultende_65ad91139c05,광주홍어회찜,대한민국,서울 성동구,서울 성동구 금호로 66,"해물,생선",홍어삼합(중),"홍어삼합(중) 42,000원 | 파전 15,000원 | 추어탕 10,000원 | 홍어삼합(대) 50,000원",37.54922406,127.02615671,02-2291-1895,영업 전,16:00 오픈,수 16:00 ~ 22:00 | 목 16:00 ~ 22:00 | 금 16:00 ~ 22:00 | 토 16:00 ~ 22:00 | 일 휴무일 | 월 16:00 ~ 22:00 | 화 16:00 ~ 22:00,12814855,https://place.map.kakao.com/12814855,4.8,13,"{""reservation"":false,""delivery"":false,""accessible"":false,""takeout"":false,""parking"":false,""pets"":false,""wifi"":false}",서울 성동구 금호로 66 (금호동1가 1797-1),official_description,
212,212화,2026-06-18,[sub] 성시경의 먹을텐데 l 역삼역 서울집,https://www.youtube.com/watch?v=zOJrMLxtweM,restaurant,mogeultende_2d714c2ba160,서울집,대한민국,서울 강남구,서울 강남구 언주로93길 22-3,한식,버섯만두전골(소),"버섯만두전골(소) 33,000원 | 접시만두 13,000원 | 도가니수육 50,000원 | 손만두국 11,000원",37.5036232,127.03989995,02-501-2126,영업 전,11:00 오픈,수 11:00 ~ 22:00 | 목 11:00 ~ 22:00 | 금 11:00 ~ 22:00 | 토 11:00 ~ 20:00 | 일 11:00 ~ 20:00 | 월 11:00 ~ 22:00 | 화 11:00 ~ 22:00,327148272,https://place.map.kakao.com/327148272,3.3,242,"{""reservation"":true,""delivery"":true,""accessible"":false,""takeout"":true,""parking"":true,""pets"":false,""wifi"":true}",서울 강남구 언주로93길 22-3 지상 1층 (역삼동 673-30),official_description,
213,213화,2026-06-27,성시경의 먹을텐데 l 도쿄 고토노하,https://www.youtube.com/watch?v=wYl98f2lbms,travel_special,,,,,,,,,,,,,,,,,,,{},,,해외 식당 1곳은 국내 전용 데이터셋 정책으로 제외
214,214화,2026-06-29,[sub] 성시경의 먹을텐데 l 부산 중앙역 만리향,https://www.youtube.com/watch?v=Wj_7fiFawMQ,restaurant,mogeultende_715b0b99bf33,만리향,대한민국,부산 중구,부산 중구 충장대로9번길 9-1,중국요리,간짜장,"간짜장 9,000원 | 깐풍육(대) 45,000원 | 짜장면 7,000원 | 짬뽕 9,000원",35.10619762,129.03734226,051-463-2367,영업 전,11:00 오픈,수 11:00 ~ 20:30 / 15:30 ~ 17:00 브레이크타임 / 20:00 라스트오더 | 목 11:00 ~ 20:30 / 15:30 ~ 17:00 브레이크타임 / 20:00 라스트오더 | 금 11:00 ~ 20:30 / 15:30 ~ 17:00 브레이크타임 / 20:00 라스트오더 | 토 11:00 ~ 20:30 / 15:30 ~ 17:00 브레이크타임 / 20:00 라스트오더 | 일 휴무일 | 월 11:00 ~ 20:30 / 15:30 ~ 17:00 브레이크타임 / 20:00 라스트오더 | 화 11:00 ~ 20:30 / 15:30 ~ 17:00 브레이크타임 / 20:00 라스트오더,16575731,https://place.map.kakao.com/16575731,3.1,41,"{""reservation"":false,""delivery"":false,""accessible"":false,""takeout"":false,""parking"":false,""pets"":false,""wifi"":false}",부산 중구 충장대로9번길 9-1 1층 (중앙동4가 88-4),official_description,
