"번호","식당 ID","상호","기존 주소","분류","제안 상호","제안 주소","검색어","검색 결과","근거 URL"
"1","topic_enrichment_baekjong-wok_6806254363fb","돈파스팔레","서울 관악구 남부순환로 1947 (봉천동 1688-127)","fresh_search_inconclusive","","","서울 관악구 돈파스팔레 폐업?","inconclusive","https://data.seoul.go.kr/dataList/OA-16094/S/1/datasetView.do https://www.menupan.com/restaurant/onepage.asp?acode=R107211 https://m.menupan.com/restaurant/onepage.asp?acode=R107211"
"2","topic_enrichment_baekjong-wok_503b608be01c","묘향만두","경기 구리시 아차산로 63 (아천동 300-8)","menu_now_registered","","","경기 구리시 묘향만두 폐업?","web_operating","https://place.map.kakao.com/200216265 https://www.tabling.co.kr/place/677cc9c966de5f069879e293 https://polle.com/place/1kdgeY/%EB%AC%98%ED%96%A5%EB%A7%8C%EB%91%90"
"3","topic_enrichment_baekjong-wok_edf94f28e740","발리비스트로","서울 마포구 백범로1길 8-15 (노고산동 31-74)","closed_prior_evidence","","","서울 마포구 발리비스트로 폐업?","closed_at_address","https://data.seoul.go.kr/dataList/OA-16094/S/1/datasetView.do https://v.daum.net/v/cZLVWFbY8h https://www.youtube.com/watch?v=2dIzK9h0w8Y"
"4","topic_enrichment_baekjong-wok_54f0433ffeb5","백화양곱창","부산 중구 자갈치로23번길 6 (남포동6가 32)","menu_now_registered","","","부산 중구 백화양곱창 폐업?","non_restaurant","https://place.map.kakao.com/7886000 https://place.map.kakao.com/2061622071 https://place.map.kakao.com/1877575530 https://place.map.kakao.com/474953660 https://place.map.kakao.com/1278708886 https://place.map.kakao.com/260233725 https://place.map.kakao.com/2137377374 https://place.map.kakao.com/868897361 https://place.map.kakao.com/1301434715 https://place.map.kakao.com/16322173 https://www.visitbusan.net/index.do?lang_cd=ko&menuCd=DOM_000000201002004001&uc_seq=2483 https://www.tabling.co.kr/place/677cc8e866de5f069877dfdc"
"5","topic_enrichment_baekjong-wok_a1c6c2c6bac4","수유시장 만두명가","서울 강북구 도봉로71길 17 (수유1동 54-1)","fresh_search_inconclusive","","","서울 강북구 수유시장 만두명가 폐업?","inconclusive","https://www.koobig.com/352610 https://www.econovill.com/news/articleView.html?idxno=315443 https://www.daangn.com/kr/local-profile/%EA%B8%88%EB%B9%9B%EC%B0%B8%EA%B8%B0%EB%A6%84-3tcy869mhskr/ https://localbiz.kr/dir/license/%EC%84%9C%EC%9A%B8/%EA%B0%95%EB%B6%81%EA%B5%AC/manufacturing"
"6","topic_enrichment_baekjong-wok_4556e0c0aebd","영천시장 원조떡볶이","서울 서대문구 통일로 205-5 (영천동 290)","fresh_search_inconclusive","","","서울 서대문구 영천시장 원조떡볶이 폐업?","inconclusive","https://m.menupan.com/restaurant/onepage.asp?acode=H121006 https://polle.com/place/4IUmkX/%EC%98%81%EC%B2%9C%EC%8B%9C%EC%9E%A5%20%EC%9B%90%EC%A1%B0%EB%96%A1%EB%B3%B6%EC%9D%B4"
"7","topic_enrichment_baekjong-wok_28f264d7f33b","온천할머니집","광주 동구 지호로127번길 29 (지산동 67-21)","menu_now_registered","지산골온천보리밥","","광주 동구 온천할머니집 폐업?","address_review","https://aerok9.tistory.com/715?category=1233896 https://myteatime.kr/travel-food/?bmode=view&idx=166508473"
"8","topic_enrichment_baekjong-wok_212c028dc6f7","원조40번","전남 여수시 공화북3길 11 (공화동 1364)","fresh_search_inconclusive","","","전남 여수시 원조40번 폐업?","inconclusive","https://www.siksinhot.com/P/398253 https://secretrich.tistory.com/entry/%EB%B0%B1%EC%A2%85%EC%9B%90%EC%9D%98-3%EB%8C%80%EC%B2%9C%EC%99%95-%EC%97%AC%EC%88%98-%EA%B0%88%EB%B9%84%EC%B0%9C-%EC%9B%90%EC%A1%B040%EB%B2%88%EC%9D%98-%EC%97%AC%EC%88%98%ED%8F%AC%EC%B0%A8-%EB%A7%A4%EC%9A%B4%EB%8F%BC%EC%A7%80%EA%B0%88%EB%B9%84%EC%B0%9C%EC%9D%84-%EC%95%8C%EB%A0%A4%EB%93%9C%EB%A0%A4%EC%9A%94"
"9","topic_enrichment_baekjong-wok_43e5c84f86d6","원조범일동매떡","부산 부산진구 골드테마길 52-2 (범천동 844-35)","fresh_search_inconclusive","","","부산 부산진구 원조범일동매떡 폐업?","inconclusive","https://www.tabling.co.kr/place/677cc8c966de5f0698779f51 https://english.visitkorea.or.kr/svc/whereToGo/locIntrdn/rgnContentsView.do?vcontsId=75176"
"10","topic_enrichment_baekjong-wok_86024cb2da59","원할매소문난닭한마리","서울 종로구 종로40가길 25 (종로5가 282-21)","menu_now_registered","","","서울 종로구 원할매소문난닭한마리 폐업?","web_operating","https://www.diningcode.com/profile.php?rid=6Q0lZyBHHrqH https://www.esquirekorea.co.kr/article/50721"
"11","topic_enrichment_baekjong-wok_f47ee86282d2","통영식도락","경남 통영시 발개로 131 (도남동 560-1)","fresh_search_inconclusive","","","경남 통영시 통영식도락 폐업?","inconclusive","https://m.menupan.com/restaurant/onepage.asp?acode=H702426 https://www.emmaru.com/matzip/matzip.do?code=M150621120126235269R&f=1&s=0&t=0"
"12","topic_enrichment_baekjong-wok_14555fade8e1","팥빙수, 단팥죽 골목","부산 중구 신창동 국제시장 단팥죽거리","fresh_search_inconclusive","","","부산 중구 팥빙수, 단팥죽 골목 폐업?","inconclusive","https://www.busan.go.kr/news/specnews/view?dataNo=48433&gugun=Prev https://www.busan.com/view/busan/view.php?code=20100518000203"
"13","topic_enrichment_baekjong-wok_b014cf66b6ba","한성옥해장국","서울 용산구 백범로 283 (효창동 81-1)","closed_prior_evidence","","","서울 용산구 한성옥해장국 폐업?","closed_at_address","https://data.seoul.go.kr/dataList/OA-16094/S/1/datasetView.do https://v.daum.net/v/c8KYRrlL6l https://www.youtube.com/watch?v=FnkKtQ4YZCs"
"14","sikgaek-baekban-trip_restaurant_006","서산 가야슈퍼","충남 서산시 운산면 개심사로 322 (신창리 18-2)","fresh_search_inconclusive","","","충남 서산시 서산 가야슈퍼 폐업?","inconclusive","https://place.map.kakao.com/781197801 https://inhu.kr/categories/%EC%8B%9D%ED%92%88%EC%9E%90%EB%8F%99%ED%8C%90%EB%A7%A4%EA%B8%B0%EC%97%85?sido=%EC%B6%A9%EB%82%A8&sigungu=%EC%84%9C%EC%82%B0%EC%8B%9C https://bizno.net/article/3160284137"
"15","sikgaek-baekban-trip_restaurant_010","서산 광진상회","충남 서산시 운산면 해운로 761 (원벌리 49-1)","fresh_search_inconclusive","","","충남 서산시 서산 광진상회 폐업?","inconclusive","https://www.diningcode.com/profile.php?rid=f6N0RZebsliG https://www.youtube.com/watch?v=UpShKxuTkg8"
"16","sikgaek-baekban-trip_restaurant_017","서울 성원식품","서울 중구 을지로20길 36 (인현동2가 92-10)","menu_now_registered","","","서울 중구 서울 성원식품 폐업?","",""
"17","sikgaek-baekban-trip_restaurant_018","서울 에빈의커피이야기","서울 중구 퇴계로42길 35 (필동2가 70-5)","fresh_search_inconclusive","","","서울 중구 서울 에빈의커피이야기 폐업?","inconclusive","https://restaurantguru.com/%EC%97%90%EB%B9%88%EC%9D%98%EC%BB%A4%ED%94%BC%EC%9D%B4%EC%95%BC%EA%B8%B0-Seoul/menu https://app.passorder.co.kr/advance/f74f104f-8cec-4543-91c3-d5199fe41337"
"18","sikgaek-baekban-trip_restaurant_025","부산 금성호","부산 남구 용호동 6-5","operating_prior_evidence","","","부산 남구 부산 금성호 폐업?","map_operating","https://place.map.kakao.com/1567918454 https://pay.falltip.com/list.php?category=%EC%9D%8C%EC%8B%9D%EC%A0%90&sido=%EB%B6%80%EC%82%B0&sigungu=%EB%82%A8%EA%B5%AC"
"19","sikgaek-baekban-trip_restaurant_045","목포 보리마당 가맥집","전남 목포시 보리마당로 29 (서산동 14-45)","fresh_search_inconclusive","","","전남 목포시 목포 보리마당 가맥집 폐업?","inconclusive","https://place.map.kakao.com/1208645842 https://www.tabling.co.kr/place/677ccc1566de5f06987e68ef https://epicure.co.kr/detail?shopId=5541 https://www.aaaplus.co.kr/mokpo"
"20","sikgaek-baekban-trip_restaurant_055","삼척 길모퉁이 포차","강원 삼척시 봉황로 9-22 (남양동 341)","fresh_search_inconclusive","","","강원 삼척시 삼척 길모퉁이 포차 폐업?","inconclusive",""
"21","sikgaek-baekban-trip_restaurant_057","삼척 남궁스넥","강원 삼척시 성당길 93-14 (당저동 143-2)","closed_prior_evidence","","","강원 삼척시 삼척 남궁스넥 폐업?","closed_at_address","https://www.foodsafetykorea.go.kr/potalPopup/fooddanger/bsnInfoDetail.do?bsnLcnsLedgNo=1990001001982880 https://www.siksinhot.com/P/881259 https://todaytrip.tistory.com/90"
"22","sikgaek-baekban-trip_restaurant_068","인천 인천당","인천 중구 참외전로 138 (용동 2)","menu_now_registered","","","인천 중구 인천 인천당 폐업?","address_review","https://place.map.kakao.com/16033110 https://www.tabling.co.kr/place/677ccef466de5f069883ad2e https://iaudience.kbs.co.kr/broadcast/10776"
"23","sikgaek-baekban-trip_restaurant_073","대전 탑집","대전 중구 선화서로19번길 44 (선화동 430-6)","fresh_search_inconclusive","","","대전 중구 대전 탑집 폐업?","inconclusive","https://place.udanax.org/p/200563/%ED%83%91%EC%A7%91 https://enjoyholic.tistory.com/4918"
"24","sikgaek-baekban-trip_restaurant_075","대전 뽀뽀분식","대전 중구 계룡로881번길 44 (용두동 13-18)","closed_prior_evidence","","","대전 중구 대전 뽀뽀분식 폐업?","closed_at_address","https://www.foodsafetykorea.go.kr/potalPopup/fooddanger/bsnInfoDetail.do?bsnLcnsLedgNo=2003001001326209 https://bizno.net/article/2123491088 https://www.koobig.com/363164"
"25","sikgaek-baekban-trip_restaurant_080","서울 진가식탁 (복춘정)","서울 마포구 월드컵로21길 18 (망원동 57-498)","closed_prior_evidence","","","서울 마포구 서울 진가식탁 폐업?","closed_at_address","https://data.seoul.go.kr/dataList/OA-16094/S/1/datasetView.do https://niceday544.tistory.com/entry/%EC%8B%9D%EA%B0%9D-%ED%97%88%EC%98%81%EB%A7%8C%EC%9D%98-%EB%B0%B1%EB%B0%98%EA%B8%B0%ED%96%89-%EC%84%9C%EC%9A%B8%EC%8B%9C-%EB%A7%9B%EC%A7%91-%EC%8B%9D%EB%8B%B9%EC%83%81%ED%98%B8%EC%A3%BC%EC%86%8C-%EC%97%AC%ED%96%89-%EC%A2%8C%ED%91%9C https://sanga.ckw.kr/%EC%84%9C%EC%9A%B8%ED%8A%B9%EB%B3%84%EC%8B%9C%20%EB%A7%88%ED%8F%AC%EA%B5%AC%20?arga7=%ED%95%9C%EC%8B%9D"
"26","sikgaek-baekban-trip_restaurant_085","서울 진주식당","서울 용산구 한강대로62나길 2 (한강로1가 196-2)","fresh_search_inconclusive","","","서울 용산구 서울 진주식당 폐업?","inconclusive",""
"27","sikgaek-baekban-trip_restaurant_104","서울 금문장","서울 종로구 지봉로8길 45 (숭인동 61-30)","operating_prior_evidence","","","서울 종로구 서울 금문장 폐업?","licensed_operating","https://data.seoul.go.kr/dataList/OA-16094/S/1/datasetView.do"
"28","sikgaek-baekban-trip_restaurant_106","서울 경상도식당 (경상도집)","서울 중구 을지로6가 1-1","menu_now_registered","","","서울 중구 서울 경상도식당 폐업?","",""
"29","sikgaek-baekban-trip_restaurant_115","수원 남보원불고기","경기 수원시 장안구 정조로922번길 20 (영화동 279-5)","fresh_search_inconclusive","","","경기 수원시 수원 남보원불고기 폐업?","inconclusive","https://enjoyholic.tistory.com/5019 https://gh.or.kr/gh/details-of-execution-of-business-promotion-expenses001.do?articleNo=53815&attachNo=59975&mode=download"
"30","sikgaek-baekban-trip_restaurant_130","광주 창신식당","광주 서구 금화로492번길 18-1 (농성동 627-16)","menu_now_registered","","","광주 서구 광주 창신식당 폐업?","licensed_operating","https://www.foodsafetykorea.go.kr/potalPopup/fooddanger/bsnInfoDetail.do?bsnLcnsLedgNo=1995001001239071"
"31","sikgaek-baekban-trip_restaurant_131","경화당제과","경남 창원시 진해구 자은로96번길 10","fresh_search_inconclusive","","","경남 창원시 경화당제과 폐업?","inconclusive","https://niceday544.tistory.com/entry/%EC%8B%9D%EA%B0%9D-%ED%97%88%EC%98%81%EB%A7%8C%EC%9D%98-%EB%B0%B1%EB%B0%98%EA%B8%B0%ED%96%89-%EA%B2%BD%EB%82%A8-%EB%A7%9B%EC%A7%91-%EC%8B%9D%EB%8B%B9%EC%83%81%ED%98%B8%EC%A3%BC%EC%86%8C-%EC%97%AC%ED%96%89-%EC%A2%8C%ED%91%9C https://hanis.tistory.com/74"
"32","sikgaek-baekban-trip_restaurant_139","몰고랑몸국","제주특별자치도 서귀포시 중앙로 111 1층","menu_now_registered","","","제주특별자치도 서귀포시 몰고랑몸국 폐업?","address_review","https://www.foodsafetykorea.go.kr/potalPopup/fooddanger/bsnInfoDetail.do?bsnLcnsLedgNo=1992001003018486 https://www.tel-co.net/food/spot/613 https://www.diningcode.com/profile.php?rid=28Ku0scSC7Uj"
"33","sikgaek-baekban-trip_restaurant_148","구례 당치민박산장","전남 구례군 토지면 당치길 145 (내동리 137-1)","menu_now_registered","","","전남 구례군 구례 당치민박산장 폐업?","listing_only","https://place.map.kakao.com/12190529 https://www.diningcode.com/profile.php?rid=aXX4cDVKr2wA https://www.infolspot.com/2026/03/n_6.html"
"34","sikgaek-baekban-trip_restaurant_153","구례 청천슈퍼(주민 전용공간)","전남 구례군 마산면 당몰샘로 18 (마산리 670-1)","fresh_search_inconclusive","","","전남 구례군 구례 청천슈퍼 폐업?","inconclusive","https://enjoyholic.tistory.com/5115 https://lina-0717.tistory.com/m/entry/%EC%8B%9D%EA%B0%9D-%ED%97%88%EC%98%81%EB%A7%8C%EC%9D%98-%EB%B0%B1%EB%B0%98%EA%B8%B0%ED%96%89-%EC%A0%9C27%ED%9A%8C-%EC%98%B9%EA%B3%A8%EC%A7%80%EA%B2%8C-%EB%A7%9B%EC%9E%88%EB%8B%A4-%EA%B5%AC%EB%A1%80-%EB%B0%A5%EC%83%81"
"35","sikgaek-baekban-trip_restaurant_155","서울 욕쟁이할머니집 신신식당","서울 성북구 보문로30라길 3 (동선동2가 77)","fresh_search_inconclusive","","","서울 성북구 서울 욕쟁이할머니집 신신식당 폐업?","inconclusive","https://view.nate.com/travel/view/155931/ https://lucyskitchen.tistory.com/2781"
"36","sikgaek-baekban-trip_restaurant_158","서울 달밝은집","서울 성북구 정릉로6길 35 (정릉동 957-4)","fresh_search_inconclusive","","","서울 성북구 서울 달밝은집 폐업?","inconclusive",""
"37","sikgaek-baekban-trip_restaurant_164","안동 수정식당","경북 안동시 중앙시장2길 26-1 (옥야동 305-10)","operating_prior_evidence","","","경북 안동시 안동 수정식당 폐업?","map_operating","https://place.map.kakao.com/25999527"
"38","sikgaek-baekban-trip_restaurant_169","서울 나드리식품","서울 중구 을지로33길 38 (주교동 208)","operating_prior_evidence","","","서울 중구 서울 나드리식품 폐업?","licensed_operating","https://data.seoul.go.kr/dataList/OA-16094/S/1/datasetView.do"
"39","sikgaek-baekban-trip_restaurant_179","여수 자봉식당","전남 여수시 충무로 19 (교동 599-1)","fresh_search_inconclusive","","","전남 여수시 여수 자봉식당 폐업?","inconclusive","https://www.diningcode.com/profile.php?rid=dBF9CzWSXNj4 https://www.tabling.co.kr/place/677ccdaa66de5f0698817db0"
"40","sikgaek-baekban-trip_restaurant_181","정다운식당","전남 여수시 돌산읍 무술목길 142-1 본관 3층","menu_now_registered","","","전남 여수시 정다운식당 폐업?","address_review","https://access.visitkorea.or.kr/food/detail.do?cotId=dd52d22d-a9fe-4cb3-80a5-a68c216bbfb1 https://www.diningcode.com/profile.php?rid=IxXn7fH27WdP https://polle.com/place/4sVDHJ/%EC%A0%95%EB%8B%A4%EC%9A%B4%EC%8B%9D%EB%8B%B9"
"41","sikgaek-baekban-trip_restaurant_185","여수 추억꺼리","전남 여수시 시전6길 22 (신기동 73-6)","menu_now_registered","","","전남 여수시 여수 추억꺼리 폐업?","price_candidate","https://place.map.kakao.com/10839117 https://www.diningcode.com/profile.php?rid=M4cBT9OhKL8q https://www.tel-co.net/food/spot/5221"
"42","sikgaek-baekban-trip_restaurant_218","함양 조센집","경남 함양군 함양읍 학사루길 36 (운림리 35-5)","menu_now_registered","조샌집","","경남 함양군 함양 조센집 폐업?","unresolved","https://rndnjsrlf1.tistory.com/entry/%EA%B2%BD%EC%83%81%EB%8F%84-%ED%95%A8%EC%96%91%EA%B5%B0-%EB%A7%9B%EC%A7%91-%EC%B6%94%EC%B2%9C-BEST-10 https://vdrkdp.tistory.com/148"
"43","sikgaek-baekban-trip_restaurant_219","함양 안의뻥튀기","경남 함양군 안의면 석천길 3-29 (이전리 14)","fresh_search_inconclusive","","","경남 함양군 함양 안의뻥튀기 폐업?","inconclusive","https://place.map.kakao.com/62026070 https://www.diningcode.com/profile.php?rid=tPMnKiq7pwUq https://niceday544.tistory.com/entry/%EC%8B%9D%EA%B0%9D-%ED%97%88%EC%98%81%EB%A7%8C%EC%9D%98-%EB%B0%B1%EB%B0%98%EA%B8%B0%ED%96%89-%EA%B2%BD%EB%82%A8-%EB%A7%9B%EC%A7%91-%EC%8B%9D%EB%8B%B9%EC%83%81%ED%98%B8%EC%A3%BC%EC%86%8C-%EC%97%AC%ED%96%89-%EC%A2%8C%ED%91%9C"
"44","sikgaek-baekban-trip_restaurant_220","서울 해장국사람들","서울 종로구 자하문로 50-1 (창성동 98-6)","fresh_search_inconclusive","","","서울 종로구 서울 해장국사람들 폐업?","inconclusive","https://korean.visitkorea.or.kr/detail/rem_detail.do?cotid=6e9b26aa-0764-4cc3-a9cd-ceeed31991e1 https://zippoom.com/review/PqPngEP2OPjCu32_vQjZ4O"
"45","sikgaek-baekban-trip_restaurant_228","담양 부부식당","전남 담양군 담양읍 중앙로 18 (지침리 668)","menu_now_registered","","","전남 담양군 담양 부부식당 폐업?","licensed_operating","https://www.foodsafetykorea.go.kr/potalPopup/fooddanger/bsnInfoDetail.do?bsnLcnsLedgNo=1985001002309703 https://place.map.kakao.com/107213747"
"46","sikgaek-baekban-trip_restaurant_230","담양 목화식당","전남 담양군 담양읍 천변5길 3 (천변리 137)","closed_prior_evidence","","","전남 담양군 담양 목화식당 폐업?","closed_at_address","https://www.foodsafetykorea.go.kr/potalPopup/fooddanger/bsnInfoDetail.do?bsnLcnsLedgNo=1994001002309862 https://www.tabling.co.kr/place/677cca6c66de5f06987b3b1b https://www.diningcode.com/profile.php?rid=qUHnvW04neju"
"47","sikgaek-baekban-trip_restaurant_243","서울 할매보리밥집","서울 용산구 보광로14길 12-4 (보광동 10-9)","closed_prior_evidence","","","서울 용산구 서울 할매보리밥집 폐업?","closed_at_address","https://data.seoul.go.kr/dataList/OA-16094/S/1/datasetView.do https://www.diningcode.com/profile.php?rid=I2qcC40AaPyW https://www.youtube.com/watch?v=rtF2MRWORbI"
"48","sikgaek-baekban-trip_restaurant_246","서울 시장회집","서울 용산구 소월로20길 38 (용산동2가 1-76)","fresh_search_inconclusive","","","서울 용산구 서울 시장회집 폐업?","inconclusive","https://ssingji.tistory.com/1291 https://lucyskitchen.tistory.com/2885"
"49","sikgaek-baekban-trip_restaurant_251","강릉 주문진해물국수","강원 강릉시 성덕포남로188번길 10 (포남동 1167)","operating_prior_evidence","","","강원 강릉시 강릉 주문진해물국수 폐업?","licensed_operating","https://www.foodsafetykorea.go.kr/potalPopup/fooddanger/bsnInfoDetail.do?bsnLcnsLedgNo=2000001001951724"
"50","sikgaek-baekban-trip_restaurant_253","강릉 미경이네 횟집","강원 강릉시 주문진읍 해안로 2017-1 (주문리 829-72)","menu_now_registered","","","강원 강릉시 강릉 미경이네 횟집 폐업?","address_review","https://www.tabling.co.kr/place/677cce8e66de5f0698830f04 https://new.emmaru.com/matzip/matzip.do?code=M230120141236494055O&f=1&s=1&t=1"
"51","sikgaek-baekban-trip_restaurant_259","양평 표미숙국수","경기 양평군 옥천면 백현길 4 (옥천리 141-1)","fresh_search_inconclusive","","","경기 양평군 양평 표미숙국수 폐업?","inconclusive","https://www.youtube.com/watch?v=ljKMjgP4Bro https://www.youtube.com/watch?v=rwcaj83j_-g"
"52","sikgaek-baekban-trip_restaurant_276","서울 갯마을","서울 송파구 백제고분로34길 41 (석촌동 226)","closed_prior_evidence","","","서울 송파구 서울 갯마을 폐업?","closed_at_address","https://data.seoul.go.kr/dataList/OA-16094/S/1/datasetView.do https://www.tabling.co.kr/place/677cca9a66de5f06987b9671 https://www.tabling.co.kr/place/677cc6fb66de5f069873d623"
"53","sikgaek-baekban-trip_restaurant_291","홍천 오복식당","강원도 홍천군 남면 한서로 3395 (양덕원리 156-14)","fresh_search_inconclusive","","","강원도 홍천군 홍천 오복식당 폐업?","inconclusive","https://www.diningcode.com/profile.php?rid=YFO1fB9SwKb1 https://www.tabling.co.kr/place/677cd0e766de5f069886edbd"
"54","sikgaek-baekban-trip_restaurant_294","양주 부일기사식당 (부일부대찌개)","경기 양주시 장흥면 호국로 557-2 (부곡리 540-35)","fresh_search_inconclusive","","","경기 양주시 양주 부일기사식당 폐업?","inconclusive",""
"55","sikgaek-baekban-trip_restaurant_296","양주 동언집 (동언식당)","경기 양주시 덕정1길 15-3 (덕정동 350-63)","menu_now_registered","","","경기 양주시 양주 동언집 폐업?","closed_at_address","https://www.foodsafetykorea.go.kr/potalPopup/fooddanger/bsnInfoDetail.do?bsnLcnsLedgNo=2021001000241106 https://daldalhada.tistory.com/283 https://tmi-attack.tistory.com/1082?category=1111913"
"56","sikgaek-baekban-trip_restaurant_297","양주 노고산로뎀나무","경기 양주시 장흥면 유원지로 83 (삼상리 146-7)","fresh_search_inconclusive","","","경기 양주시 양주 노고산로뎀나무 폐업?","inconclusive","https://manyfactory.tistory.com/395 https://bocgil.tistory.com/entry/%EB%85%B8%EA%B3%A0%EC%82%B0%EB%A1%9C%EB%8E%80%EB%82%98%EB%AC%B4-%EC%96%91%EC%A3%BC-%EB%B0%94%EB%B2%A0%ED%81%90-%EB%A7%9B%EC%A7%91"
"57","sikgaek-baekban-trip_restaurant_299","태안 산장가든","충남 태안군 태안읍 상도로 49-57 (상옥리 1156)","fresh_search_inconclusive","","","충남 태안군 태안 산장가든 폐업?","inconclusive","https://www.diningcode.com/profile.php?rid=RPha1i4uNCJW https://www.tabling.co.kr/place/677cd47466de5f06988d6ebd"
"58","sikgaek-baekban-trip_restaurant_304","서울 골목집","서울 영등포구 도림로139가길 11-1 (문래동2가 42-6)","fresh_search_inconclusive","","","서울 영등포구 서울 골목집 폐업?","inconclusive",""
"59","sikgaek-baekban-trip_restaurant_311","인천 중국물만두","인천 부평구 주부토로32번길 27 (부평동 252-56)","menu_now_registered","","","인천 부평구 인천 중국물만두 폐업?","address_review","https://www.diningcode.com/profile.php?rid=8TJM5YoKZYyU https://polle.com/place/3gSEhu/%EC%9C%A0%EA%B0%80%EA%B5%90%EC%9E%90%EA%B4%80"
"60","sikgaek-baekban-trip_restaurant_319","광양 홍쌍리 청매실농원","전남 광양시 다압면 지막1길 55 (도사리 403)","operating_prior_evidence","","","전남 광양시 광양 홍쌍리 청매실농원 폐업?","map_operating","https://place.map.kakao.com/8108653"
"61","sikgaek-baekban-trip_restaurant_321","광양 예촌식당","전남 광양시 남산1길 27 (광영동 729-12)","menu_now_registered","","","전남 광양시 광양 예촌식당 폐업?","licensed_operating","https://www.foodsafetykorea.go.kr/potalPopup/fooddanger/bsnInfoDetail.do?bsnLcnsLedgNo=2000001002302915 https://place.map.kakao.com/9883273"
"62","sikgaek-baekban-trip_restaurant_326","완도 장도식당슈퍼","전남광주통합특별시 완도군 완도읍 장좌길 38-3","fresh_search_inconclusive","","","전남 완도군 완도 장도식당슈퍼 폐업?","inconclusive","https://hanis.tistory.com/64 https://www.tel-co.net/food/spot/5241"
"63","sikgaek-baekban-trip_restaurant_333","고성 해녀세자매","강원 고성군 현내면 대진항길 147 (대진리 5-10)","fresh_search_inconclusive","","","강원 고성군 고성 해녀세자매 폐업?","inconclusive","https://www.tabling.co.kr/place/677cccaf66de5f06987f9069 https://www.work24.go.kr/wk/a/b/1500/empDetailAuthView.do?infoTypeCd=VALIDATION&infoTypeGroup=tb_workinfoworknet&wantedAuthNo=K163012609160014"
"64","sikgaek-baekban-trip_restaurant_334","부산 금정산성막걸리 본점","부산 금정구 산성로 453 (금성동 554-1)","operating_prior_evidence","","","부산 금정구 부산 금정산성막걸리 본점 폐업?","map_operating","https://place.map.kakao.com/10206535"
"65","sikgaek-baekban-trip_restaurant_340","순창 장본가식품","전북 순창군 순창읍 민속마을길 16 (백산리 265-15)","fresh_search_inconclusive","","","전북 순창군 순창 장본가식품 폐업?","inconclusive","https://www.youtube.com/watch?v=EjQW48_6VkU https://www.youtube.com/watch?v=8SXRE19MJpI"
"66","sikgaek-baekban-trip_restaurant_344","순창 백야촌","전북 순창군 팔덕면 담순로 889-13 (덕천리 245-23)","menu_now_registered","","","전북 순창군 순창 백야촌 폐업?","licensed_operating","https://www.foodsafetykorea.go.kr/potalPopup/fooddanger/bsnInfoDetail.do?bsnLcnsLedgNo=2002001002235746 https://place.map.kakao.com/12113862"
"67","sikgaek-baekban-trip_restaurant_345","순창 함양식당","전북 순창군 구림면 구림로 472 (운남리 264-16)","fresh_search_inconclusive","","","전북 순창군 순창 함양식당 폐업?","inconclusive","https://www.foodsafetykorea.go.kr/potalPopup/fooddanger/bsnInfoDetail.do?bsnLcnsLedgNo=2001001002235705 https://polle.com/place/1Xc2z4/%ED%95%A8%EC%96%91%EC%8B%9D%EB%8B%B9 https://www.diningcode.com/profile.php?rid=RNvxjfKCkFPP"
"68","sikgaek-baekban-trip_restaurant_348","충주 올뱅이식당","충북 충주시 단월동 451-4","fresh_search_inconclusive","","","충북 충주시 충주 올뱅이식당 폐업?","inconclusive","https://www.tabling.co.kr/place/677ccd2266de5f0698807071 https://jonmatdori.com/place/olbaengi-sikdang-danwol-dong-chungju-si-chungcheongbuk-do https://www.tabling.co.kr/place/677ccd2266de5f0698807071"
"69","sikgaek-baekban-trip_restaurant_360","서울 향가","서울 종로구 계동길 19-6 (재동 84-1)","fresh_search_inconclusive","","","서울 종로구 서울 향가 폐업?","inconclusive","https://new.emmaru.com/matzip/matzip.do?code=M201105101112360249A&f=1&s=1&t=1 https://polle.com/place/2zDOti/%ED%96%A5%EA%B0%80"
"70","sikgaek-baekban-trip_restaurant_379","보령 일등수산","충남 보령시 대천항1길 182 (신흑동 950-22)","fresh_search_inconclusive","","","충남 보령시 보령 일등수산 폐업?","inconclusive","https://place.map.kakao.com/16684691 https://www.diningcode.com/profile.php?rid=N6SaA2x4txk7 https://www.diningcode.com/profile.php?rid=jm7w5ICDMEk0"
"71","sikgaek-baekban-trip_restaurant_396","영덕 시장밥집","경북 영덕군 영덕읍 남석길 23-105","fresh_search_inconclusive","","","경북 영덕군 영덕 시장밥집 폐업?","inconclusive","https://www.diningcode.com/profile.php?rid=E9MoTaFQzQcf https://polle.com/place/3cr1tK/%EC%8B%9C%EC%9E%A5%EB%B0%A5%EC%A7%91"
"72","sikgaek-baekban-trip_restaurant_398","청송 팔팔식당 (88식당)","경북 청송군 진보면 경동로 5157 (신촌리 32-7)","menu_now_registered","","","경북 청송군 청송 팔팔식당 폐업?","",""
"73","sikgaek-baekban-trip_restaurant_416","정읍 옛날팥죽","전북 정읍시 중앙로 162 (시기동 356-1)","fresh_search_inconclusive","","","전북 정읍시 정읍 옛날팥죽 폐업?","inconclusive","https://www.tabling.co.kr/place/677cd06866de5f069886033e https://www.tabling.co.kr/place/677cd3e366de5f06988c62b4 https://www.tabling.co.kr/place/677cd06866de5f069886033e"
"74","sikgaek-baekban-trip_restaurant_419","경주 할매문어집 (성동시장)","경북 경주시 원화로281번길 11 (성동동 57-3)","fresh_search_inconclusive","","","경북 경주시 경주 할매문어집 폐업?","inconclusive","https://mapmoa.com/board/bbs/board.php?bo_table=food&wr_id=16729 https://daldalhada.tistory.com/490"
"75","sikgaek-baekban-trip_restaurant_442","영동 선미식당","충북 영동군 학산면 서산로 39-1 (서산리 810-5)","menu_now_registered","","","충북 영동군 영동 선미식당 폐업?","web_closed","https://www.daangn.com/kr/local-profile/%EC%84%A0%EB%AF%B8%EC%8B%9D%EB%8B%B9-3f4jveu4fkam/"
"76","sikgaek-baekban-trip_restaurant_449","홍성 갈매기횟집","충남 홍성군 서부면 남당항로 852 (궁리 540-62)","fresh_search_inconclusive","","","충남 홍성군 홍성 갈매기횟집 폐업?","inconclusive","https://www.tabling.co.kr/place/677ccd0f66de5f0698804a69 https://www.matzipmap.com/place/a965bcc3-563b-4ead-a4d2-cbe1ae000de1"
"77","sikgaek-baekban-trip_restaurant_454","전주 성가떡집","전북 전주시 완산구 팔달로 249 (서노송동 639-40)","operating_prior_evidence","","","전북 전주시 전주 성가떡집 폐업?","web_operating","https://www.tabling.co.kr/place/677cd08666de5f0698863b42 https://bakery.happynowinfo.com/b/bakery-4651000-121-1986-10009/seonggaddeogjib-jeonbuk-jeonju-si/"
"78","sikgaek-baekban-trip_restaurant_465","서울 나뭇잎스시","서울 종로구 창의문로5길 2 (부암동 314-1)","closed_prior_evidence","","","서울 종로구 서울 나뭇잎스시 폐업?","closed_at_address","https://data.seoul.go.kr/dataList/OA-16094/S/1/datasetView.do https://polle.com/place/1UqABw/%EB%82%98%EB%AD%87%EC%9E%8E%20%EC%8A%A4%EC%8B%9C https://emmaru.com/matzip/matzip.do?code=M160420091143054224P"
"79","sikgaek-baekban-trip_restaurant_466","서울 미인과 자연","서울 종로구 세검정로9길 78 (구기동 20-14)","closed_prior_evidence","","","서울 종로구 서울 미인과 자연 폐업?","closed_at_address","https://data.seoul.go.kr/dataList/OA-16095/S/1/datasetView.do https://polle.com/place/26rXk7/%EB%AF%B8%EC%9D%B8%EA%B3%BC%20%EC%9E%90%EC%97%B0 https://daldalhada.tistory.com/595"
"80","sikgaek-baekban-trip_restaurant_477","여수 산들네 전집 (서시장)","전남 여수시 서교4길 9-1 (서교동 280-104)","menu_now_registered","","","전남 여수시 여수 산들네 전집 폐업?","licensed_operating","https://www.foodsafetykorea.go.kr/potalPopup/fooddanger/bsnInfoDetail.do?bsnLcnsLedgNo=2015001002275335 https://place.map.kakao.com/2116812212 https://www.diningcode.com/profile.php?rid=IZ2Ur92o1eYm https://cooinglog.tistory.com/entry/%EC%98%A4%EB%8A%98N-%EC%9C%84%EB%8C%80%ED%95%9C%EC%9D%BC%ED%84%B0-%EC%97%AC%EC%88%98-%EC%A0%84%EC%A7%91-%EC%84%9C%EC%8B%9C%EC%9E%A5-%EC%82%B0%EB%93%A4%EB%84%A4-%EC%A0%95%EB%B3%B4"
"81","sikgaek-baekban-trip_restaurant_501","고창 싱싱수산식당","전북 고창군 고창읍 시장안길 26 (읍내리 368-11)","closed_prior_evidence","","","전북 고창군 고창 싱싱수산식당 폐업?","closed_at_address","https://www.foodsafetykorea.go.kr/potalPopup/fooddanger/bsnInfoDetail.do?bsnLcnsLedgNo=2018001000858635 https://www.gochang.go.kr/board/view.gochang?boardId=BBS_0000399&dataSid=772892&menuCd=DOM_000000403001000000 https://www.gochang.go.kr/tour/board/view.gochang?boardId=BBS_0000399&dataSid=772838&menuCd=DOM_000000403001001000"
"82","sikgaek-baekban-trip_restaurant_502","고창 뭉치네 풍천장어전문","전북 고창군 아산면 중촌길 13 (삼인리 287-10)","fresh_search_inconclusive","","","전북 고창군 고창 뭉치네 풍천장어전문 폐업?","inconclusive","https://www.yes24.com/Product/Goods/126406529 https://view1976.tistory.com/950"
"83","sikgaek-baekban-trip_restaurant_529","무안 삼부자낙지","전남 무안군 삼향읍 남악5로52번길 13-7 (남악리 1721)","menu_now_registered","","","전남 무안군 무안 삼부자낙지 폐업?","listing_only","https://hsj8404.tistory.com/2511 https://www.eathub.co.kr/ko/restaurant/%EC%A0%84%EB%82%A8-%EC%82%BC%EB%B6%80%EC%9E%90%EB%82%99%EC%A7%80-0bf36aa6-8344-4039-8cae-895747250f90"
"84","sikgaek-baekban-trip_restaurant_567","고성 남경식당","강원 고성군 토성면 성대로 183 (성대리 497)","fresh_search_inconclusive","","","강원 고성군 고성 남경식당 폐업?","inconclusive",""
"85","sikgaek-baekban-trip_restaurant_575","남양주 옹기장터백화점 (옹기찻집)","경기 남양주시 화도읍 북한강로 1619 (금남리 198-11)","operating_prior_evidence","","","경기 남양주시 남양주 옹기장터백화점 폐업?","map_operating","https://place.map.kakao.com/27080101"
"86","sikgaek-baekban-trip_restaurant_576","남양주 광천정육점식당","경기 남양주시 진접읍 광릉내로 52 (부평리 525-8)","menu_now_registered","","","경기 남양주시 남양주 광천정육점식당 폐업?","listing_only","https://new.emmaru.com/matzip/matzip.do?code=M200511111702193839E&f=1&s=1&t=0 https://wraith2848.tistory.com/136"
"87","sikgaek-baekban-trip_restaurant_587","서울 영덕식당","서울 용산구 한강대로62나길 14 (용산동3가 1-68)","closed_prior_evidence","","","서울 용산구 서울 영덕식당 폐업?","closed_at_address","https://data.seoul.go.kr/dataList/OA-16094/S/1/datasetView.do https://data.seoul.go.kr/dataList/OA-16095/S/1/datasetView.do https://www.siksinhot.com/P/244917 https://place.clariosync.com/p/2906385/%EC%98%81%EB%8D%95%EC%8B%9D%EB%8B%B9"
"88","sikgaek-baekban-trip_restaurant_593","서울 한우다이닝 울릉","서울 서초구 서운로 135 (서초동 1322-11)","menu_now_registered","김인복의광평 강남직영점","","서울 서초구 서울 한우다이닝 울릉 폐업?","web_closed","https://polle.com/place/39wilE/%ED%95%9C%EC%9A%B0%20%EB%8B%A4%EC%9D%B4%EB%8B%9D%20%EC%9A%B8%EB%A6%89 https://emmaru.com/matzip/matzip.do?code=M180224122746980156H"
"89","sikgaek-baekban-trip_restaurant_600","보령 대성식당","충남 보령시 대천항1길 180 (신흑동 950-26)","fresh_search_inconclusive","","","충남 보령시 보령 대성식당 폐업?","inconclusive",""
"90","sikgaek-baekban-trip_restaurant_603","보령 샘물식당","충남 보령시 청라면 원모루길 245 (나원리 942-4)","closed_prior_evidence","","","충남 보령시 보령 샘물식당 폐업?","closed_at_address","https://www.foodsafetykorea.go.kr/potalPopup/fooddanger/bsnInfoDetail.do?bsnLcnsLedgNo=2003001002075957 https://polle.com/place/5B4grR/%EC%83%98%EB%AC%BC%EC%8B%9D%EB%8B%B9 https://www.siksinhot.com/P/899419"
"91","sikgaek-baekban-trip_restaurant_610","소소반","강원특별자치도 횡성군 서원면 옥계9길 119","menu_now_registered","","","강원특별자치도 횡성군 소소반 폐업?","address_review","https://www.diningcode.com/profile.php?rid=Pn7zuRPozDQ7 https://korea-hotplace.tistory.com/2156"
"92","sikgaek-baekban-trip_restaurant_613","성남 남해소반","경기 성남시 분당구 내정로165번길 38 (수내동 32)","closed_prior_evidence","","","경기 성남시 성남 남해소반 폐업?","closed_at_address","https://www.foodsafetykorea.go.kr/potalPopup/fooddanger/bsnInfoDetail.do?bsnLcnsLedgNo=2007001001525528 https://polle.com/place/1qwiM8/%EB%82%A8%ED%95%B4%EC%86%8C%EB%B0%98 https://new.emmaru.com/matzip/matzip.do?code=M230202222550814962L&f=1&s=0&t=0"
"93","sikgaek-baekban-trip_restaurant_621","태안 자연산횟집오대감튀김","충남 태안군 안면읍 백사장1길 117 (창기리 1269-25)","menu_now_registered","","","충남 태안군 태안 자연산횟집오대감튀김 폐업?","price_candidate","https://www.diningcode.com/profile.php?rid=M2yoJ26gCfh4 https://new.emmaru.com/matzip/matzip.do?code=M230203162257545979M&f=1&s=1&t=1"
"94","sikgaek-baekban-trip_restaurant_624","대전 홍두깨칼국수","대전 중구 대흥동 378-25","fresh_search_inconclusive","","","대전 중구 대전 홍두깨칼국수 폐업?","inconclusive","https://www.menupan.com/Restaurant/onepage.asp?acode=H302013"
"95","sikgaek-baekban-trip_restaurant_655","갈비탕집(갈비탕)","서울 성동구 청계천로10가길 10-9","menu_now_registered","마장동 할머니 갈비탕","","서울 성동구 갈비탕집 폐업?","unresolved","https://www.diningcode.com/profile.php?rid=oFeUxG3kRnuD https://www.youtube.com/watch?v=69UjCfr-z-4"
"96","sikgaek-baekban-trip_restaurant_662","여주 팔남매","경기 여주시 여흥로11번길 57 (하동 249-8)","menu_now_registered","","","경기 여주시 여주 팔남매 폐업?","map_operating","https://place.map.kakao.com/18258778 https://www.diningcode.com/profile.php?rid=VscExUXM3IZl https://citybeat.kr/%EA%B2%BD%EA%B8%B0-%EC%97%AC%EC%A3%BC%EC%8B%9C-%EB%A7%8C%EB%91%90-%EC%97%85%EC%B2%B4-%EC%A0%95%EB%B3%B4-%EC%B6%94%EC%B2%9C-top-7/"
"97","sikgaek-baekban-trip_restaurant_672","대구 산골기사식당","대구 동구 팔공산로 1666 (백안동 573)","menu_now_registered","","","대구 동구 대구 산골기사식당 폐업?","licensed_operating","https://www.foodsafetykorea.go.kr/potalPopup/fooddanger/bsnInfoDetail.do?bsnLcnsLedgNo=2011001000985607 https://www.foodsafetykorea.go.kr/potalPopup/fooddanger/bsnInfoDetail.do?bsnLcnsLedgNo=2003001000987916 https://www.foodsafetykorea.go.kr/potalPopup/fooddanger/bsnInfoDetail.do?bsnLcnsLedgNo=1992001000979578"
"98","sikgaek-baekban-trip_restaurant_679","영광 장보고굴비","전남 영광군 법성면 굴비로1길 46 (진내리 482-64)","fresh_search_inconclusive","","","전남 영광군 영광 장보고굴비 폐업?","inconclusive","https://place.map.kakao.com/18508217 https://www.diningcode.com/profile.php?rid=tiKlf6rrxqIG https://policy.so.to/places/4006 https://www.daangn.com/kr/local-profile/%EC%9E%A5%EB%B3%B4%EA%B3%A0%EA%B5%B4%EB%B9%84-4av4bui9exdf/"
"99","sikgaek-baekban-trip_restaurant_680","함평 제일식당","전남 함평군 월야면 전하길 65-1 (월야리 259-70)","menu_now_registered","","","전남 함평군 함평 제일식당 폐업?","web_operating","https://www.tabling.co.kr/place/677cd31166de5f06988ae264 https://www.diningcode.com/profile.php?rid=NNarQz65ykcq"
"100","sikgaek-baekban-trip_restaurant_688","부산 양가네양곱창","부산 해운대구 구남로8번길 7-3 (우동 548-19)","fresh_search_inconclusive","","","부산 해운대구 부산 양가네양곱창 폐업?","inconclusive","https://www.foodsafetykorea.go.kr/potalPopup/fooddanger/bsnInfoDetail.do?bsnLcnsLedgNo=2016001000313064 https://www.busantaste.com/en/r/yanggane-yang-gopchang https://penhoo.com/583"
"101","sikgaek-baekban-trip_restaurant_693","서울 리숨두부","서울 서초구 원터4길 7 (원지동 374-1)","fresh_search_inconclusive","","","서울 서초구 서울 리숨두부 폐업?","inconclusive",""
"102","sikgaek-baekban-trip_restaurant_698","고성 송암현대떡방앗간","강원 고성군 죽왕면 동해대로 5623 (송암리 237)","fresh_search_inconclusive","","","강원 고성군 고성 송암현대떡방앗간 폐업?","inconclusive","https://www.eathub.co.kr/ko/restaurant/%EA%B0%95%EC%9B%90-%EC%86%A1%EC%95%94%ED%98%84%EB%8C%80%EB%96%A1%EB%B0%A9%EC%95%97%EA%B0%84-62bc6a71-68cf-496d-86a4-b4e7667fad41 https://pinkbong.tistory.com/1283"
"103","wednesday-gourmet_restaurant_003","인천 원조선창집장어구이","인천 강화군 선원면 해안동로 1199 (신정리 319-10)","menu_now_registered","","","인천 강화군 인천 원조선창집장어구이 폐업?","web_operating","https://isum.incheon.go.kr/spot/view.do?key=2407020020&spotSn=2507140039 https://www.menupan.com/restaurant/onepage.asp?acode=H491527"
"104","wednesday-gourmet_restaurant_005","인천 막줄래횟집","인천 미추홀구 경인로438번길 10 (주안동 300-23)","menu_now_registered","","","인천 미추홀구 인천 막줄래횟집 폐업?","price_candidate","https://www.siksinhot.com/P/267512 https://www.tel-co.net/food/spot/3883 https://epicure.co.kr/detail?shopId=615"
"105","wednesday-gourmet_restaurant_009","인천 화선횟집","인천 중구 우현로49번길 11-25 (신포동 5-10)","menu_now_registered","","","인천 중구 인천 화선횟집 폐업?","web_operating","https://www.siksinhot.com/P/265850 https://polle.com/place/3UGLyn/%ED%99%94%EC%84%A0%ED%9A%8C%EC%A7%91"
"106","wednesday-gourmet_restaurant_035","수원 옛맛청국장손두부","경기 수원시 팔달구 권광로 274 (인계동 368-7)","fresh_search_inconclusive","","","경기 수원시 수원 옛맛청국장손두부 폐업?","inconclusive",""
"107","wednesday-gourmet_restaurant_052","평택 파주옥 평택본점","경기 평택시 중앙2로 3 (평택동 46-13)","menu_now_registered","","","경기 평택시 평택 파주옥 평택본점 폐업?","price_candidate","https://www.diningcode.com/profile.php?rid=V3JLUI96rux4 https://travelerjinho.tistory.com/507"
"108","wednesday-gourmet_restaurant_073","세종 니시키","세종 한누리대로 1940 (반곡동 771-68)","fresh_search_inconclusive","","","세종 한누리대로 세종 니시키 폐업?","inconclusive",""
"109","wednesday-gourmet_restaurant_077","태안 화해당","충남 태안군 근흥면 근흥로 901-8 (도황리 223)","fresh_search_inconclusive","","","충남 태안군 태안 화해당 폐업?","inconclusive","https://m.menupan.com/restaurant/onepage.asp?acode=H302190 https://polle.com/place/2LxMvN/%ED%99%94%ED%95%B4%EB%8B%B9"
"110","wednesday-gourmet_restaurant_086","영주 묵호문어집","경북 영주시 영주로224번길 8 (영주동 326-6)","menu_now_registered","","","경북 영주시 영주 묵호문어집 폐업?","map_operating","https://place.map.kakao.com/16752810 https://www.tabling.co.kr/place/677ccb3366de5f06987cd0f9 https://www.daangn.com/kr/local-profile/%EB%AC%B5%ED%98%B8%EB%AC%B8%EC%96%B4%EC%A7%91-uqdx5vkgrq97/"
"111","wednesday-gourmet_restaurant_089","포항 제일국수공장","경북 포항시 남구 구룡포읍 호미로221번길 19-2 (구룡포리 963-24)","fresh_search_inconclusive","","","경북 포항시 포항 제일국수공장 폐업?","inconclusive","https://place.map.kakao.com/9375985 https://polle.com/place/2apgn3/%EC%A0%9C%EC%9D%BC%EA%B5%AD%EC%88%98%EA%B3%B5%EC%9E%A5 https://english.visitkorea.or.kr/svc/contents/contentsView.do?vcontsId=189183"
"112","wednesday-gourmet_restaurant_093","포항 해구식당","경북 포항시 북구 중앙상가2길 18 (남빈동 526)","menu_now_registered","","","경북 포항시 포항 해구식당 폐업?","map_operating","https://place.map.kakao.com/8600971 https://www.tabling.co.kr/place/677cc88a66de5f0698771949 https://www.diningcode.com/profile.php?rid=irR2bvohm8IQ"
"113","wednesday-gourmet_restaurant_112","통영 수정식당","경남 통영시 항남5길 12-21 (항남동 239-49)","fresh_search_inconclusive","","","경남 통영시 통영 수정식당 폐업?","inconclusive","https://www.siksinhot.com/P/349714 https://polle.com/place/1a4b0w/%EC%88%98%EC%A0%95%EC%8B%9D%EB%8B%B9"
"114","wednesday-gourmet_restaurant_113","광주 느린먹거리by부각마을","광주 광산구 송정로8번길 26 (송정동 985-4)","operating_prior_evidence","","","광주 광산구 광주 느린먹거리by부각마을 폐업?","web_operating","https://www.siksinhot.com/P/372354 https://www.diningcode.com/profile.php?rid=NyCy9TsK6DUg"
"115","wednesday-gourmet_restaurant_121","목포 금메달식당","전남 목포시 후광대로143번길 8 (옥암동 1215-1)","fresh_search_inconclusive","","","전남 목포시 목포 금메달식당 폐업?","inconclusive","https://korean.visitkorea.or.kr/detail/rem_detail.do?cotid=57c90e63-77bc-4cda-99df-fac84361c93f https://www.suhyup.co.kr/sites/isealove/down/05.pdf"
"116","wednesday-gourmet_restaurant_123","여수 자연횟집","전남 여수시 대경도5길 25 (경호동 235-1)","menu_now_registered","","","전남 여수시 여수 자연횟집 폐업?","price_candidate","https://jayeonhoetjip.bizw.kr/ https://secretrich.tistory.com/entry/%EC%88%98%EC%9A%94%EB%AF%B8%EC%8B%9D%ED%9A%8C-%EA%B0%AF%EC%9E%A5%EC%96%B4-%EC%83%A4%EB%B6%80%EC%83%A4%EB%B6%80-%EC%83%A4%EB%B8%8C%EC%83%A4%EB%B8%8C-%EC%97%AC%EC%88%98-%EA%B2%BD%EB%8F%84-%EB%A7%9B%EC%A7%91-%EC%9E%90%EC%97%B0%ED%9A%9F%EC%A7%91"
"117","wednesday-gourmet_restaurant_128","군산 대정소바","전북 군산시 구영7길 34-1 (월명동 5-8)","menu_now_registered","대정칼국수","","전북 군산시 군산 대정소바 폐업?","address_review",""
"118","wednesday-gourmet_restaurant_129","군산 집밥진수성찬 (아복식당)","전북 군산시 군산시 백릉로 116-1 (조촌동 734-12)","fresh_search_inconclusive","","","전북 군산시 군산 집밥진수성찬 폐업?","inconclusive","https://fms.purpleo.co.kr/view/27265 https://dbmon.kr/noticeDetail.php?article_id=4135&page=834&skey="
"119","wednesday-gourmet_restaurant_152","제주 진아떡집","제주 제주시 동문로4길 7-1 (일도1동 1141-3)","operating_prior_evidence","","","제주 제주시 제주 진아떡집 폐업?","licensed_operating","https://www.foodsafetykorea.go.kr/potalPopup/fooddanger/bsnInfoDetail.do?bsnLcnsLedgNo=2001001003011442 https://place.map.kakao.com/10777503"
"120","wednesday-gourmet_restaurant_156","제주 물항식당 탑동점","제주 제주시 임항로 37-4 (건입동 1319-14)","menu_now_registered","","","제주 제주시 제주 물항식당 탑동점 폐업?","price_candidate","https://www.tabling.co.kr/place/677cc89666de5f06987733c8 https://www.diningcode.com/profile.php?rid=S923y3fmMYOH"
"121","wednesday-gourmet_restaurant_160","서울 엘피노323","서울 강남구 강남대로 652 (신사동 504-11)","fresh_search_inconclusive","","","서울 강남구 서울 엘피노323 폐업?","inconclusive","https://data.seoul.go.kr/dataList/OA-16094/S/1/datasetView.do https://www.tabling.co.kr/place/677ccb2266de5f06987cb221 https://www.diningcode.com/profile.php?rid=jSTtaj55gc3v"
"122","wednesday-gourmet_restaurant_168","서울 한추","서울 강남구 논현로175길 68 (신사동 549-9)","menu_now_registered","","","서울 강남구 서울 한추 폐업?","licensed_operating","https://data.seoul.go.kr/dataList/OA-16094/S/1/datasetView.do"
"123","wednesday-gourmet_restaurant_172","서울 우나스 (Unas)","서울 강남구 도산대로 318 (논현동 92)","fresh_search_inconclusive","","","서울 강남구 서울 우나스 폐업?","inconclusive",""
"124","wednesday-gourmet_restaurant_174","서울 새벽집 청담동점","서울 강남구 도산대로101길 6 (청담동 129-10)","menu_now_registered","","","서울 강남구 서울 새벽집 청담동점 폐업?","conflicting","https://data.seoul.go.kr/dataList/OA-16094/S/1/datasetView.do https://polle.com/place/2hMGxU/%EC%83%88%EB%B2%BD%EC%A7%91 https://new.emmaru.com/matzip/matzip.do?code=M150503093834004710G&f=1&s=1&t=0"
"125","wednesday-gourmet_restaurant_178","서울 우시야 본점","서울 강남구 도산대로27길 16 (신사동 586-8)","menu_now_registered","","","서울 강남구 서울 우시야 본점 폐업?","licensed_operating","https://data.seoul.go.kr/dataList/OA-16094/S/1/datasetView.do"
"126","wednesday-gourmet_restaurant_181","서울 리틀넥 청담","서울 강남구 도산대로51길 17 (신사동 653-7)","closed_prior_evidence","","","서울 강남구 서울 리틀넥 청담 폐업?","closed_at_address","https://data.seoul.go.kr/dataList/OA-16094/S/1/datasetView.do https://polle.com/place/31JIgK/%EB%A6%AC%ED%8B%80%EB%84%A5 https://www.gangnam.go.kr/etc/k_star_road/Gangnam_KSTARROAD_Guidebook%28KR%29.pdf"
"127","wednesday-gourmet_restaurant_189","서울 대가 역삼점","서울 강남구 봉은사로4길 22 (역삼동 810-13)","closed_prior_evidence","","","서울 강남구 서울 대가 역삼점 폐업?","closed_at_address","https://data.seoul.go.kr/dataList/OA-16094/S/1/datasetView.do https://www.tabling.co.kr/place/677cc51066de5f069872550a https://polle.com/place/5z1iRU/%EB%8C%80%EA%B0%80"
"128","wednesday-gourmet_restaurant_192","서울 청담","서울 강남구 삼성로145길 14 (청담동 7-12)","operating_prior_evidence","","","서울 강남구 서울 청담 폐업?","licensed_operating","https://data.seoul.go.kr/dataList/OA-16094/S/1/datasetView.do"
"129","wednesday-gourmet_restaurant_199","서울 대가방","서울 강남구 선릉로145길 13 (논현동 99-7)","fresh_search_inconclusive","","","서울 강남구 서울 대가방 폐업?","inconclusive","https://visitgangnam.net/images/guidebooks/gangnam-guide-2025.pdf"
"130","wednesday-gourmet_restaurant_206","서울 오통영 청담점","서울 강남구 선릉로158길 10 (청담동 88)","fresh_search_inconclusive","","","서울 강남구 서울 오통영 청담점 폐업?","inconclusive","https://new.emmaru.com/matzip/matzip.do?code=M151016110048936811S&f=1&s=0&t=0 https://www.menupan.com/restaurant/onepage.asp?acode=H121142 https://www.gangnam.go.kr/etc/k_star_road/Gangnam_KSTARROAD_Map%28KR%29.pdf"
"131","wednesday-gourmet_restaurant_207","서울 갓포이든","서울 강남구 선릉로158길 10 (청담동 88)","fresh_search_inconclusive","","","서울 강남구 서울 갓포이든 폐업?","inconclusive","https://polle.com/place/5e0JJb/%EA%B0%93%ED%8F%AC%EC%9D%B4%EB%93%A0 https://new.emmaru.com/matzip/matzip.do?code=M161013150916675117L&f=1&s=1&t=1"
"132","wednesday-gourmet_restaurant_208","서울 파이어벨 (FIREBELL)","서울 강남구 선릉로72길 13 (대치동 908-17)","closed_prior_evidence","","","서울 강남구 서울 파이어벨 폐업?","closed_at_address","https://data.seoul.go.kr/dataList/OA-16094/S/1/datasetView.do https://www.tabling.co.kr/place/677cd3a566de5f06988bee64 https://polle.com/place/2WauVv/%ED%8C%8C%EC%9D%B4%EC%96%B4%EB%B2%A8%20%EB%94%94%EC%96%B4%EA%B3%A0%EB%A9%94"
"133","wednesday-gourmet_restaurant_212","서울 장스테이크하우스","서울 강남구 압구정로 314 (신사동 639)","menu_now_registered","","","서울 강남구 서울 장스테이크하우스 폐업?","licensed_operating","https://data.seoul.go.kr/dataList/OA-16094/S/1/datasetView.do"
"134","wednesday-gourmet_restaurant_216","서울 백곰막걸리","서울 강남구 압구정로48길 39 (신사동 657-7)","fresh_search_inconclusive","","","서울 강남구 서울 백곰막걸리 폐업?","inconclusive","https://tasteofseoul.visitseoul.net/files/menual.pdf"
"135","wednesday-gourmet_restaurant_218","서울 코지마","서울 강남구 압구정로60길 21 (청담동 89)","operating_prior_evidence","","","서울 강남구 서울 코지마 폐업?","licensed_operating","https://data.seoul.go.kr/dataList/OA-16094/S/1/datasetView.do"
"136","wednesday-gourmet_restaurant_224","서울 피자아이코닉","서울 강남구 언주로 615 (논현동 225-6)","fresh_search_inconclusive","","","서울 강남구 서울 피자아이코닉 폐업?","inconclusive","https://data.seoul.go.kr/dataList/OA-16094/S/1/datasetView.do https://bigvalue.ai/dashboard/biz/1560201586 https://enjoyholic.tistory.com/1822"
"137","wednesday-gourmet_restaurant_227","서울 아침가리긴밭","서울 강남구 언주로149길 9","closed_prior_evidence","","","서울 강남구 서울 아침가리긴밭 폐업?","closed_at_address","https://data.seoul.go.kr/dataList/OA-16094/S/1/datasetView.do https://s-blossom.tistory.com/294 https://h230811.tistory.com/entry/%EC%95%84%EC%B9%A8%EA%B0%80%EB%A6%AC%EA%B8%B4%EB%B0%AD-%EC%84%9C%EC%9A%B8-%EB%85%BC%ED%98%84%EB%8F%99-%ED%95%9C%EC%A0%95%EC%8B%9D-%EB%A7%9B%EC%A7%91-%EC%88%98%EC%9A%94%EB%AF%B8%EC%8B%9D%ED%9A%8C?category=1152549"
"138","wednesday-gourmet_restaurant_231","서울 탬파","서울 강남구 언주로168길 5 (신사동 635-4)","fresh_search_inconclusive","","","서울 강남구 서울 탬파 폐업?","inconclusive","https://polle.com/place/1tM0HF/%ED%83%AC%ED%8C%8C https://new.emmaru.com/matzip/matzip.do?code=M161014175529621299X&f=1&s=0&t=0"
"139","wednesday-gourmet_restaurant_248","서울 제주아줌마집","서울 강동구 풍성로58길 34 (성내동 428-9)","menu_now_registered","","","서울 강동구 서울 제주아줌마집 폐업?","licensed_operating","https://data.seoul.go.kr/dataList/OA-16094/S/1/datasetView.do"
"140","wednesday-gourmet_restaurant_252","서울 코스모스시","서울 송파구 삼전로7길 15 (잠실동 249)","closed_prior_evidence","","","서울 송파구 서울 코스모스시 폐업?","closed_at_address","https://data.seoul.go.kr/dataList/OA-16094/S/1/datasetView.do https://polle.com/place/1gkrku/%EC%BD%94%EC%8A%A4%EB%AA%A8%20%EC%8A%A4%EC%8B%9C https://autoreserve.com/ko/kr/seoul/songpa-gu/sushi"
"141","wednesday-gourmet_restaurant_256","서울 옹아리벌교꼬막과 찜마을","서울 송파구 송파대로30길 11 (가락동 97-8)","fresh_search_inconclusive","","","서울 송파구 서울 옹아리벌교꼬막과 찜마을 폐업?","inconclusive","https://www.esquirekorea.co.kr/article/51615 https://tourbook.tistory.com/1560"
"142","wednesday-gourmet_restaurant_259","서울 벽제갈비 방이본점","서울 송파구 양재대로71길 1-4 (방이동 205-8)","menu_now_registered","","","서울 송파구 서울 벽제갈비 방이본점 폐업?","licensed_operating","https://data.seoul.go.kr/dataList/OA-16094/S/1/datasetView.do"
"143","wednesday-gourmet_restaurant_261","서울 서두산딤섬 2호점","서울 송파구 올림픽로32길 18-23 (방이동 63)","menu_now_registered","","","서울 송파구 서울 서두산딤섬 2호점 폐업?","price_candidate","https://www.tabling.co.kr/place/677ccd3266de5f0698809111 https://www.siksinhot.com/P/1199560"
"144","wednesday-gourmet_restaurant_274","서울 버거그루72","서울 서초구 동광로39길 79 (반포동 72-3)","fresh_search_inconclusive","","","서울 서초구 서울 버거그루72 폐업?","inconclusive","https://polle.com/place/3qj7iJ/%EB%B2%84%EA%B1%B0%EA%B7%B8%EB%A3%A8%2072 https://www.menupan.com/restaurant/onepage.asp?acode=R106964"
"145","wednesday-gourmet_restaurant_281","서울 스시고","서울 서초구 사평대로22길 15 (반포동 94-10)","menu_now_registered","","","서울 서초구 서울 스시고 폐업?","licensed_operating","https://data.seoul.go.kr/dataList/OA-16094/S/1/datasetView.do https://place.map.kakao.com/18451306"
"146","wednesday-gourmet_restaurant_295","서울 미드레벨","서울 관악구 관악로14길 63 (봉천동 1612-27)","fresh_search_inconclusive","","","서울 관악구 서울 미드레벨 폐업?","inconclusive","https://enjoyholic.tistory.com/4685 https://dnzizi.tistory.com/61"
"147","wednesday-gourmet_restaurant_333","서울 일키아쏘","서울 용산구 녹사평대로40길 55-7 (이태원동 455-10)","fresh_search_inconclusive","","","서울 용산구 서울 일키아쏘 폐업?","inconclusive","https://new.emmaru.com/matzip/matzip.do?code=M180124144807001365B&f=1&s=1&t=0 https://polle.com/place/1iaPt5/%EC%9D%BC%20%ED%82%A4%EC%95%84%EC%8F%98"
"148","wednesday-gourmet_restaurant_348","서울 살선생","서울 용산구 우사단로10길 51 (한남동 763-15)","fresh_search_inconclusive","","","서울 용산구 서울 살선생 폐업?","inconclusive","https://polle.com/place/35qHuk/%EC%82%B4%EC%84%A0%EC%83%9D https://polle.com/place/2zltl4/%EC%82%B4%EC%84%A0%EC%83%9D"
"149","wednesday-gourmet_restaurant_350","서울 동빙고","서울 용산구 이촌로 319 (이촌동 301-162)","operating_prior_evidence","","","서울 용산구 서울 동빙고 폐업?","licensed_operating","https://data.seoul.go.kr/dataList/OA-16095/S/1/datasetView.do"
"150","wednesday-gourmet_restaurant_352","서울 또이또이베트남","서울 용산구 이태원로 136-1 (이태원동 34-14)","fresh_search_inconclusive","","","서울 용산구 서울 또이또이베트남 폐업?","inconclusive",""
"151","wednesday-gourmet_restaurant_354","서울 모터시티바이매니멀 본점","서울 용산구 이태원로 140-1 (이태원동 56-30)","menu_now_registered","","","서울 용산구 서울 모터시티바이매니멀 본점 폐업?","licensed_operating","https://data.seoul.go.kr/dataList/OA-16094/S/1/datasetView.do"
"152","wednesday-gourmet_restaurant_362","서울 키에리","서울 용산구 이태원로26길 16-8 (이태원동 73-7)","menu_now_registered","","","서울 용산구 서울 키에리 폐업?","licensed_operating","https://data.seoul.go.kr/dataList/OA-16094/S/1/datasetView.do"
"153","wednesday-gourmet_restaurant_371","서울 코요테살룬","서울 용산구 한강대로14가길 24 (한강로3가 65-198)","closed_prior_evidence","","","서울 용산구 서울 코요테살룬 폐업?","closed_at_address","https://data.seoul.go.kr/dataList/OA-16094/S/1/datasetView.do https://new.emmaru.com/matzip/matzip.do?code=M230320210321514390D&f=1&s=1&t=1 https://polle.com/place/5tyoYG/%EC%BD%94%EC%9A%94%ED%85%8C%20%EC%82%B4%EB%A3%AC"
"154","wednesday-gourmet_restaurant_373","서울 카카오봄","서울 용산구 한강대로62길 45-11 (한강로1가 216-3)","closed_prior_evidence","","","서울 용산구 서울 카카오봄 폐업?","closed_at_address","https://data.seoul.go.kr/dataList/OA-16095/S/1/datasetView.do https://polle.com/place/1950tS/%EC%B9%B4%EC%B9%B4%EC%98%A4%EB%B4%84 https://english.visitkorea.or.kr/svc/contents/contentsView.do?vcontsId=67316"
"155","wednesday-gourmet_restaurant_377","서울 아티장베이커스 한남점","서울 용산구 한남대로18길 26 (한남동 30-3)","menu_now_registered","","","서울 용산구 서울 아티장베이커스 한남점 폐업?","licensed_operating","https://data.seoul.go.kr/dataList/OA-16084/S/1/datasetView.do"
"156","wednesday-gourmet_restaurant_380","서울 비스테까","서울 용산구 회나무로 49 (이태원동 211-33)","closed_prior_evidence","","","서울 용산구 서울 비스테까 폐업?","closed_at_address","https://data.seoul.go.kr/dataList/OA-16094/S/1/datasetView.do https://polle.com/place/2sVulW/%EB%B9%84%EC%8A%A4%ED%85%8C%EA%B9%8C https://www.menupan.com/restaurant/onepage.asp?acode=R107077"
"157","wednesday-gourmet_restaurant_385","서울 춘리마라탕 연남점 (서대문양꼬치)","서울 마포구 동교로 249 (연남동 258-1)","fresh_search_inconclusive","","","서울 마포구 서울 춘리마라탕 연남점 폐업?","inconclusive","https://www.diningcode.com/profile.php?rid=WQIcAdJaakpx https://www.diningcode.com/profile.php?rid=G9jCxLiiY64Z https://chunlimalatang.com/ https://m.changupmall.com/M_GAGE_VIEW_END.asp?J_ID=717936"
"158","wednesday-gourmet_restaurant_397","서울 툭툭누들타이","서울 마포구 성미산로 161-8 (연남동 223-15)","closed_prior_evidence","","","서울 마포구 서울 툭툭누들타이 폐업?","closed_at_address","https://data.seoul.go.kr/dataList/OA-16094/S/1/datasetView.do https://polle.com/place/3P8Oon/%ED%88%AD%ED%88%AD%20%EB%88%84%EB%93%A4%ED%83%80%EC%9D%B4 https://autoreserve.com/ko/restaurants/a9tXCgims5yHVNAfv34m"
"159","wednesday-gourmet_restaurant_399","서울 히메지","서울 마포구 연남동 227-38","fresh_search_inconclusive","","","서울 마포구 서울 히메지 폐업?","inconclusive",""
"160","wednesday-gourmet_restaurant_402","서울 샐러드브라더스","서울 마포구 양화로21길 15 (동교동 154-5)","fresh_search_inconclusive","","","서울 마포구 서울 샐러드브라더스 폐업?","inconclusive",""
"161","wednesday-gourmet_restaurant_423","서울 소고산제일루","서울 마포구 잔다리로6길 40-6 (서교동 366-13)","closed_prior_evidence","","","서울 마포구 서울 소고산제일루 폐업?","closed_at_address","https://data.seoul.go.kr/dataList/OA-16094/S/1/datasetView.do https://polle.com/place/4ZbJ8o/%EC%86%8C%EA%B3%A0%EC%82%B0%EC%A0%9C%EC%9D%BC%EB%A3%A8 https://www.siksinhot.com/P/1067353"
"162","wednesday-gourmet_restaurant_424","서울 로칸다몽로","서울 마포구 잔다리로7길 18 (서교동 377-20)","fresh_search_inconclusive","","","서울 마포구 서울 로칸다몽로 폐업?","inconclusive","https://new.emmaru.com/matzip/matzip.do?code=M151012064451137538I&f=1&s=1&t=1 https://restaurantguru.com/Locanda-%EB%AA%BD%EB%A1%9C-%E5%A4%A2%E8%B7%AF-Seoul-2"
"163","wednesday-gourmet_restaurant_431","서울 사모님돈가스","서울 서대문구 연희로11가길 39 (연희동 190-14)","fresh_search_inconclusive","","","서울 서대문구 서울 사모님돈가스 폐업?","inconclusive","https://www.siksinhot.com/P/1359906 https://polle.com/place/1hoPbn/%EC%82%AC%EB%AA%A8%EB%8B%98%20%EB%8F%88%EA%B0%80%EC%8A%A4"
"164","wednesday-gourmet_restaurant_446","서울 정돈 대학로본점","서울 종로구 대학로9길 12 (명륜4가 107)","menu_now_registered","","","서울 종로구 서울 정돈 대학로본점 폐업?","price_candidate","https://www.tabling.co.kr/place/677cc7b366de5f069875376b https://polle.com/place/39ZA8L/%EC%A0%95%EB%8F%88"
"165","wednesday-gourmet_restaurant_450","서울 신성일식","서울 종로구 무교로 42 (서린동 128-1)","fresh_search_inconclusive","","","서울 종로구 서울 신성일식 폐업?","inconclusive","https://new.emmaru.com/matzip/matzip.do?code=M170604184741505586J&f=1&s=1&t=0 https://www.diningcode.com/profile.php?rid=wlgk1j5eG7J4"
"166","wednesday-gourmet_restaurant_457","서울 풍년쌀농산","서울 종로구 북촌로5가길 32 (화동 81-1)","fresh_search_inconclusive","","","서울 종로구 서울 풍년쌀농산 폐업?","inconclusive","https://polle.com/place/3QhqCV/%ED%92%8D%EB%85%84%20%EC%8C%80%20%EB%86%8D%EC%82%B0 https://www.youtube.com/watch?v=AaD-xbDshmU"
"167","wednesday-gourmet_restaurant_464","서울 원조낙원떡집공장","서울 종로구 삼일대로 444-1 (낙원동 1)","fresh_search_inconclusive","","","서울 종로구 서울 원조낙원떡집공장 폐업?","inconclusive",""
"168","wednesday-gourmet_restaurant_466","서울 어바웃진스","서울 종로구 새문안로3길 30 (내수동 167)","closed_confirmed_user_review","","","서울 종로구 서울 어바웃진스 폐업?","closed_at_address","https://data.seoul.go.kr/dataList/OA-16084/S/1/datasetView.do https://www.siksinhot.com/P/480127 https://new.emmaru.com/matzip/matzip.do?code=M230317211236004568V&f=1&s=1&t=1"
"169","wednesday-gourmet_restaurant_480","서울 나 전복","서울 종로구 종로35길 21-4 (효제동 225)","fresh_search_inconclusive","","","서울 종로구 서울 나 전복 폐업?","inconclusive","https://www.siksinhot.com/P/819875 https://secretrich.tistory.com/entry/%EC%88%98%EC%9A%94%EB%AF%B8%EC%8B%9D%ED%9A%8C-%EC%A0%84%EB%B3%B5-%EC%88%99%ED%9A%8C-%EC%A2%85%EB%A1%9C-%ED%9A%A8%EC%A0%9C%EB%8F%99-%EB%A7%9B%EC%A7%91-%EB%82%98-%EC%A0%84%EB%B3%B5 https://www.siksinhot.com/P/819875"
"170","wednesday-gourmet_restaurant_502","서울 육전식당 1호점","서울 동대문구 난계로30길 16 (신설동 104-3)","moved_confirmed_user_review","육전식당 신설동본점","서울 동대문구 천호대로 33 1층","서울 동대문구 서울 육전식당 1호점 폐업?","licensed_operating","https://data.seoul.go.kr/dataList/OA-16094/S/1/datasetView.do"
"171","wednesday-gourmet_restaurant_505","서울 목포산꽃게ㅇㅇ","서울 성동구 마장로 331 (마장동 767-46)","fresh_search_inconclusive","","","서울 성동구 서울 목포산꽃게ㅇㅇ 폐업?","inconclusive","https://data.seoul.go.kr/dataList/OA-16094/S/1/datasetView.do https://www.diningcode.com/profile.php?rid=JQT2aDLdb4Ni https://www.tel-co.net/food/spot/6705"
"172","wednesday-gourmet_restaurant_521","서울 홍보각","서울 중구 동호로 287 (장충동2가 186-54)","fresh_search_inconclusive","","","서울 중구 서울 홍보각 폐업?","inconclusive",""
"173","wednesday-gourmet_restaurant_539","서울 녁","서울 중구 수표로 65 (수표동 56-1)","fresh_search_inconclusive","","","서울 중구 서울 녁 폐업?","inconclusive","https://data.seoul.go.kr/dataList/OA-16094/S/1/datasetView.do https://polle.com/place/3kLh2o/%EC%95%8C%ED%83%80%EC%BF%A0%EC%B9%98%EB%82%98%20%EB%B0%94%EC%9D%B4%20%EB%85%81 https://polle.com/place/5yScGR/%EB%85%81"
"174","wednesday-gourmet_restaurant_541","서울 이나니와요스케 시청점","서울 중구 을지로 6 (을지로1가 192-11)","fresh_search_inconclusive","","","서울 중구 서울 이나니와요스케 시청점 폐업?","inconclusive","https://data.seoul.go.kr/dataList/OA-16094/S/1/datasetView.do https://new.emmaru.com/matzip/matzip.do?code=M151103093545781444W&f=1&s=1&t=1 https://xn--2s2b33eb3kgvpta.com/store/S190530_1564369681229"
"175","wednesday-gourmet_restaurant_545","서울 안즈","서울 중구 을지로5길 19 (수하동 66)","closed_prior_evidence","","","서울 중구 서울 안즈 폐업?","closed_at_address","https://data.seoul.go.kr/dataList/OA-16094/S/1/datasetView.do https://polle.com/place/4XoiBJ/%EC%95%88%EC%A6%88 https://emmaru.com/matzip/matzip.do?code=M150526162016090667L"
"176","topic_enrichment_ttoganjip_6a1a6bada12c","경양카츠 연남점","서울특별시 마포구 동교로 238-1 1층 경양카츠","menu_now_registered","","","서울특별시 마포구 경양카츠 연남점 폐업?","licensed_operating","https://data.seoul.go.kr/dataList/OA-16094/S/1/datasetView.do"
"177","topic_enrichment_ttoganjip_0e480ccdfc95","구렌몽골","서울특별시 중구 을지로44길 18-4","operating_prior_evidence","","","서울특별시 중구 구렌몽골 폐업?","map_operating","https://place.map.kakao.com/1725662348"
"178","topic_enrichment_ttoganjip_78f4300f2b66","두꺼비집","서울특별시 은평구 연서로28길 5 두꺼비집","menu_now_registered","","","서울특별시 은평구 두꺼비집 폐업?","licensed_operating","https://data.seoul.go.kr/dataList/OA-16094/S/1/datasetView.do"
"179","topic_enrichment_ttoganjip_824718559044","앞산큰골집 앞산본점","대구광역시 남구 큰골길 35 앞산큰골집 앞산본점","menu_now_registered","","","대구광역시 남구 앞산큰골집 앞산본점 폐업?","price_candidate","https://www.daangn.com/kr/local-profile/%EC%95%9E%EC%82%B0-%ED%81%B0%EA%B3%A8%EC%A7%91-%EC%95%9E%EC%82%B0%EB%B3%B8%EC%A0%90-g6h1te91thh4/ https://youtubeplace.co.kr/restaurant/detail/apsankungolhouse-daegu-grill"
"180","topic_enrichment_ttoganjip_170debd05759","우정식육식당","전라남도 목포시 신흥로69번길 18-1","menu_now_registered","","","전라남도 목포시 우정식육식당 폐업?","price_candidate","https://korean.visitkorea.or.kr/detail/ms_detail.do?cotid=f4b7d66c-894d-483a-8412-10990c82a1a4 https://megojigo.com/foodmap/9228 https://www.matzipmap.com/place/d42b8bbb-77bf-4ff7-bee6-e3d044c73a27"
"181","topic_enrichment_ttoganjip_cc57af7d3de9","자코비버거 본점","서울특별시 용산구 신흥로 38 1층 자코비버거","menu_now_registered","","","서울특별시 용산구 자코비버거 본점 폐업?","price_candidate","https://www.tabling.co.kr/place/677cc79166de5f069874f442 https://polle.com/place/5nIVc7/%EC%9E%90%EC%BD%94%EB%B9%84%20%EB%B2%84%EA%B1%B0"
"182","topic_enrichment_ttoganjip_a0987f1eb4e5","천진영감","서울특별시 강남구 봉은사로6길 26 1층","fresh_search_inconclusive","","","서울특별시 강남구 천진영감 폐업?","inconclusive","https://www.diningcode.com/profile.php?rid=Wx2sSfrzaaz8 https://bizno.net/article/7758502318"
"183","topic_enrichment_delicious-guys_904632528236","가평 동화유원지 (동화펜션)","경기 가평군 상면 청군로 601 (임초리 643-6)","fresh_search_inconclusive","","","경기 가평군 가평 동화유원지 폐업?","inconclusive","https://www.diningcode.com/profile.php?rid=tbWKtWXvSGAZ https://enjoyholic.tistory.com/1829"
"184","topic_enrichment_delicious-guys_2a5cb42e0d01","강진 남문식당","전남 강진군 강진읍 남문길 21-1 (남성리 137-1)","closed_prior_evidence","","","전남 강진군 강진 남문식당 폐업?","closed_at_address","https://www.foodsafetykorea.go.kr/potalPopup/fooddanger/bsnInfoDetail.do?bsnLcnsLedgNo=2002001002328217 https://www.tabling.co.kr/place/677cc90866de5f0698782a89 https://www.nicebizinfo.com/ep/EP0100M002GE.nice?kiscode=U71309"
"185","topic_enrichment_delicious-guys_1ab96dccedb9","고양 산촌","경기 고양시 덕양구 보광로 234 (벽제동 582-1)","menu_now_registered","","","경기 고양시 고양 산촌 폐업?","licensed_operating","https://www.foodsafetykorea.go.kr/potalPopup/fooddanger/bsnInfoDetail.do?bsnLcnsLedgNo=2001001001711236"
"186","topic_enrichment_delicious-guys_85adbc66bac1","고양 제주쉬멍해장국 (현재 폐업)","경기 고양시 일산서구 대산로 356 (대화동 137-2)","closed_labeled_existing","","","경기 고양시 고양 제주쉬멍해장국 폐업?","closure_unconfirmed","https://dinnerqueen.net/post/34579 https://secretrich.tistory.com/entry/%EB%A7%9B%EC%9E%88%EB%8A%94-%EB%85%80%EC%84%9D%EB%93%A4-%EC%A0%9C%EC%A3%BC%EC%8B%9D-%EC%86%8C%EA%B3%A0%EA%B8%B0-%ED%95%B4%EC%9E%A5%EA%B5%AD-%EC%9D%BC%EC%82%B0-%EB%A7%9B%EC%A7%91-%EC%A0%9C%EC%A3%BC%EC%89%AC%EB%A9%8D%ED%95%B4%EC%9E%A5%EA%B5%AD"
"187","topic_enrichment_delicious-guys_36a37afa5ed5","광명 듀드팡 (현재 폐업)","경기 광명시 안양천로 461 (철산동 37)","closed_labeled_existing","","","경기 광명시 광명 듀드팡 폐업?","closure_unconfirmed","https://traveller-poou.tistory.com/5259 https://blueplastic.tistory.com/3121"
"188","topic_enrichment_delicious-guys_4f053d6c0b33","구리 파로호 민물매운탕 (남양주점 폐업)","경기 구리시 장자대로1번길 62-5 (교문동 798-8)","menu_now_registered","","","경기 구리시 구리 파로호 민물매운탕 폐업?","licensed_operating","https://www.foodsafetykorea.go.kr/potalPopup/fooddanger/bsnInfoDetail.do?bsnLcnsLedgNo=2022001000153589"
"189","topic_enrichment_delicious-guys_77bad769a479","신상철선산곱창","경북 구미시 원남로10길 9","menu_now_registered","","","경북 구미시 신상철선산곱창 폐업?","licensed_operating","https://www.foodsafetykorea.go.kr/potalPopup/fooddanger/bsnInfoDetail.do?bsnLcnsLedgNo=2003001002423191"
"190","topic_enrichment_delicious-guys_c1870d934a7d","김포 갈비본질 프리미엄","경기 김포시 양촌읍 김포한강4로 317 (석모리 950)","fresh_search_inconclusive","","","경기 김포시 김포 갈비본질 프리미엄 폐업?","inconclusive","https://www.diningcode.com/profile.php?rid=FuBsS9Kn8Idb https://dev-front.wegive.co.kr/contents/wetownDetail/2863282"
"191","topic_enrichment_delicious-guys_6bc0c2c37886","김포 봉구네고기집","경기 김포시 양촌읍 석모로 91 (석모리 1011-2)","fresh_search_inconclusive","","","경기 김포시 김포 봉구네고기집 폐업?","inconclusive","https://new.emmaru.com/matzip/matzip.do?code=M180918155630331576V&f=1&s=1&t=1 https://yummyttuk.tistory.com/entry/%EA%B9%80%ED%8F%AC-%EB%A7%9B%EC%A7%91-%EB%B4%89%EA%B5%AC%EB%84%A4%EA%B3%A0%EA%B8%B0%EC%A7%91"
"192","topic_enrichment_delicious-guys_fe8cc5b36b2c","남양주 매봉골황제능이버섯","경기 남양주시 화도읍 북한강로 1362 (금남리 511-79)","menu_now_registered","","","경기 남양주시 남양주 매봉골황제능이버섯 폐업?","price_candidate","https://www.diningcode.com/profile.php?rid=lsT6oq6PvnDc https://www.siksinhot.com/theme/magazine/1205"
"193","topic_enrichment_delicious-guys_6e513d2ab119","대구 천안성 (현재 폐업)","대구 중구 중앙대로81길 80 (수동 38-1)","closed_labeled_existing","","","대구 중구 대구 천안성 폐업?","closed_at_address","https://www.foodsafetykorea.go.kr/potalPopup/fooddanger/bsnInfoDetail.do?bsnLcnsLedgNo=1997001000968099"
"194","topic_enrichment_delicious-guys_3ba17fcf16a0","대전 샘골식당","대전 중구 계룡로881번길 30 (용두동 14-13)","fresh_search_inconclusive","","","대전 중구 대전 샘골식당 폐업?","inconclusive","https://seon1982.tistory.com/2164 https://www.hellodd.com/news/articleView.html?idxno=58208"
"195","topic_enrichment_delicious-guys_7889b45ee903","대전 THE김밥 갈마동점 (현재 폐업)","대전 서구 대덕대로 107 (갈마동 1217)","closed_labeled_existing","","","대전 서구 대전 THE김밥 갈마동점 폐업?","closure_unconfirmed","https://junabba.tistory.com/tag"
"196","topic_enrichment_delicious-guys_ee5f0d0bec2d","동두천 핫피자앤버거","경기 동두천시 상패로216번길 16 (보산동 436-36)","fresh_search_inconclusive","","","경기 동두천시 동두천 핫피자앤버거 폐업?","inconclusive","https://citybeat.kr/%EA%B2%BD%EA%B8%B0-%EB%8F%99%EB%91%90%EC%B2%9C%EC%8B%9C-%EB%A0%88%EC%8A%A4%ED%86%A0%EB%9E%91-%EC%97%85%EC%B2%B4-%EC%A0%95%EB%B3%B4-%EC%B6%94%EC%B2%9C-top-7/ https://cbuy.kr/%EA%B2%BD%EA%B8%B0-%EB%8F%99%EB%91%90%EC%B2%9C%EC%8B%9C-%EB%A0%88%EC%8A%A4%ED%86%A0%EB%9E%91-%EC%97%85%EC%B2%B4-%EC%A0%95%EB%B3%B4-%EC%B6%94%EC%B2%9C-top-7/"
"197","topic_enrichment_delicious-guys_c40046b700a2","부산 갈맷길장어","부산 연제구 거제시장로22번길 5 (거제3동 588-4)","closed_prior_evidence","","","부산 연제구 부산 갈맷길장어 폐업?","closed_at_address","https://www.foodsafetykorea.go.kr/potalPopup/fooddanger/bsnInfoDetail.do?bsnLcnsLedgNo=2020001000447730 https://hsj8404.tistory.com/2754?category=836850 https://mr92.tistory.com/m/3"
"198","topic_enrichment_delicious-guys_15586944d4f2","부산 칠백장장인국밥","부산 동래구 미남로 67 (사직동 136-6)","fresh_search_inconclusive","","","부산 동래구 부산 칠백장장인국밥 폐업?","inconclusive","https://mr92.tistory.com/5 https://hsj8404.tistory.com/2639?category=836850"
"199","topic_enrichment_delicious-guys_e3bd553d16ab","부천 살몬마켓 (현재 폐업)","경기 부천시 부일로 459 (심곡동 382-3)","closed_labeled_existing","","","경기 부천시 부천 살몬마켓 폐업?","closure_unconfirmed","https://sulia.tistory.com/5865 https://www.siksinhot.com/P/455018"
"200","topic_enrichment_delicious-guys_19afa1b8fbd9","부천 정글애갑오징어 (현재 폐업)","경기 부천시 길주로560번길 59 (춘의동 240)","closed_labeled_existing","","","경기 부천시 부천 정글애갑오징어 폐업?","web_closed","https://imawesome.tistory.com/1373?category=790067 https://www.youtube.com/watch?v=njAKsXVDPco"
"201","topic_enrichment_delicious-guys_ce05245a3c5b","서울 24시뼈다귀감자탕","서울 용산구 대사관로 73 (한남동 634-1)","fresh_search_inconclusive","","","서울 용산구 서울 24시뼈다귀감자탕 폐업?","inconclusive",""
"202","topic_enrichment_delicious-guys_ddc70c60bd16","서울 32파르페 (출연한 명동점 폐업)","서울 마포구 홍익로3길 35 (서교동 365-17)","menu_now_registered","","","서울 마포구 서울 32파르페 폐업?","map_operating","https://place.map.kakao.com/1649748708"
"203","topic_enrichment_delicious-guys_f665d96cdd62","서울 가람떡갈비","서울 용산구 한강대로15길 16 (한강로3가 40-441)","fresh_search_inconclusive","","","서울 용산구 서울 가람떡갈비 폐업?","inconclusive","https://polle.com/place/2sR8Yk/%EA%B0%80%EB%9E%8C%EB%96%A1%EA%B0%88%EB%B9%84 https://www.youtube.com/watch?v=gzFsr3rn_Cw"
"204","topic_enrichment_delicious-guys_a222ae6fd377","서울 고요남 논현점 (현재 폐업)","서울 강남구 강남대로122길 10 (논현동 166)","closed_labeled_existing","","","서울 강남구 서울 고요남 논현점 폐업?","closure_unconfirmed","https://haveagood.holiday/plans/169212 https://community.albamon.com/post/detail/637590"
"205","topic_enrichment_delicious-guys_762a359e49ec","서울 교동두부 (현재 폐업)","서울 종로구 율곡로 44-8 (관훈동 110)","closed_labeled_existing","","","서울 종로구 서울 교동두부 폐업?","closure_unconfirmed","https://new.emmaru.com/matzip/matzip.do?code=M170122182922671811E&f=1&s=1&t=1 https://www.tabling.co.kr/place/677ccb4f66de5f06987d03c3"
"206","topic_enrichment_delicious-guys_a2eeb6caff35","서울 그릭슈바인 (현재 폐업)","서울 강남구 논현동 17","closed_labeled_existing","","","서울 강남구 서울 그릭슈바인 폐업?","closed_at_address","https://data.seoul.go.kr/dataList/OA-16094/S/1/datasetView.do"
"207","topic_enrichment_delicious-guys_91a0989425bb","서울 나폴레옹과자점 본점","서울 성북구 성북로 7 (성북동1가 35-5)","menu_now_registered","","","서울 성북구 서울 나폴레옹과자점 본점 폐업?","web_operating","https://www.daangn.com/kr/local-profile/%EB%82%98%ED%8F%B4%EB%A0%88%EC%98%B9%EA%B3%BC%EC%9E%90%EC%A0%90-%EB%B3%B8%EC%A0%90-mftwfvxgccia/ https://www.diningcode.com/profile.php?rid=sw0hsb61TyPz"
"208","topic_enrichment_delicious-guys_e3f14d473c42","서울 놀부부대찌개 구파발 (문세윤, 폐업)","서울 은평구 진관2로 29-21 (진관동 72)","closed_labeled_existing","","","서울 은평구 서울 놀부부대찌개 구파발 폐업?","closure_unconfirmed","https://www.diningcode.com/profile.php?rid=kMtFoBYBYnDZ https://www.diningcode.com/profile.php?rid=kunAVQ1AM6iu"
"209","topic_enrichment_delicious-guys_899c56712507","서울 농실가 (현재 폐업)","서울 강서구 강서로54길 11 (등촌동 674-2)","closed_labeled_existing","","","서울 강서구 서울 농실가 폐업?","address_review",""
"210","topic_enrichment_delicious-guys_76032c826d42","서울 뉴문한우육회 (현재 폐업)","서울 강남구 강남대로128길 6 (논현동 143-2)","closed_labeled_existing","","","서울 강남구 서울 뉴문한우육회 폐업?","closure_unconfirmed","https://neiges.tistory.com/4761 https://wa9wa9.tistory.com/134"
"211","topic_enrichment_delicious-guys_00b7c744f6b3","서울 단디 연남점","서울 마포구 동교로 265 (연남동 229-10)","closed_prior_evidence","","","서울 마포구 서울 단디 연남점 폐업?","closed_at_address","https://data.seoul.go.kr/dataList/OA-16094/S/1/datasetView.do https://polle.com/place/3veM9Y/%EB%8B%A8%EB%94%94 https://www.youtube.com/watch?v=t_cfcDF2Hck"
"212","topic_enrichment_delicious-guys_3ede07a3081a","서울 달짜","서울 마포구 월드컵로 86 (서교동 441-4)","fresh_search_inconclusive","","","서울 마포구 서울 달짜 폐업?","inconclusive","https://secretrich.tistory.com/entry/%EB%A7%9B%EC%9E%88%EB%8A%94%EB%85%80%EC%84%9D%EB%93%A4%EB%8F%99%EC%B9%98%EB%AF%B8%EA%B5%AD%EC%88%98-%EB%A7%9D%EC%9B%90%EB%8F%99-%EB%A7%9B%EC%A7%91-%EB%8B%AC%EC%A7%9C https://seenthis.kr/page/index?b_no=1052085961"
"213","topic_enrichment_delicious-guys_c5ed792a9b8d","서울 대박오리방벌교꼬막 (현재 폐업)","서울 강서구 화곡로 293","closed_labeled_existing","","","서울 강서구 서울 대박오리방벌교꼬막 폐업?","closure_unconfirmed","https://secretrich.tistory.com/entry/%EB%A7%9B%EC%9E%88%EB%8A%94-%EB%85%80%EC%84%9D%EB%93%A4-%EA%BC%AC%EB%A7%89%EC%A0%95%EC%8B%9D-%ED%99%94%EA%B3%A1%EB%8F%99-%EB%A7%9B%EC%A7%91-%EB%8C%80%EB%B0%95%EC%98%A4%EB%A6%AC%EB%B0%A9%EB%B2%8C%EA%B5%90%EA%BC%AC%EB%A7%89?category=682678 https://gyeonwoo50.tistory.com/3046"
"214","topic_enrichment_delicious-guys_368ba3b84bf5","서울 대전블르스 (현재 폐업)","서울 종로구 삼일대로26길 17-1 (낙원동 80-1)","closed_labeled_existing","","","서울 종로구 서울 대전블르스 폐업?","conflicting","https://mr92.tistory.com/6 https://xn--9w3bp8f95g.com/store/"
"215","topic_enrichment_delicious-guys_8d67fbe6061d","서울 더리버 벨라쿠치나 (현재 폐업)","서울 서초구 반포동 1338 (한강 반포지구)","closed_labeled_existing","","","서울 서초구 서울 더리버 벨라쿠치나 폐업?","closure_unconfirmed","https://www.koreatriptips.com/dining/2854136.html https://lovelyday24.tistory.com/219"
"216","topic_enrichment_delicious-guys_b821a1f763ac","서울 더보일러스","서울 용산구 청파로 112 (한강로3가 3-23)","closed_prior_evidence","","","서울 용산구 서울 더보일러스 폐업?","closed_at_address","https://data.seoul.go.kr/dataList/OA-16094/S/1/datasetView.do https://polle.com/place/1JlrJf/%EB%8D%94%20%EB%B3%B4%EC%9D%BC%EB%9F%AC%EC%8A%A4 https://gajaseoul.com/ko/store/theboilers_barbeque_sinyongsan"
"217","topic_enrichment_delicious-guys_80afbe964569","서울 더청담한우","서울 강남구 도산대로 511 (청담동 124-4)","closed_prior_evidence","","","서울 강남구 서울 더청담한우 폐업?","closed_at_address","https://data.seoul.go.kr/dataList/OA-16094/S/1/datasetView.do https://hanis.tistory.com/157?category=1067127 https://hanis.tistory.com/157"
"218","topic_enrichment_delicious-guys_b1ff3e7361d9","서울 도꼭지","서울 마포구 백범로10길 30 1(신수동 36-3)","closed_prior_evidence","","","서울 마포구 서울 도꼭지 폐업?","closed_at_address","https://data.seoul.go.kr/dataList/OA-16094/S/1/datasetView.do https://polle.com/place/3ehP8V/%EB%8F%84%EA%BC%AD%EC%A7%80 https://realstory777.tistory.com/61"
"219","topic_enrichment_delicious-guys_8268bf8f4fc6","서울 도토리편백집 문정법조단지점","서울 송파구 법원로 127 (문정동 641-4)","fresh_search_inconclusive","","","서울 송파구 서울 도토리편백집 문정법조단지점 폐업?","inconclusive","https://polle.com/place/248doe/%EB%8F%84%ED%86%A0%EB%A6%AC%ED%8E%B8%EB%B0%B1%EC%A7%91 https://secretrich.tistory.com/entry/%EB%A7%9B%EC%9E%88%EB%8A%94-%EB%85%80%EC%84%9D%EB%93%A4-%EC%9D%BC%EB%B3%B8-%EC%84%B8%EC%9D%B4%EB%A1%9C%EB%AC%B4%EC%8B%9C-%ED%8E%B8%EB%B0%B1%EC%B0%9C-%EC%9D%B4%EC%83%89-%EC%99%B8%EA%B5%AD%EC%9A%94%EB%A6%AC-%EC%86%A1%ED%8C%8C%EA%B5%AC-%EB%AC%B8%EC%A0%95%EB%8F%99-%EB%A7%9B%EC%A7%91-%EB%8F%84%ED%86%A0%EB%A6%AC%ED%8E%B8%EB%B0%B1%EC%A7%91"
"220","topic_enrichment_delicious-guys_10888724267d","서울 돈탐라제주냉삼1977 방이점","서울 송파구 올림픽로32길 19-9 (방이동 59-11)","fresh_search_inconclusive","","","서울 송파구 서울 돈탐라제주냉삼1977 방이점 폐업?","inconclusive","https://mr92.tistory.com/7 https://www.youtube.com/watch?v=czG_1YPYjMI"
"221","topic_enrichment_delicious-guys_1e9004fed4ac","서울 드럼통팩토리 (현재 폐업)","서울 강동구 양재대로 1465 (길동 412-8)","closed_labeled_existing","","","서울 강동구 서울 드럼통팩토리 폐업?","closure_unconfirmed","https://www.koobig.com/309966 https://www.inven.co.kr/board/diablo2/5735/1178289"
"222","topic_enrichment_delicious-guys_8970dcc8f7b6","서울 디 안다만 (The Andaman)","서울 서초구 양재동 1-26","closed_prior_evidence","","","서울 서초구 서울 디 안다만 폐업?","closed_at_address","https://data.seoul.go.kr/dataList/OA-16094/S/1/datasetView.do https://polle.com/place/3zo59v/%EB%94%94%20%EC%95%88%EB%8B%A4%EB%A7%8C https://meokja.tistory.com/108"
"223","topic_enrichment_delicious-guys_ee645a2ca8bf","라온아토","서울 서대문구 증가로4길 13","menu_now_registered","","","서울 서대문구 라온아토 폐업?","address_review","https://data.seoul.go.kr/dataList/OA-16095/S/1/datasetView.do https://www.daangn.com/kr/pois/uNwdwF5qCSog/ https://polle.com/place/2DkzKh/%EB%9D%BC%EC%98%A8%EC%95%84%ED%86%A0"
"224","topic_enrichment_delicious-guys_d07c318fe570","서울 르블란서","서울 종로구 수표로28길 30 (돈의동 26)","fresh_search_inconclusive","","","서울 종로구 서울 르블란서 폐업?","inconclusive","https://polle.com/place/4Jbd0F/%EB%A5%B4%EB%B8%94%EB%9E%80%EC%84%9C https://mr92.tistory.com/6"
"225","topic_enrichment_delicious-guys_59189b23bad9","서울 르쁘띠푸 홍대본점 (유민상)","서울 마포구 와우산로 62 (상수동 86-37)","closed_prior_evidence","","","서울 마포구 서울 르쁘띠푸 홍대본점 폐업?","closed_at_address","https://data.seoul.go.kr/dataList/OA-16084/S/1/datasetView.do https://swimmingoggles.tistory.com/entry/%ED%99%8D%EB%8C%80-%EB%A7%9B%EC%A7%91-%EB%A5%B4-%EC%81%98%EB%9D%A0-%ED%91%B8-Le-Petit-Four-%ED%94%84%EB%9E%91%EC%8A%A4-%EB%94%94%EC%A0%80%ED%8A%B8%EB%8A%94-%EC%97%AC%EA%B8%B0%EC%9E%84 https://kr.trip.com/moments/detail/seoul-234-15709846/"
"226","topic_enrichment_delicious-guys_aa58b7742f96","서울 마음과마음 (현재 폐업)","서울 용산구 녹사평대로 222 (이태원동 557)","closed_labeled_existing","","","서울 용산구 서울 마음과마음 폐업?","closed_at_address","https://data.seoul.go.kr/dataList/OA-16094/S/1/datasetView.do"
"227","topic_enrichment_delicious-guys_18824bcc21d7","서울 매드포갈릭 잠원점 (현재 폐업)","서울 서초구 신반포로33길 27 (잠원동 66-2)","closed_labeled_existing","","","서울 서초구 서울 매드포갈릭 잠원점 폐업?","closure_unconfirmed","https://www.koobig.com/705529 https://sonsoogun.com/%EC%9E%A1%EB%8F%99%EC%82%AC%EB%8B%88/3803"
"228","topic_enrichment_delicious-guys_e23507695072","서울 메이탄 종로점","서울 종로구 교남동 50-1","operating_prior_evidence","","","서울 종로구 서울 메이탄 종로점 폐업?","licensed_operating","https://data.seoul.go.kr/dataList/OA-16094/S/1/datasetView.do"
"229","topic_enrichment_delicious-guys_09f0c72f7cff","모센즈스위트 홍대본점","서울 마포구 와우산로15길 40 1층 102호","fresh_search_inconclusive","","","서울 마포구 모센즈스위트 홍대본점 폐업?","inconclusive",""
"230","topic_enrichment_delicious-guys_ff0c5679e12f","서울 목포산꽃게","서울 성동구 마장로 331 (마장동 767-46)","fresh_search_inconclusive","","","서울 성동구 서울 목포산꽃게 폐업?","inconclusive","https://data.seoul.go.kr/dataList/OA-16094/S/1/datasetView.do https://www.diningcode.com/profile.php?rid=JQT2aDLdb4Ni https://www.tel-co.net/food/spot/6705"
"231","topic_enrichment_delicious-guys_12c502653151","서울 무공돈까스 강남점","서울 강남구 강남대로110길 13 (역삼동 601-12)","fresh_search_inconclusive","","","서울 강남구 서울 무공돈까스 강남점 폐업?","inconclusive","https://polle.com/place/4JnLJC/%EB%AC%B4%EA%B3%B5%EB%8F%88%EA%B9%8C%EC%8A%A4 https://www.sidae.com/article/2020033014148062013"
"232","topic_enrichment_delicious-guys_5cf9b51b8401","서울 문오리 (현재 폐업)","서울 용산구 회나무로13가길 13 (이태원동 255-39)","closed_labeled_existing","","","서울 용산구 서울 문오리 폐업?","closed_at_address","https://data.seoul.go.kr/dataList/OA-16094/S/1/datasetView.do"
"233","topic_enrichment_delicious-guys_4b732ea7495c","서울 미드가르드 (현재 폐업)","서울 강남구 도산대로17길 6 (신사동 561-11)","closed_labeled_existing","","","서울 강남구 서울 미드가르드 폐업?","closure_unconfirmed","https://www.siksinhot.com/P/340806 https://prezi.com/guplbtd49kxg/presentation/"
"234","topic_enrichment_delicious-guys_3fb06260493c","서울 바른면집 건대점","서울 광진구 능동로13길 28 (화양동 12-33)","fresh_search_inconclusive","","","서울 광진구 서울 바른면집 건대점 폐업?","inconclusive","https://mapmoa.com/board/bbs/board.php?bo_table=food&page=48&sca=%EB%A7%9B%EC%9E%88%EB%8A%94%EB%85%80%EC%84%9D%EB%93%A4&sod=asc&sop=and&sst=wr_hit https://mapmoa.net/board/bbs/board.php?bo_table=food&page=1088&sca=&sfl=&sod=asc&sop=and&sst=wr_hit&stx="
"235","topic_enrichment_delicious-guys_78c8695bfbaf","서울 박순례 손말이고기 산정집 광화문점","서울 종로구 새문안로5가길 3-10 (당주동 3-2)","closed_prior_evidence","","","서울 종로구 서울 박순례 손말이고기 산정집 광화문점 폐업?","closed_at_address","https://data.seoul.go.kr/dataList/OA-16094/S/1/datasetView.do https://polle.com/place/48llJ8/%EB%B0%95%EC%88%9C%EB%A1%80%20%EC%86%90%EB%A7%90%EC%9D%B4%EA%B3%A0%EA%B8%B0%20%EC%82%B0%EC%A0%95%EC%A7%91 https://mamyadir.tistory.com/111"
"236","topic_enrichment_delicious-guys_6783f7a3adfc","서울 북촌공장 (현재 폐업)","서울 종로구 인사동길 28-1 (관훈동 6)","closed_labeled_existing","","","서울 종로구 서울 북촌공장 폐업?","closure_unconfirmed","https://www.siksinhot.com/P/371454 https://s-blossom.tistory.com/297"
"237","topic_enrichment_delicious-guys_e679b48ac8bd","서울 분짜라붐 (현재 폐업)","서울 서초구 서초동 1307","closed_labeled_existing","","","서울 서초구 서울 분짜라붐 폐업?","closure_unconfirmed","https://new.emmaru.com/matzip/matzip.do?code=M180129175122414388P&f=1&s=1&t=1 https://emmaru.com/matzip/matzip.do?code=M171116193927359330B&f=1&s=0&t=0"
"238","topic_enrichment_delicious-guys_ded9a2b5f692","서울 빙수야 (Bing수야)","서울 성북구 종암로38길 16 (하월곡동 90-55)","closed_prior_evidence","","","서울 성북구 서울 빙수야 폐업?","closed_at_address","https://data.seoul.go.kr/dataList/OA-16094/S/1/datasetView.do https://www.siksinhot.com/P/834496 https://www.eathub.co.kr/ko/restaurant/%EC%84%9C%EC%9A%B8-%EB%B9%99%EC%88%98%EC%95%BC-1ed59158-ff1b-4cfc-8d1f-deb559bb3567"
"239","topic_enrichment_delicious-guys_f03de4cec3bf","서울 사대부집곳간","서울 영등포구 여의대로 24 (여의도동 28-1)","closed_prior_evidence","","","서울 영등포구 서울 사대부집곳간 폐업?","closed_at_address","https://data.seoul.go.kr/dataList/OA-16094/S/1/datasetView.do https://emmaru.com/matzip/matzip.do?code=M161107173603070300U https://youlang.tistory.com/entry/%EC%A0%84%EC%B0%B8%EC%8B%9C-%EC%9D%B4%EC%98%81%EC%9E%90-%EC%9D%B4%EC%B0%AC%EC%9B%90-%ED%95%9C%EC%8B%9D%EB%8B%B9-%EC%82%AC%EB%8C%80%EB%B6%80%EC%A7%91%EA%B3%B3%EA%B0%84-%EC%98%88%EC%95%BD-%EA%B0%80%EA%B2%A9"
"240","topic_enrichment_delicious-guys_dff35b00de7d","서울 사람사는 고깃집 김일도 신논현점","서울 강남구 강남대로118길 26 (논현동 183-8)","closed_prior_evidence","","","서울 강남구 서울 사람사는 고깃집 김일도 신논현점 폐업?","closed_at_address","https://data.seoul.go.kr/dataList/OA-16094/S/1/datasetView.do https://polle.com/place/5rOpBH/%EC%82%AC%EB%9E%8C%EC%82%AC%EB%8A%94%20%EA%B3%A0%EA%B9%83%EC%A7%91%20%EA%B9%80%EC%9D%BC%EB%8F%84 https://newsdata.tistory.com/1287"
"241","topic_enrichment_delicious-guys_ae95589b339c","서울 삼청동 만정","서울 종로구 삼청로 124-2 (삼청동 28-19)","closed_prior_evidence","","","서울 종로구 서울 삼청동 만정 폐업?","closed_at_address","https://data.seoul.go.kr/dataList/OA-16094/S/1/datasetView.do https://polle.com/place/1eyTu2/%EC%82%BC%EC%B2%AD%EB%8F%99%20%EB%A7%8C%EC%A0%95 https://gastoronomin.tistory.com/entry/%EC%A2%85%EB%A1%9C-%EB%A7%9B%EC%A7%91-%EC%82%BC%EC%B2%AD%EB%8F%99-%EB%A7%8C%EC%A0%95-%EC%BD%9C%ED%82%A4%EC%A7%80-%EA%B0%80%EB%8A%A5-%ED%95%9C%EC%98%A5%EC%8B%9D%EB%8B%B9-%EB%B8%94%EB%A3%A8%EB%A6%AC%EB%B3%B8"
"242","topic_enrichment_delicious-guys_71626d1347e4","서울 상웨이훠궈 (현재 폐업)","서울 강남구 선릉로 805 (신사동 666-8)","closed_labeled_existing","","","서울 강남구 서울 상웨이훠궈 폐업?","closed_at_address","https://data.seoul.go.kr/dataList/OA-16094/S/1/datasetView.do"
"243","topic_enrichment_delicious-guys_2032a2edf796","서울 새마을식당 논현점 (현재 폐업)","서울 강남구 강남대로122길 5 (논현동 164-12)","closed_labeled_existing","","","서울 강남구 서울 새마을식당 논현점 폐업?","closure_unconfirmed","https://koreabizmap.com/dashboard/store/MA0101202305A0052661 https://jimkim0101.tistory.com/3483"
"244","topic_enrichment_delicious-guys_efc5b953242c","서울 설로인 (현재 폐업)","서울 강남구 봉은사로73길 19 (삼성동 48-4)","closed_labeled_existing","","","서울 강남구 서울 설로인 폐업?","address_review",""
"245","topic_enrichment_delicious-guys_1c5b8d5e6238","서울 성화라멘&샤브샤브","서울 마포구 와우산로29바길 11 (서교동 332-19)","fresh_search_inconclusive","","","서울 마포구 서울 성화라멘&샤브샤브 폐업?","inconclusive","https://polle.com/place/1iq78c/%EC%84%B1%ED%99%94%EB%9D%BC%EB%A9%98 https://www.youtube.com/watch?v=LwM9az6GQ3Y"
"246","topic_enrichment_delicious-guys_b6ff487d84f7","서울 쉬림프팩토리 (현재 폐업)","서울 강남구 선릉로153길 12 (신사동 655-8)","closed_labeled_existing","","","서울 강남구 서울 쉬림프팩토리 폐업?","closure_unconfirmed","https://secretrich.tistory.com/entry/%EB%A7%9B%EC%9E%88%EB%8A%94-%EB%85%80%EC%84%9D%EB%93%A4-%EC%84%B8%EA%B3%84-%EC%83%88%EC%9A%B0-%EC%9A%94%EB%A6%AC-%EC%8B%A0%EC%82%AC%EB%8F%99-%EB%A7%9B%EC%A7%91-%EC%89%AC%EB%A6%BC%ED%94%84%ED%8C%A9%ED%86%A0%EB%A6%AC https://newsdata.tistory.com/1605"
"247","topic_enrichment_delicious-guys_a6516150a374","서울 스시마리 (현재 폐업)","서울 강남구 도산대로49길 6-10 (신사동 652-11)","closed_labeled_existing","","","서울 강남구 서울 스시마리 폐업?","closure_unconfirmed","https://newsdata.tistory.com/1529 https://enjoyholic.tistory.com/3694"
"248","topic_enrichment_delicious-guys_f2a9fe75317d","서울 스킬렛 스테이크하우스","서울 강남구 논현로161길 57 (신사동 551-11)","fresh_search_inconclusive","","","서울 강남구 서울 스킬렛 스테이크하우스 폐업?","inconclusive","https://www.emmaru.com/matzip/matzip.do?code=M150518075232075973M&f=1&s=1&t=0 https://enjoyholic.tistory.com/6669 https://www.hyundaicard.com/doc/gourmetweek18.pdf"
"249","topic_enrichment_delicious-guys_6dd928fd5f6d","서울 스타일난다 핑크풀카페","서울 마포구 와우산로29다길 23 (서교동 335-21)","fresh_search_inconclusive","","","서울 마포구 서울 스타일난다 핑크풀카페 폐업?","inconclusive","https://www.diningcode.com/profile.php?rid=csoi3zjZTs4L https://www.tripinfo.co.kr/info.html?content_id=2946631&content_type_id=39&device=pc&navi=shop_rank-seoul%2Cincheon%2Cgyeonggii https://m.tripinfo.co.kr/info.html?content_id=2946631&content_type_id=39 https://xn--2s2b33eb3kgvpta.com/store/S161025_1656916499622"
"250","topic_enrichment_delicious-guys_1f639412e442","서울 신사동인동 (옛향기가득한동인동옛추억)","서울 강남구 강남대로156길 14 (신사동 511-4)","menu_now_registered","","","서울 강남구 서울 신사동인동 폐업?","licensed_operating","https://data.seoul.go.kr/dataList/OA-16094/S/1/datasetView.do"
"251","topic_enrichment_delicious-guys_76b490c5a59c","서울 쌀롱 드 누이 (현재 폐업)","서울 용산구 이태원로 143-15 (이태원동 57-24)","closed_labeled_existing","","","서울 용산구 서울 쌀롱 드 누이 폐업?","closure_unconfirmed","https://www.filmmakers.co.kr/market/7069566"
"252","topic_enrichment_delicious-guys_58816928b801","서울 야고만두","서울 용산구 우사단로 42 (이태원동 136-45)","closed_prior_evidence","","","서울 용산구 서울 야고만두 폐업?","closed_at_address","https://data.seoul.go.kr/dataList/OA-16094/S/1/datasetView.do https://www.menupan.com/restaurant/onepage.asp?acode=H120913 https://restaurantguru.com/Yago-Mandoo-Seoul"
"253","topic_enrichment_delicious-guys_f1d0a9ca5cca","서울 양재동첫번째찜 (현재 폐업)","서울 서초구 강남대로4길 7 (양재동 351-8)","closed_labeled_existing","","","서울 서초구 서울 양재동첫번째찜 폐업?","closure_unconfirmed","https://sulia.tistory.com/5483 https://www.youtube.com/watch?v=IZ-UA38ACZo"
"254","topic_enrichment_delicious-guys_579d567c2c5f","서울 에그드랍 가재울뉴타운점","서울 서대문구 거북골로 100 (남가좌동 175)","closed_prior_evidence","","","서울 서대문구 서울 에그드랍 가재울뉴타운점 폐업?","closed_at_address","https://data.seoul.go.kr/dataList/OA-16095/S/1/datasetView.do https://triple.guide/restaurants/44abc4a4-8366-409f-8d0c-fb58270a6fe9 https://curryyou.tistory.com/349"
"255","topic_enrichment_delicious-guys_3ec3761ab69d","주막","서울 마포구 동교로23길 64 1층","menu_now_registered","","","서울 마포구 주막 폐업?","price_candidate","https://new.emmaru.com/matzip/matzip.do?code=M181017140813276941S&f=1&s=1&t=1 https://chaless.tistory.com/39"
"256","topic_enrichment_delicious-guys_1cbe368e6d45","서울 영광굴비전문점 서초점","서울 서초구 반포대로30길 60 (서초동 1571-11)","fresh_search_inconclusive","","","서울 서초구 서울 영광굴비전문점 서초점 폐업?","inconclusive","https://yoobanjang.tistory.com/entry/%EA%B5%90%EB%8C%80%EC%97%AD-%EC%98%81%EA%B4%91%EA%B5%B4%EB%B9%84%EC%A0%84%EB%AC%B8%EC%A0%90-%EC%84%9C%EC%B4%88%EC%A0%90-%EA%B5%B4%EB%B9%84%EB%B0%B1%EB%B0%98-%ED%9B%84%EA%B8%B0?category=1004507 https://yoobanjang.tistory.com/category/%EC%9D%BC%EC%83%81/%EB%A6%AC%EB%B7%B0"
"257","topic_enrichment_delicious-guys_aebce0169408","서울 오성닭한마리","서울 마포구 월드컵북로54길 17 (상암동 1597)","fresh_search_inconclusive","","","서울 마포구 서울 오성닭한마리 폐업?","inconclusive","https://new.emmaru.com/matzip/matzip.do?code=M160924235524071558R&f=1&s=1&t=0 https://lucyskitchen.tistory.com/3292"
"258","topic_enrichment_delicious-guys_626c32b1ad6d","서울 오스테리아 쟌니","서울 성동구 연무장길 109 (성수동2가 275-88)","operating_prior_evidence","","","서울 성동구 서울 오스테리아 쟌니 폐업?","licensed_operating","https://data.seoul.go.kr/dataList/OA-16094/S/1/datasetView.do"
"259","topic_enrichment_delicious-guys_ae4b266f48ac","서울 오텀인뉴욕 (현재 폐업)","서울 용산구 이태원로27가길 8 (이태원동 112-2)","closed_labeled_existing","","","서울 용산구 서울 오텀인뉴욕 폐업?","closure_unconfirmed","https://nagae.tistory.com/m/4 https://www.youtube.com/watch?v=QAoqcfkqDEE"
"260","topic_enrichment_delicious-guys_e389e1047cea","서울 옥합콩국수 (고양에서 이전)","서울 마포구 월드컵북로 396 (상암동 1605)","moved_labeled_existing","","","서울 마포구 서울 옥합콩국수 폐업?","address_review","https://www.emmaru.com/matzip/matzip.do?code=M161006131116582683C&f=1&s=1&t=0 https://www.tabling.co.kr/place/677ccb1d66de5f06987ca6d6"
"261","topic_enrichment_delicious-guys_b88b19ba33b2","서울 온 (카페 溫)","서울 종로구 돈화문로11다길 17 (돈의동 21)","fresh_search_inconclusive","","","서울 종로구 서울 온 폐업?","inconclusive","https://www.siksinhot.com/P/786127 https://place.clariosync.com/p/2490911/%EC%98%A8"
"262","topic_enrichment_delicious-guys_3bb34a0232ff","서울 온블랙94","서울 마포구 와우산로 39-14 (상수동 145-13)","closed_prior_evidence","","","서울 마포구 서울 온블랙94 폐업?","closed_at_address","https://data.seoul.go.kr/dataList/OA-16094/S/1/datasetView.do https://zmdzmddlrhkd.tistory.com/397 https://eunya-s.tistory.com/entry/%EC%83%81%EC%88%98-%EC%98%A8%EB%B8%94%EB%9E%9994OnBlack-94"
"263","topic_enrichment_delicious-guys_e986f0307607","서울 우정낙지","서울 종로구 삼일대로17길 46 (관철동 19-16)","menu_now_registered","","","서울 종로구 서울 우정낙지 폐업?","licensed_operating","https://data.seoul.go.kr/dataList/OA-16094/S/1/datasetView.do"
"264","topic_enrichment_delicious-guys_2114614e193a","서울 원조양평해장국직영점 (미소복양평해장국)","서울 은평구 연서로 203 (갈현동 460-18)","fresh_search_inconclusive","","","서울 은평구 서울 원조양평해장국직영점 폐업?","inconclusive","https://www.ktriptips.com/kor/food/2846621 https://xn--2s2b33eb3kgvpta.com/store/S200724_1596183423653"
"265","topic_enrichment_delicious-guys_eafd72ff9c21","서울 원조원할매소문난닭한마리","서울 종로구 종로40가길 25 (종로5가 282-21)","menu_now_registered","","","서울 종로구 서울 원조원할매소문난닭한마리 폐업?","price_candidate","https://www.tel-co.net/food/spot/6729 https://secretrich.tistory.com/entry/%EB%A7%9B%EC%9E%88%EB%8A%94%EB%85%80%EC%84%9D%EB%93%A4%EB%8F%99%EB%8C%80%EB%AC%B8-%EB%8B%AD%ED%95%9C%EB%A7%88%EB%A6%AC-%EB%A7%9B%EC%A7%91-%EC%9B%90%EC%A1%B0%EC%9B%90%ED%95%A0%EB%A7%A4%EC%86%8C%EB%AC%B8%EB%82%9C%EB%8B%AD%ED%95%9C%EB%A7%88%EB%A6%AC"
"266","topic_enrichment_delicious-guys_68dd74a39391","서울 유림 강서점 (출연한 김포점 폐업)","서울 강서구 공항대로71길 5 (염창동 280-6)","menu_now_registered","","","서울 강서구 서울 유림 강서점 폐업?","licensed_operating","https://data.seoul.go.kr/dataList/OA-16094/S/1/datasetView.do"
"267","topic_enrichment_delicious-guys_b9d0811f61bc","서울 을지분식 (현재 폐업)","서울 중구 충무로5길 17 (초동 106-27)","closed_labeled_existing","","","서울 중구 서울 을지분식 폐업?","address_review",""
"268","topic_enrichment_delicious-guys_8c63ed7da8b5","서울 인사동여자만","서울 종로구 인사동14길 13 (관훈동 88)","fresh_search_inconclusive","","","서울 종로구 서울 인사동여자만 폐업?","inconclusive",""
"269","topic_enrichment_delicious-guys_774e7ebaa902","서울 일일향 압구정1호점","서울 강남구 논현로168길 30 (신사동 595)","fresh_search_inconclusive","","","서울 강남구 서울 일일향 압구정1호점 폐업?","inconclusive",""
"270","topic_enrichment_delicious-guys_8859d0f7f94d","서울 정돈프리미엄 신사점","서울 강남구 강남대로160길 28 (신사동 519-4)","operating_prior_evidence","","","서울 강남구 서울 정돈프리미엄 신사점 폐업?","licensed_operating","https://data.seoul.go.kr/dataList/OA-16094/S/1/datasetView.do"
"271","topic_enrichment_delicious-guys_f8507cb3ca31","서울 정솔닭한마리","서울 영등포구 영중로4길 30 (영등포동3가 12-18)","fresh_search_inconclusive","","","서울 영등포구 서울 정솔닭한마리 폐업?","inconclusive",""
"272","topic_enrichment_delicious-guys_904f0bb035d8","서울 진성옛날소머리국밥집","서울 종로구 삼청로 113-2 (삼청동 113-2)","fresh_search_inconclusive","","","서울 종로구 서울 진성옛날소머리국밥집 폐업?","inconclusive",""
"273","topic_enrichment_delicious-guys_a0e99ee0cb4b","서울 징기스 홍대점 (현재 폐업)","서울 마포구 와우산로17길 6 (서교동 407-4)","closed_labeled_existing","","","서울 마포구 서울 징기스 홍대점 폐업?","closure_unconfirmed","https://findingdorydory.tistory.com/1395 https://www.saramin.co.kr/zf_user/jobs/view?rec_idx=40635174"
"274","topic_enrichment_delicious-guys_b1d03377d1a6","서울 채근담 (출연한 대치점 폐업)","서울 강남구 테헤란로 152 (역삼동 737)","closed_labeled_existing","","","서울 강남구 서울 채근담 폐업?","closed_at_address","https://data.seoul.go.kr/dataList/OA-16094/S/1/datasetView.do"
"275","topic_enrichment_delicious-guys_e0d1d1dd782b","서울 청담정스시 (재방문, 현재 폐업)","서울 강남구 도산대로87길 11 (청담동 122-30)","closed_labeled_existing","","","서울 강남구 서울 청담정스시 폐업?","closure_unconfirmed","https://new.emmaru.com/matzip/matzip.do?code=M160908105833681516X&f=1&s=1&t=1 https://emmaru.com/matzip/matzip.do?code=M160930130509982030H&f=1&s=1&t=0"
"276","topic_enrichment_delicious-guys_0057e70f81a7","서울 청담정스시 (현재 폐업)","서울 강남구 도산대로87길 11 (청담동 122-30)","closed_labeled_existing","","","서울 강남구 서울 청담정스시 폐업?","closure_unconfirmed","https://new.emmaru.com/matzip/matzip.do?code=M160908105833681516X&f=1&s=1&t=1 https://emmaru.com/matzip/matzip.do?code=M160930130509982030H&f=1&s=1&t=0"
"277","topic_enrichment_delicious-guys_2e76e44360a9","서울 초량돼지 (현재 폐업)","서울 강남구 테헤란로108길 12 (대치동 996-14)","closed_labeled_existing","","","서울 강남구 서울 초량돼지 폐업?","closed_at_address","https://data.seoul.go.kr/dataList/OA-16094/S/1/datasetView.do"
"278","topic_enrichment_delicious-guys_bcf6718d836e","서울 춘리마라탕 연남점 (삼국지)","서울 마포구 동교로 249 (연남동 258-1)","fresh_search_inconclusive","","","서울 마포구 서울 춘리마라탕 연남점 폐업?","inconclusive","https://www.diningcode.com/profile.php?rid=WQIcAdJaakpx https://www.diningcode.com/profile.php?rid=G9jCxLiiY64Z https://chunlimalatang.com/ https://m.changupmall.com/M_GAGE_VIEW_END.asp?J_ID=717936 https://startuplus.kr/brands/region/seoul-mapo/chinese"
"279","topic_enrichment_delicious-guys_d83bb9e65be9","서울 코브라파스타클럽","서울 마포구 포은로5길 7 (망원동 404-3)","operating_prior_evidence","","","서울 마포구 서울 코브라파스타클럽 폐업?","licensed_operating","https://data.seoul.go.kr/dataList/OA-16094/S/1/datasetView.do"
"280","topic_enrichment_delicious-guys_4b07323907f9","서울 티마하우스 (현재 폐업)","서울 강남구 논현로97길 71 (역삼동 634-4)","closed_labeled_existing","","","서울 강남구 서울 티마하우스 폐업?","closure_unconfirmed","https://enjoyholic.tistory.com/3599 https://meokja.tistory.com/2051"
"281","topic_enrichment_delicious-guys_f10a9f53b287","서울 팔칠삼 (현재 폐업)","서울 강남구 언주로135길 19 (논현동 83-12)","closed_labeled_existing","","","서울 강남구 서울 팔칠삼 폐업?","closed_at_address","https://data.seoul.go.kr/dataList/OA-16094/S/1/datasetView.do"
"282","topic_enrichment_delicious-guys_790ab532b5e3","서울 팔팔민물장어 (현재 폐업)","서울 서초구 사평대로 335 (반포동 745)","closed_labeled_existing","","","서울 서초구 서울 팔팔민물장어 폐업?","closed_at_address","https://data.seoul.go.kr/dataList/OA-16094/S/1/datasetView.do"
"283","topic_enrichment_delicious-guys_dd05739afc75","서울 페리카나 청룡동점","서울 관악구 청룡길 20 (봉천동 914-3)","fresh_search_inconclusive","","","서울 관악구 서울 페리카나 청룡동점 폐업?","inconclusive","https://cocoplayer.shop/bbs/board.php?bo_table=DBDATA&wr_id=24 https://www.koobig.com/591003 https://www.hankyung.com/article/201703068745G"
"284","topic_enrichment_delicious-guys_ff2dc9c71918","서울 펭귄 마카롱 (현재 폐업)","서울 강북구 오현로34길 12 (번동 308-3)","closed_labeled_existing","","","서울 강북구 서울 펭귄 마카롱 폐업?","closure_unconfirmed","https://www.diningcode.com/profile.php?rid=JitxBNq8dKwn https://www.diningcode.com/profile.php?rid=pd0sdJftCnpg"
"285","topic_enrichment_delicious-guys_6c925c17314b","서울 평방옥","서울 강남구 테헤란로22길 12 (역삼동 736-32)","fresh_search_inconclusive","","","서울 강남구 서울 평방옥 폐업?","inconclusive","https://polle.com/place/33pe08/%ED%8F%89%EB%B0%A9%EC%98%A5 https://new.emmaru.com/matzip/matzip.do?code=M200213095515877247O&f=1&s=1&t=1"
"286","topic_enrichment_delicious-guys_01d996824267","서울 한옥집 김치찜 본점","서울 서대문구 통일로9길 12 (냉천동 20-1)","menu_now_registered","","","서울 서대문구 서울 한옥집 김치찜 본점 폐업?","price_candidate","https://www.diningcode.com/profile.php?rid=PqVoP6W2oLSz https://zoonyoung.tistory.com/entry/%ED%95%9C%EC%98%A5%EC%A7%91-%EA%B9%80%EC%B9%98%EC%B0%9C-%EC%84%9C%EB%8C%80%EB%AC%B8%EC%97%AD-%EC%8B%9D%EC%8B%A0%EC%9D%B4-%EC%9D%B8%EC%A0%95%ED%95%9C-%EA%B9%80%EC%B9%98%EC%B0%9C-%EB%A7%9B%EC%A7%91%EC%97%90-%EB%8B%A4%EB%85%80%EC%99%94%EC%8A%B5%EB%8B%88%EB%8B%A4?category=956718"
"287","topic_enrichment_delicious-guys_ba1f927c07e4","서울 홈수끼 학동점","서울 강남구 언주로 708 (논현동 115)","fresh_search_inconclusive","","","서울 강남구 서울 홈수끼 학동점 폐업?","inconclusive","https://www.koreatriptips.com/dining/2871261.html https://lucyskitchen.tistory.com/4850"
"288","topic_enrichment_delicious-guys_8ce6a8d071d0","서울 홍리마라탕 신촌점 (현재 폐업)","서울 서대문구 명물길 20 (창천동 13-27)","closed_labeled_existing","","","서울 서대문구 서울 홍리마라탕 신촌점 폐업?","web_closed","https://polle.com/place/3tOnNN/%ED%99%8D%EB%A6%AC%EB%A7%88%EB%9D%BC%ED%83%95 https://gist.github.com/dochi486/3ded74693fd6bc7b1760500600486ecf"
"289","topic_enrichment_delicious-guys_b891d32f6b86","서울 황금복국 (출연한 서초점 폐업)","서울 강남구 삼성로96길 26-6 (삼성동 158-26)","closed_labeled_existing","","","서울 강남구 서울 황금복국 폐업?","address_review",""
"290","topic_enrichment_delicious-guys_b454c0300d31","서울 훈남닭발 (현재 폐업)","서울 마포구 와우산로19길 9 (서교동 363-24)","closed_labeled_existing","","","서울 마포구 서울 훈남닭발 폐업?","closure_unconfirmed","https://www.diningcode.com/profile.php?rid=VLCBzSMYUwB0 https://www.diningcode.com/profile.php?rid=KGzgZIGQV2Lx"
"291","topic_enrichment_delicious-guys_404a83c18814","서울 The450 (현재 폐업)","서울 마포구 와우산로 59","closed_labeled_existing","","","서울 마포구 서울 The450 폐업?","closure_unconfirmed","https://www.siksamenu.co.kr/food/detail.asp?seq=107976299 https://www.koobig.com/521498"
"292","topic_enrichment_delicious-guys_6bbcd2238d71","성남 경포 (현재 폐업)","경기 성남시 수정구 복정동 38-24","closed_labeled_existing","","","경기 성남시 성남 경포 폐업?","closure_unconfirmed","https://enjoyholic.tistory.com/2795 https://secretrich.tistory.com/294"
"293","topic_enrichment_delicious-guys_d88fb6f9bd76","성남 오불뚝","경기 성남시 수정구 위례서일로1길 8-4 (창곡동 551-1)","closed_prior_evidence","","","경기 성남시 성남 오불뚝 폐업?","closed_at_address","https://www.foodsafetykorea.go.kr/potalPopup/fooddanger/bsnInfoDetail.do?bsnLcnsLedgNo=2015001005383756 https://new.emmaru.com/matzip/matzip.do?code=M151016180457944538W&f=1&s=1&t=1 https://restaurantguru.com/Obulttug-Seongnam-si"
"294","topic_enrichment_delicious-guys_080df2c03d86","속초 삼해횟집 (현재 폐업)","강원 속초시 영랑해안길 255 (영랑동 148-171)","closed_labeled_existing","","","강원 속초시 속초 삼해횟집 폐업?","closure_unconfirmed","https://www.tabling.co.kr/place/677cccf366de5f0698800fc9 https://www.diningcode.com/profile.php?rid=gLh3DIpawbLb"
"295","topic_enrichment_delicious-guys_5fe84d15b1c5","수원 무쇳집 (현재 폐업)","경기 수원시 팔달구 효원로265번길 36 (인계동 1113-10)","closed_labeled_existing","","","경기 수원시 수원 무쇳집 폐업?","closure_unconfirmed","https://www.siksinhot.com/P/370984 https://mani4u.tistory.com/category/%EB%A7%88%EB%8B%88%EC%9D%B4%EC%95%BC%EA%B8%B0/%EB%A7%9B%EC%A7%91"
"296","topic_enrichment_delicious-guys_23d02e301620","안성 보리네생고깃간","경기 안성시 안성맞춤대로 850 (계동 65-21)","fresh_search_inconclusive","","","경기 안성시 안성 보리네생고깃간 폐업?","inconclusive",""
"297","topic_enrichment_delicious-guys_f826c85cadf0","양구 우정가든 (고양에서 이전)","강원 양구군 양구읍 파로호로 949 (하리 156)","moved_labeled_existing","","","강원 양구군 양구 우정가든 폐업?","web_closed","https://polle.com/place/30el2h/%EC%9A%B0%EC%A0%95%EA%B0%80%EB%93%A0 https://www.nicebizinfo.com/ep/EP0100M002GE.nice?kiscode=812886"
"298","topic_enrichment_delicious-guys_427c69891304","양평 두메향기","경기 양평군 양서면 두메향기길 11 (목왕리 87)","operating_prior_evidence","","","경기 양평군 양평 두메향기 폐업?","licensed_operating","https://www.foodsafetykorea.go.kr/potalPopup/fooddanger/bsnInfoDetail.do?bsnLcnsLedgNo=2014001001905988"
"299","topic_enrichment_delicious-guys_5bd76c1003f2","영광 갯마을횟집","전남 영광군 홍농읍 계마길 39-9 (계마리 894-24)","fresh_search_inconclusive","","","전남 영광군 영광 갯마을횟집 폐업?","inconclusive","https://www.tabling.co.kr/place/677ccd4a66de5f069880c0d6 https://www.seantour.kr/newseantour/fhlg/rstrt/rstrtDetail.do?tourNttSn=RSTRT0000000497 https://pinkbong.tistory.com/1395"
"300","topic_enrichment_delicious-guys_cb1f5244ca80","완도 전망좋은수협회센타","전남 완도군 완도읍 해변공원로124번길 26 (가용리 1100-1)","fresh_search_inconclusive","","","전남 완도군 완도 전망좋은수협회센타 폐업?","inconclusive","https://mapmoa.com/board/bbs/board.php?bo_table=food&page=48&sca=%EB%A7%9B%EC%9E%88%EB%8A%94%EB%85%80%EC%84%9D%EB%93%A4&sod=asc&sop=and&sst=wr_hit https://1ago.tistory.com/40"
"301","topic_enrichment_delicious-guys_d36b280bce2b","용인 청솔유황오리진흙구이 (현재 폐업)","경기 용인시 수지구 고기로 59 (동천동 152-3)","closed_labeled_existing","","","경기 용인시 용인 청솔유황오리진흙구이 폐업?","web_closed","https://www.tripadvisor.co.kr/Restaurant_Review-g1643550-d9124516-Reviews-Cheongsol_Grilled_Mineral_Fed_Duck_Jinheuk_Grill-Yongin_Gyeonggi_do.html https://www.koobig.com/221562"
"302","topic_enrichment_delicious-guys_1a92f60a87f6","의령 남산떡방앗간 (의령망개떡)","경남 의령군 의령읍 의병로18길 3-4 (서동리 485-16)","menu_now_registered","","","경남 의령군 의령 남산떡방앗간 폐업?","address_review","https://kttfia.or.kr/170 https://blog.naver.com/PostView.nhn?blogId=yumyum0327&logNo=223717567368&redirect=Dlog&widgetTypeCall=true"
"303","topic_enrichment_delicious-guys_4bd85c0c2935","의왕 외식하기가장좋은집 (외가집, 현재 폐업)","경기 의왕시 안양판교로 127 (포일동 505-117)","closed_labeled_existing","","","경기 의왕시 의왕 외식하기가장좋은집 폐업?","closure_unconfirmed","https://raid8500.tistory.com/91 https://meokja.tistory.com/2478"
"304","topic_enrichment_delicious-guys_11d61bf1517a","의왕 임학순전통웰빙파김치강화갯벌장어민물장어","경기 의왕시 포일동 168-1","fresh_search_inconclusive","","","경기 의왕시 의왕 임학순전통웰빙파김치강화갯벌장어민물장어 폐업?","inconclusive","https://lucyskitchen.tistory.com/463 https://enjoyholic.tistory.com/4158"
"305","topic_enrichment_delicious-guys_cec52e5e4a94","의왕 청운누룽지백숙","경기 의왕시 의일로 11 (학의동 593-1)","fresh_search_inconclusive","","","경기 의왕시 의왕 청운누룽지백숙 폐업?","inconclusive","https://www.tabling.co.kr/place/677ccb6066de5f06987d2130 https://polle.com/place/3OgtiX/%EC%B2%AD%EC%9A%B4%20%EB%88%84%EB%A3%BD%EC%A7%80%EB%B0%B1%EC%88%99"
"306","topic_enrichment_delicious-guys_34de3be4fb31","이천 류재열의명품코다리 (현재 폐업)","경기 이천시 증신로 215 (송정동 72-4)","closed_labeled_existing","","","경기 이천시 이천 류재열의명품코다리 폐업?","closure_unconfirmed","https://secretrich.tistory.com/entry/%EB%A7%9B%EC%9E%88%EB%8A%94%EB%85%80%EC%84%9D%EB%93%A4%EC%B0%B8%EA%B2%8C%ED%83%95-%EB%A7%9B%EC%A7%91-%EB%A5%98%EC%9E%AC%EC%97%B4%EC%9D%98%EB%AA%85%ED%92%88%EC%BD%94%EB%8B%A4%EB%A6%AC-%EC%86%A1%EC%A0%95%EC%A0%90 https://todaytrip.tistory.com/111"
"307","topic_enrichment_delicious-guys_b9696d8b6ff2","인천 새우상회 (현재 폐업)","인천 부평구 충선로203번길 40 (삼산동 463-5)","closed_labeled_existing","","","인천 부평구 인천 새우상회 폐업?","closure_unconfirmed","https://sjworld.tistory.com/m/841 https://story.kakao.com/ch/gihong/i1gpEipoDaA"
"308","topic_enrichment_delicious-guys_34630912fd18","인천 서해안횟집","인천 강화군 길상면 초지리 616-5","fresh_search_inconclusive","","","인천 강화군 인천 서해안횟집 폐업?","inconclusive","https://korean.visitkorea.or.kr/detail/rem_detail.do?cotid=95c40a81-5e3a-44be-8a4b-0ded34e3552b https://www.diningcode.com/profile.php?rid=dyso3UIfJR4A https://ganghwanambu.nonghyup.com/user/indexSub.do?codyMenuSeq=2245225&siteId=ganghwanambu"
"309","topic_enrichment_delicious-guys_0347e5ff703c","인천 선미정","인천 제물포구 사동 23-12","fresh_search_inconclusive","","","인천 중구 인천 선미정 폐업?","inconclusive","https://www.siksinhot.com/P/673186 https://www.tabling.co.kr/place/677ccaec66de5f06987c41c8 https://www.menupan.com/restaurant/onepage.asp?acode=H411525"
"310","topic_enrichment_delicious-guys_f00def392c52","인천 외내골가든 (현재 폐업)","인천 강화군 내가면 강화서로 289 (고천리 632)","closed_labeled_existing","","","인천 강화군 인천 외내골가든 폐업?","closure_unconfirmed","https://m.menupan.com/restaurant/onepage.asp?acode=H493354 https://www.rda.go.kr/webzine/2020/07/sub4-1.html"
"311","topic_enrichment_delicious-guys_4912573a6b12","인천 정자담 (현재 폐업)","인천 남동구 소래역남로 10 (논현동 754-2)","closed_labeled_existing","","","인천 남동구 인천 정자담 폐업?","conflicting","https://www.siksinhot.com/P/455822 https://lulusreviews.tistory.com/6332"
"312","topic_enrichment_delicious-guys_bcf12ad322c8","인천 피에프창 송도트리플스트리트","인천 연수구 송도과학로16번길 33-2 (송도동 174-3)","fresh_search_inconclusive","","","인천 연수구 인천 피에프창 송도트리플스트리트 폐업?","inconclusive","https://enjoyholic.tistory.com/4067 https://secretrich.tistory.com/entry/%EB%A7%9B%EC%9E%88%EB%8A%94%EB%85%80%EC%84%9D%EB%93%A4%EB%AF%B8%EA%B5%AD%EC%8B%9D-%EC%A4%91%EA%B5%AD%EC%9A%94%EB%A6%AC-%EC%9D%B8%EC%B2%9C-%EC%86%A1%EB%8F%84-%EB%A7%9B%EC%A7%91-%ED%94%BC%EC%97%90%ED%94%84%EC%B0%BD https://www.alio.go.kr/download/download.json?fileNo=2968606"
"313","topic_enrichment_delicious-guys_55f0345e0832","일산 바람아래꽃돌게장 (현재 폐업)","경기 고양시 일산동구 경의로 373 (마두동 862)","closed_labeled_existing","","","경기 고양시 일산 바람아래꽃돌게장 폐업?","closure_unconfirmed","https://www.youtube.com/watch?v=-caKP0JZ3YY https://tmi-attack.tistory.com/846"
"314","topic_enrichment_delicious-guys_6463a7c74255","전주 오선모옛날김밥","전북 전주시 완산구 송정1길 1 (삼천동1가 601-11)","fresh_search_inconclusive","","","전북 전주시 전주 오선모옛날김밥 폐업?","inconclusive","https://www.siksinhot.com/P/457112 https://www.diningcode.com/profile.php?rid=S49EHa0FC1KD"
"315","topic_enrichment_delicious-guys_d4299fa3d3ac","전주 치즈명가 (현재 폐업)","전북 전주시 완산구 은행로 46 (풍남동3가 74-25)","closed_labeled_existing","","","전북 전주시 전주 치즈명가 폐업?","closure_unconfirmed","https://www.myeple.com/ https://www.myeple.com/shopinfo/location.html"
"316","topic_enrichment_delicious-guys_6bf624ddbd8e","제주 돈해돈찜 (현재 폐업)","제주 제주시 연북로 199 (오라이동 3162-3)","closed_labeled_existing","","","제주 제주시 제주 돈해돈찜 폐업?","closure_unconfirmed","https://m.semoplace.com/External/5d7774eed2c3190740415c88 https://food.daily.co.kr/read312812359"
"317","topic_enrichment_delicious-guys_f22a876ee266","제주 숙성도 노형본관","제주 제주시 원노형로 41 (노형동 941-2)","fresh_search_inconclusive","","","제주 제주시 제주 숙성도 노형본관 폐업?","inconclusive","https://henryne.tistory.com/604 https://penhoo.com/1011"
"318","topic_enrichment_delicious-guys_c173b427d693","제주 애월빵공장 앤 카페","제주 제주시 애월읍 금성5길 42-15 (금성리 472-13)","menu_now_registered","","","제주 제주시 제주 애월빵공장 앤 카페 폐업?","closed_at_address","https://www.foodsafetykorea.go.kr/potalPopup/fooddanger/bsnInfoDetail.do?bsnLcnsLedgNo=2021001000086513 https://www.foodsafetykorea.go.kr/potalPopup/fooddanger/bsnInfoDetail.do?bsnLcnsLedgNo=2019001000260353 https://www.visitjeju.net/kr/detail/view?contentsid=CNTS_200000000012587&menuId=DOM_000001719000000000 https://www.visitjeju.net/kr/detail/view?contentsid=CNTS_200000000012587&menuId=DOM_000001719001000000"
"319","topic_enrichment_delicious-guys_e7295d8c4144","제주 제주도감","제주 제주시 연북로 257 (오라이동 1770)","closed_prior_evidence","","","제주 제주시 제주 제주도감 폐업?","closed_at_address","https://www.foodsafetykorea.go.kr/potalPopup/fooddanger/bsnInfoDetail.do?bsnLcnsLedgNo=2022001000205501 https://www.foodsafetykorea.go.kr/potalPopup/fooddanger/bsnInfoDetail.do?bsnLcnsLedgNo=2021001000126534 https://www.tabling.co.kr/place/677cd64566de5f069890b00e https://polle.com/place/3meqLH/%EC%A0%9C%EC%A3%BC%EB%8F%84%EA%B0%90"
"320","topic_enrichment_delicious-guys_a9894aaf4dda","태안 대한횟집 만세튀김","충남 태안군 안면읍 백사장1길 119 (창기리 1269-96)","menu_now_registered","","","충남 태안군 태안 대한횟집 만세튀김 폐업?","web_operating","https://www.diningcode.com/profile.php?rid=6XR66ObfdKZ7 https://polle.com/place/4ireE3/%EB%8C%80%ED%95%9C%ED%9A%9F%EC%A7%91%20%EB%A7%8C%EC%84%B8%ED%8A%80%EA%B9%80"
"321","topic_enrichment_delicious-guys_5ae75609f35d","통영 통영다찌","경남 통영시 무전2길 12-15 (무전동 1017-1)","fresh_search_inconclusive","","","경남 통영시 통영 통영다찌 폐업?","inconclusive","https://www.tabling.co.kr/place/677ccb8466de5f06987d6217 https://www.tel-co.net/food/spot/6264"
"322","topic_enrichment_delicious-guys_04fc2c38ef90","파주 정미식당 통일동산","경기 파주시 탄현면 평화로 576 (갈현리 284-19)","fresh_search_inconclusive","","","경기 파주시 파주 정미식당 통일동산 폐업?","inconclusive","https://bizno.net/?query=%EC%A0%95%EB%AF%B8%EC%8B%9D%EB%8B%B9 https://vvvhan-su01.tistory.com/entry/%EA%B2%BD%EA%B8%B0%EB%8F%84%ED%8C%8C%EC%A3%BC%EB%A7%9B%EC%A7%91-%ED%8C%8C%EC%A3%BC-%EB%B6%80%EB%8C%80%EC%B0%8C%EA%B0%9C-%EB%A7%9B%EC%A7%91-%EC%A0%95%EB%AF%B8%EC%8B%9D%EB%8B%B9-%ED%83%84%ED%98%84%EC%A0%90%ED%86%B5%EC%9D%BC%EB%8F%99%EC%82%B0-%EB%82%B4%EB%8F%88%EB%82%B4%EC%82%B0-%EC%B0%90%EC%B6%94%EC%B2%9C"
"323","topic_enrichment_delicious-guys_cf4feeb5e5bb","파주 칼라디소토","경기 파주시 탄현면 헤이리마을길 59-138 (법흥리 1652-7)","fresh_search_inconclusive","","","경기 파주시 파주 칼라디소토 폐업?","inconclusive","https://www.paju.go.kr/webcontent/ckeditor/2020/5/6/9ec3b76b-5c75-4065-af1f-dce63eebef9e.pdf https://v.daum.net/v/uKfUGHKwC2"
"324","topic_enrichment_delicious-guys_19c1ec6a8738","파주 The담다 (이대 대흥식당, 서울에서 이전)","경기 파주시 조리읍 장곡로 149 (장곡리 113-2)","moved_labeled_existing","","","경기 파주시 파주 The담다 폐업?","unresolved","https://www.diningcode.com/profile.php?rid=XQGdIomw117d https://ww.emmaru.com/matzip/matzip.do?code=M200114025956631346A&f=1&s=1&t=1"
"325","topic_enrichment_delicious-guys_e9deefd0dd9f","평택 나귀당귀","경기 평택시 조개터로26번길 21-3 (합정동 906-5)","closed_confirmed_user_review","","","경기 평택시 평택 나귀당귀 폐업?","listing_only","https://english.visitkorea.or.kr/svc/whereToGo/locIntrdn/rgnContentsView.do?vcontsId=55234 https://mr92.tistory.com/5"
"326","topic_enrichment_delicious-guys_41b4514b8b18","윤금자모리칼국수 본점","경북 포항시 북구 장량로18번길 55","fresh_search_inconclusive","","","경북 포항시 윤금자모리칼국수 본점 폐업?","inconclusive","https://best.wjsevin.com/shop/9624 https://www.nicebizinfo.com/ep/EP0100M002GE.nice?kiscode=V09425"
"327","topic_enrichment_delicious-guys_8bd998e0c511","하남 동경주산채집","경기 하남시 천현동 169-15","fresh_search_inconclusive","","","경기 하남시 하남 동경주산채집 폐업?","inconclusive","https://xn--2s2b33eb3kgvpta.com/store/S131752_1653282644806 https://zmdzmddlrhkd.tistory.com/427"
"328","topic_enrichment_delicious-guys_79437a7edfb4","하남 신돈까스본점 (유민상, 폐업)","경기도 하남시 역말로 39 (덕풍동 432-7)","closed_labeled_existing","","","경기도 하남시 하남 신돈까스본점 폐업?","closure_unconfirmed",""
"329","topic_enrichment_michelin-1-star_d4132c79cb30","가겐 바이 최준호","강남구 압구정로 80길 19-1, 2층, Seoul, 06015, 한국","menu_now_registered","","","강남구 압구정로 가겐 바이 최준호 폐업?","map_operating","https://place.map.kakao.com/100755563"
"330","topic_enrichment_michelin-1-star_cb452a021e94","무니","강남구 도산대로 72길 16, Seoul, 06063, 한국","fresh_search_inconclusive","","","강남구 도산대로 무니 폐업?","inconclusive",""
"331","topic_enrichment_michelin-1-star_df44dbdfc983","소설한남","용산구 한남대로 20길 21-18, 지하 1층, Seoul, 04419, 한국","fresh_search_inconclusive","","","용산구 한남대로 소설한남 폐업?","inconclusive","https://www.tabling.co.kr/place/677ccc2666de5f06987e8b1f https://www.diningcode.com/profile.php?rid=pFX3VBTxdmfv"
"332","topic_enrichment_michelin-bib-gourmand_7165bdfda1e7","옥돌현옥","송파구 오금로 36길 26-1, Seoul, 05700, 한국","closed_fresh_search_signal","","","송파구 오금로 옥돌현옥 폐업?","closed_signal","https://xn--2s2b33eb3kgvpta.com/store/S251224_1766548267307"
"333","topic_enrichment_michelin-bib-gourmand_1ab13c29ad2a","합천국밥집","남구 용호로 235, Busan, 48593, 한국","menu_now_registered","","","남구 용호로 합천국밥집 폐업?","web_operating","https://www.tabling.co.kr/place/677ccae866de5f06987c3a43 https://www.odega.kr/p/31750-naver-11872316"
"334","topic_enrichment_michelin-selected_e7dc971c60da","구찌 오스테리아 다 마시모 보투라","강남구 압구정로 462, 5층, Seoul, 06015, 한국","operating_prior_evidence","","","강남구 압구정로 구찌 오스테리아 다 마시모 보투라 폐업?","web_operating","https://place.map.kakao.com/623581617 https://www.gucciosteria.com/en/seoul/ https://www.tabling.co.kr/place/677cd0e866de5f069886f124 https://www.gucci.com/kr/ko/st/stories/article/cooking-gucci-osteria-chefs"
"335","topic_enrichment_michelin-selected_391f996a6f59","금수복국","해운대구 중동 1로 43번길 23, Busan, 48095, 한국","fresh_search_inconclusive","","","해운대구 중동 금수복국 폐업?","inconclusive",""
"336","topic_enrichment_michelin-selected_8728fbace697","미락슈퍼","수영구 민락본동로 31번길 46, Busan, 48288, 한국","fresh_search_inconclusive","","","수영구 민락본동로 미락슈퍼 폐업?","inconclusive",""
"337","topic_enrichment_michelin-selected_a9953d60b184","비네토","수영구 수영로 522번길 55, Busan, 48299, 한국","menu_now_registered","","","수영구 수영로 비네토 폐업?","licensed_operating","https://www.foodsafetykorea.go.kr/potalPopup/fooddanger/bsnInfoDetail.do?bsnLcnsLedgNo=2020001000513325"
"338","topic_enrichment_michelin-selected_fd30be1c667a","스테이","송파구 올림픽로 300, 롯데월드 타워 81층, Seoul, 05551, 한국","fresh_search_inconclusive","","","송파구 올림픽로 스테이 폐업?","inconclusive",""
"339","topic_enrichment_michelin-selected_02984ce7e69c","알고리즘","강남구 도산대로 49길 8, 2층, Seoul, 06019, 한국","menu_now_registered","","","강남구 도산대로 알고리즘 폐업?","address_review",""
"340","topic_enrichment_michelin-selected_9c276901269d","오리지널 넘버스","강남구 도산대로 55길 24, Seoul, 06014, 한국","fresh_search_inconclusive","","","강남구 도산대로 오리지널 넘버스 폐업?","inconclusive","https://www.tabling.co.kr/place/677cd79166de5f069892fc34 https://www.diningcode.com/profile.php?rid=xI4P18VZ5m9d"
"341","jeonhyunmoo-plan_s4_no338","골목집","전북특별자치도 완주군 고산면 고산로 97-5 1층","operating_prior_evidence","","","전북특별자치도 완주군 골목집 폐업?","licensed_operating","https://www.foodsafetykorea.go.kr/potalPopup/fooddanger/bsnInfoDetail.do?bsnLcnsLedgNo=1998001002226277 https://place.map.kakao.com/21512004"
"342","jeonhyunmoo-plan_s4_no314","그대와나","경남 사천시 벌리7길 40","operating_prior_evidence","","","경남 사천시 그대와나 폐업?","licensed_operating","https://www.foodsafetykorea.go.kr/potalPopup/fooddanger/bsnInfoDetail.do?bsnLcnsLedgNo=2003001002593864 https://place.map.kakao.com/12551427"
"343","mogeultende_1e6e35c19f83","완도전복","서울 중구 동호로5길 2 1층","menu_now_registered","","","서울 중구 완도전복 폐업?","licensed_operating","https://data.seoul.go.kr/dataList/OA-16094/S/1/datasetView.do https://place.map.kakao.com/10616945"
"344","topic_chureupkyeon_13","신흥갈비식육점","부산 사상구 새벽로167번길 35 1층","operating_prior_evidence","","","부산 사상구 신흥갈비식육점 폐업?","map_operating","https://place.map.kakao.com/16239332 https://www.diningcode.com/profile.php?rid=yNc5yFyoHKZ8 https://conyplace.com/%EC%8B%A0%ED%9D%A5%EA%B0%88%EB%B9%84%EC%8B%9D%EC%9C%A1%EC%A0%90-%EB%B6%80%EC%82%B0-%EC%82%AC%EC%83%81%EA%B5%AC-%EB%8C%80%ED%8C%A8-%EC%82%BC%EA%B2%B9%EC%82%B4%EC%9D%98-%EB%AA%85%EC%86%8C/"
"345","topic_life-master_20260921_3","꽁띠꽁띠뉴","부산 해운대구 센텀중앙로 145 더샵센텀파크1차아파트 상가3동 112,114호","menu_now_registered","","","부산 해운대구 꽁띠꽁띠뉴 폐업?","licensed_operating","https://www.foodsafetykorea.go.kr/potalPopup/fooddanger/bsnInfoDetail.do?bsnLcnsLedgNo=2024001000277108 https://place.map.kakao.com/1707743242"
"346","topic_life-master_20260921_25","대월떡집","강원특별자치도 원주시 중앙시장길 6 1층","operating_prior_evidence","","","강원특별자치도 원주시 대월떡집 폐업?","licensed_operating","https://www.foodsafetykorea.go.kr/potalPopup/fooddanger/bsnInfoDetail.do?bsnLcnsLedgNo=2004001001942391 https://place.map.kakao.com/8903851"
"347","topic_neighborhood-walk_20260921_22","운전수문어","경북 경주시 원화로 273 1층","fresh_search_inconclusive","","","경북 경주시 운전수문어 폐업?","inconclusive","https://place.map.kakao.com/498178600 https://www.diningcode.com/profile.php?rid=WCsADn9uGyI3 https://brokenourlimits.tistory.com/entry/4%EC%9B%94-16%EC%9D%BC-6%EC%8B%9C-%EB%82%B4%EA%B3%A0%ED%96%A5-%EC%83%81%EC%83%9D%EC%9E%A5%ED%84%B0-%EA%B2%BD%EB%B6%81-%EC%84%B1%EB%8F%99%EC%8B%9C%EC%9E%A5-%ED%8A%B9%EC%A7%91-1%ED%8E%B8-%EA%B5%AC%EB%A7%A4%EC%B2%98-%EC%A0%95%EB%B3%B4-%EC%95%8C%EB%A0%A4%EB%93%9C%EB%A6%BD%EB%8B%88%EB%8B%A4-%EA%B0%80%EC%9E%90%EB%AF%B8-%EB%8F%84%EB%A3%A8%EB%AC%B5%EB%AA%85%ED%83%9C%EC%A1%B0%EB%A6%BC-%EB%AC%B8%EC%96%B4-%EB%AC%BC%EA%B0%80%EC%9E%90%EB%AF%B8-%ED%9A%8C?category=848948"
