"global_index","worker","episode","episode_index","name","region","address","address_display","category","card_menu","menus","output_file","output_path"
"1","1","EP.01","1","배신식당","경북 김천시","경북 김천시 감문면 배시내길 46 (태촌리 119-1)","경북 김천시 감문면 배시내길 46","육류,고기요리","석쇠불고기(양념) 400g 1접시","석쇠불고기(양념) 400g 1접시 (22,000원) / 석쇠불고기(소금구이) 400g 1접시 (22,000원)","001_배신식당.png","C:\Users\Alfred\Desktop\백종원의 3대천왕\EP.01\001_배신식당.png"
"2","1","EP.01","2","단골식당","대구 북구","대구 북구 칠성시장로7길 9-1 (칠성동1가 92-6)","대구 북구 칠성시장로7길 9-1","한식","전메뉴 포장/택배가능","전메뉴 포장/택배가능 (8,000원) / 전메뉴 포장/택배가능 (9,000원) / 전메뉴 포장/택배가능 (1,000원) / 단골식당 소주/맥주 (4,000원) / 단골식당 막걸리 (3,000원) / 단골식당 음료수 (1,500원)","002_단골식당.png","C:\Users\Alfred\Desktop\백종원의 3대천왕\EP.01\002_단골식당.png"
"3","1","EP.01","3","성북동돼지갈비","서울 성북구","서울 성북구 성북로 115 (성북동 114-2)","서울 성북구 성북로 115","돼지고기구이","4인 불백2+쭈꾸미2+우렁된장1","4인 불백2+쭈꾸미2+우렁된장1 (54,000원) / 돼지불고기백반 (12,000원) / 떡갈비백반 (12,000원) / 반반백반(불고기+떡갈비) (12,000원) / 돼지갈비백반 (13,000원) / 아버지냉면 (9,000원) / 돼지불백 특 (17,000원) / 쭈꾸미정식 (12,000원) / 우렁된장찌개백반 (9,000원) / 1인 불고기+냉면 (18,000원) / 1인 불백+우렁된장 (18,000원) / 2인 불백2+우렁된장1 (30,000원) / 2인 불백2+냉면1 (31,000원) / 3인 불백3+우렁된장1 (42,000원) / 3인 불백2+쭈꾸미1+우렁된장1 (42,000원)","003_성북동돼지갈비.png","C:\Users\Alfred\Desktop\백종원의 3대천왕\EP.01\003_성북동돼지갈비.png"
"4","1","EP.01","4","쌍다리돼지불백","서울 성북구","서울 성북구 성북로23길 4 (성북동 109-2)","서울 성북구 성북로23길 4","돼지고기구이","돼지불백","돼지불백 (13,000원) / 양 1.5배 UP (성인 남성 1인분 추천) (18,000원) / 낙지볶음 (13,000원) / 돼지불백비빔밥 (13,000원) / 부대찌개 (13,000원) / 불쌈냉면 (18,000원) / 야유회, 캠핑 및 가족모임 추천 (30,000원)","004_쌍다리돼지불백.png","C:\Users\Alfred\Desktop\백종원의 3대천왕\EP.01\004_쌍다리돼지불백.png"
"5","1","EP.01","5","송현불고기","전남 나주시","전남 나주시 건재로 193 (대호동 311-33)","전남 나주시 건재로 193","육류,고기요리","불고기 1인분(250g)","불고기 1인분(250g) (15,000원) / 공기밥 (1,000원)","005_송현불고기.png","C:\Users\Alfred\Desktop\백종원의 3대천왕\EP.01\005_송현불고기.png"
"6","1","EP.02","1","산골농원","경기 가평군","경기 가평군 설악면 어비산길99번길 75-7 (가일리 86-1)","경기 가평군 설악면 어비산길99번길 75-7","닭볶음탕","솥뚜껑전골","","001_산골농원.png","C:\Users\Alfred\Desktop\백종원의 3대천왕\EP.02\001_산골농원.png"
"7","1","EP.02","2","보광정가든","경기 양평군","경기 양평군 옥천면 용천로149번길 27 (용천리 220-3)","경기 양평군 옥천면 용천로149번길 27","한식","닭볶음탕","","002_보광정가든.png","C:\Users\Alfred\Desktop\백종원의 3대천왕\EP.02\002_보광정가든.png"
"8","1","EP.02","3","한영식당","대전 중구","대전 중구 계룡로874번길 6 (오류동 149-25)","대전 중구 계룡로874번길 6","닭요리","닭볶음탕(대)","닭볶음탕(대) (51,000원) / 닭볶음탕(소) (34,000원)","003_한영식당.png","C:\Users\Alfred\Desktop\백종원의 3대천왕\EP.02\003_한영식당.png"
"9","1","EP.02","4","계림식당","서울 종로구","서울 종로구 돈화문로4길 39 (종로3가 167)","서울 종로구 돈화문로4길 39","닭볶음탕","닭도리탕(소)","닭도리탕(소) (30,000원) / 닭도리탕(중) (42,000원) / 닭도리탕(대) (55,000원) / 볶음밥 (3,000원)","004_계림식당.png","C:\Users\Alfred\Desktop\백종원의 3대천왕\EP.02\004_계림식당.png"
"10","1","EP.03","1","달고떡볶이","대구 달서구","대구 달서구 야외음악당로39길 54 (두류동 486-2)","대구 달서구 야외음악당로39길 54","종합분식","떡볶이+만두","떡볶이+만두 (2,000원) / 떡볶이만 (2,000원) / 만두에 떡볶이 양념을 끼얹음 (2,000원) / 흰만두 6개 (1인분) (2,000원) / 순대 (1인분) (3,000원) / 찐계란 2알 (1,000원) / 사이다 (캔) (2,000원) / 콜라 (캔) (2,000원)","001_달고떡볶이.png","C:\Users\Alfred\Desktop\백종원의 3대천왕\EP.03\001_달고떡볶이.png"
"11","1","EP.03","2","윤옥연할매떡볶이","대구 수성구","대구 수성구 들안로77길 11 (수성동4가 1120-2)","대구 수성구 들안로77길 11","분식","떡볶이","떡볶이 (2,000원) / 만두4개 (1,000원) / 김밥 (3,000원) / 순대 (4,000원) / 오뎅3개 (1,000원) / 라면 (4,000원) / 사리 (1,500원)","002_윤옥연할매떡볶이.png","C:\Users\Alfred\Desktop\백종원의 3대천왕\EP.03\002_윤옥연할매떡볶이.png"
"12","1","EP.03","3","중앙떡볶이","대구 중구","대구 중구 동성로2길 81 (동성로2가 70-1)","대구 중구 동성로2길 81","종합분식","떡볶이","","003_중앙떡볶이.png","C:\Users\Alfred\Desktop\백종원의 3대천왕\EP.03\003_중앙떡볶이.png"
"13","1","EP.03","4","이가네떡볶이","부산 중구","부산 중구 부평1길 48 (부평동2가 16)","부산 중구 부평1길 48","떡볶이","떡볶이튀김세트","떡볶이튀김세트 (5,000원) / 떡3+오뎅2 (5,000원) / 튀김(1인분) (5,000원) / 핫도그 (1,000원) / 오뎅 3개 (3,000원)","004_이가네떡볶이.png","C:\Users\Alfred\Desktop\백종원의 3대천왕\EP.03\004_이가네떡볶이.png"
"14","1","EP.03","5","상국이네","부산 해운대구","부산 해운대구 구남로41번길 40-1 (중동 1394-42)","부산 해운대구 구남로41번길 40-1","종합분식","떡볶이","","005_상국이네.png","C:\Users\Alfred\Desktop\백종원의 3대천왕\EP.03\005_상국이네.png"
"15","1","EP.03","6","마포원조떡볶이","서울 마포구","서울 마포구 도화2길 3 (도화동 345-4)","서울 마포구 도화2길 3","떡볶이","떡볶이","떡볶이 (3,500원) / 순대 (3,500원) / 김밥 (3,500원) / 오뎅 3개 (1,000원) / 튀김3개 (2,000원) / 계란3개 (2,000원)","006_마포원조떡볶이.png","C:\Users\Alfred\Desktop\백종원의 3대천왕\EP.03\006_마포원조떡볶이.png"
"16","1","EP.03","7","쌀떡볶이나라","서울 성북구","서울 성북구 아리랑로 38 (동선동5가 141-2)","서울 성북구 아리랑로 38","떡볶이","쌀떡볶이","쌀떡볶이 (3,000원) / 김밥 (3,500원) / 라면 (3,500원) / 치즈떡볶이 (5,000원) / 튀김우동 (5,500원) / 라볶이 (5,500원) / 탕수육/새우탕수육 소 (6,500원) / 탕수육/새우탕수육 중 (9,500원) / 오뎅 (2,000원) / 계란 (2,000원) / 물오징어튀김 (3,500원) / 고구마튀김 (3,500원)","007_쌀떡볶이나라.png","C:\Users\Alfred\Desktop\백종원의 3대천왕\EP.03\007_쌀떡볶이나라.png"
"17","1","EP.04","1","에버그린","경기 안양시","경기 안양시 동안구 인덕원로 29-16 (관양동 1487-28)","경기 안양시 동안구 인덕원로 29-16","돈가스","에버그린돈까스 정식","에버그린돈까스 정식 (14,000원)","001_에버그린.png","C:\Users\Alfred\Desktop\백종원의 3대천왕\EP.04\001_에버그린.png"
"18","1","EP.04","2","미림돈까스","대구 중구","대구 중구 국채보상로93길 6 (대신동 138)","대구 중구 국채보상로93길 6","돈가스","돈까스 보통","돈까스 보통 (10,000원) / 돈까스 곱배기 (15,000원) / 생선까스 (15,000원) / 어묵우동 (8,000원) / 냄비우동 (5,000원) / 모밀국수(여름전용) (8,000원) / 맥주 (5,000원) / 음료수 (2,000원) / 공기밥 (1,000원)","002_미림돈까스.png","C:\Users\Alfred\Desktop\백종원의 3대천왕\EP.04\002_미림돈까스.png"
"19","1","EP.04","3","아줌마돈까스","대전 중구","대전 중구 충무로 124 (대사동 69-59)","대전 중구 충무로 124","돈가스","돈까스","","003_아줌마돈까스.png","C:\Users\Alfred\Desktop\백종원의 3대천왕\EP.04\003_아줌마돈까스.png"
"20","1","EP.04","4","박용채의대박터진돈까스","부산 북구","부산 북구 덕천로304번길 18 (만덕동 840-7)","부산 북구 덕천로304번길 18","돈가스","돈까스+밥","돈까스+밥 (14,000원) / 돈까스 (13,500원) / 쫀득 손수제비 (9,000원) / 쫄면 (10,000원)","004_박용채의대박터진돈까스.png","C:\Users\Alfred\Desktop\백종원의 3대천왕\EP.04\004_박용채의대박터진돈까스.png"
"21","1","EP.04","5","잉글랜드돈까스","인천 중구","인천 중구 우현로90번길 7 (인현동 26-8)","인천 중구 우현로90번길 7","돈가스","옛날 경양식돈가스 1981","옛날 경양식돈가스 1981 (13,000원) / 원조 경양식 치즈돈가스 (16,000원) / 반까스(돈까스+생선까스) (15,500원) / 부드럽고 고소한 생선까스 (15,000원) / 1981왕돈까스 (19,000원)","005_잉글랜드돈까스.png","C:\Users\Alfred\Desktop\백종원의 3대천왕\EP.04\005_잉글랜드돈까스.png"
"22","1","EP.05","1","벌집","강원 강릉시","강원 강릉시 경강로2069번길 15 (임당동 60-2)","강원 강릉시 경강로2069번길 15","한식","장.손칼국수","장.손칼국수 (9,000원) / 공기밥 (1,000원)","001_벌집.png","C:\Users\Alfred\Desktop\백종원의 3대천왕\EP.05\001_벌집.png"
"23","1","EP.05","2","현대장칼국수","강원 강릉시","강원 강릉시 임영로182번길 7-1 (임당동 187-11)","강원 강릉시 임영로182번길 7-1","칼국수,만두","장칼국수","장칼국수 (9,000원) / 현대장칼국수 신메뉴 옹심이장칼국수 입니다. (11,000원) / 맑은칼국수 (9,000원) / 장국밥 (9,000원) / 맑은국밥 (9,000원) / 장칼국수 곱배기 (10,000원) / 현대장칼국수 신메뉴 옹심이장칼국수 입니다. (12,000원) / 고기만두/김치만두/반반 (7,000원) / 공기밥 (1,000원) / 콜라/사이다 (2,000원)","002_현대장칼국수.png","C:\Users\Alfred\Desktop\백종원의 3대천왕\EP.05\002_현대장칼국수.png"
"24","1","EP.05","3","옛날손장칼국수","강원 춘천시","강원 춘천시 영서로 3045-3 (사농동 281-14)","강원 춘천시 영서로 3045-3","칼국수,만두","된장칼국수","","003_옛날손장칼국수.png","C:\Users\Alfred\Desktop\백종원의 3대천왕\EP.05\003_옛날손장칼국수.png"
"25","1","EP.05","4","공주분식","대전 중구","대전 중구 문창로 97 (문창동 37-2)","대전 중구 문창로 97","종합분식","칼국수","","004_공주분식.png","C:\Users\Alfred\Desktop\백종원의 3대천왕\EP.05\004_공주분식.png"
"26","1","EP.05","5","스마일칼국수","대전 중구","대전 중구 보문로230번길 82 (대흥동 440-1)","대전 중구 보문로230번길 82","칼국수,만두","비빔만두","비빔만두 (12,000원) / 고기김치전 (13,000원) / 수육 소 (20,000원) / 수육 대 (25,000원) / 손칼국수 (8,000원) / 김밥 2줄 (7,000원) / 손콩국수(여름) (9,000원) / 비빔손칼국수 (9,000원)","005_스마일칼국수.png","C:\Users\Alfred\Desktop\백종원의 3대천왕\EP.05\005_스마일칼국수.png"
"27","1","EP.06","1","골목안채","경기 남양주시","경기 남양주시 다산중앙로82번안길 131-32 (다산동 6174-12)","경기 남양주시 다산중앙로82번안길 131-32","한식","낙지볶음 소","낙지볶음 소 (25,900원) / 낙지볶음 중 (30,900원) / 낙지볶음 대 (36,900원) / 바지락칼국수 (10,900원) / 공기밥 (1,000원) / 진저에일 하이볼 (6,900원) / 연태 하이볼 (6,900원) / 얼그레이하이볼 (7,500원)","001_골목안채.png","C:\Users\Alfred\Desktop\백종원의 3대천왕\EP.06\001_골목안채.png"
"28","1","EP.06","2","소문난원조조방낙지","부산 동래구","부산 동래구 명륜로94번길 37 (명륜동 400-1)","부산 동래구 명륜로94번길 37","","낙지+곱창+새우+공기밥","낙지+곱창+새우+공기밥 (12,000원) / 낙지+새우+공기밥 (12,000원) / 낙지+곱창+공기밥 (12,000원) / 우동,당면,라면,감자면 (2,000원) / 낙지+공기밥 (11,000원) / 새우+공기밥 (13,000원) / 곱창+공기밥 (13,000원)","002_소문난원조조방낙지.png","C:\Users\Alfred\Desktop\백종원의 3대천왕\EP.06\002_소문난원조조방낙지.png"
"29","1","EP.06","3","원조할매낙지","부산 부산진구","부산 부산진구 골드테마길 10 (범천동 837-43)","부산 부산진구 골드테마길 10","낙지요리","낙지+밥","낙지+밥 (변동) / 낙지+새우+밥 (11,000원) / 낙지+곱창(소)+밥 (11,000원) / 낙+곱+새우(1인)+밥 (11,000원)","003_원조할매낙지.png","C:\Users\Alfred\Desktop\백종원의 3대천왕\EP.06\003_원조할매낙지.png"
"30","1","EP.06","4","서린낙지","서울 종로구","서울 종로구 종로 19 (청진동 24)","서울 종로구 종로 19","낙지요리","낙지볶음","낙지볶음 (26,000원) / 베이컨쏘세지구이 (19,000원) / 조개탕 (18,000원) / 계란말이 (8,500원) / 쏘세지추가 (10,000원) / 베이컨추가 (10,000원) / 공기밥 (1,000원)","004_서린낙지.png","C:\Users\Alfred\Desktop\백종원의 3대천왕\EP.06\004_서린낙지.png"
"31","1","EP.07","1","천황식당","경남 진주시","경남 진주시 촉석로207번길 3 (대안동 4-1)","경남 진주시 촉석로207번길 3","한식","부드러운 제철나물과 바다내음나는 보탕, 우리집 비법 고추장에 신선한 한우육회를 얹었습니다.","부드러운 제철나물과 바다내음나는 보탕, 우리집 비법 고추장에 신선한 한우육회를 얹었습니다. (13,000원) / 한우 불고기를 석쇠에 직화하여 그윽한 풍미가 있습니다. (30,000원) / 술안주 (50,000원) / 한우 육수 육전 수육 그리고 메밀로 정성을 다해 직접 제면합니다. (13,000원) / 오전 6시~9시까지 판매 (5,000원) / 소고기 그 자체 농후한 고기향기 한우 사태 양지 스지입니다 (30,000원) / 오직 한우 노란 달걀 옷 입으면 더 고소합니다 (30,000원)","001_천황식당.png","C:\Users\Alfred\Desktop\백종원의 3대천왕\EP.07\001_천황식당.png"
"32","1","EP.07","2","화랑식당","전남 함평군","전남 함평군 함평읍 시장길 96 (기각리 982-34)","전남 함평군 함평읍 시장길 96","비빔밥","육회비빔밥은 익혀서도 가능합니다. (같이 나오는 돼지비계는 취향에 따라 넣어드시면 됩니다)","육회비빔밥은 익혀서도 가능합니다. (같이 나오는 돼지비계는 취향에 따라 넣어드시면 됩니다) (13,000원) / 생고기 대(430g) (60,000원) / 새우살 (45,000원) / 2인분이상주문 (38,000원) / 2인분이상주문 (42,000원) / 육회양이 더 많이 들어갑니다 (18,000원) / 생고기 소(280g) (40,000원) / 육회 대(430g) (60,000원) / 육회 소(300g) (40,000원) / 육회 250 + 낙지탕탕이 (낙지시세에 따라 변동있음, 금어기 판매불가) (70,000원)","002_화랑식당.png","C:\Users\Alfred\Desktop\백종원의 3대천왕\EP.07\002_화랑식당.png"
"33","1","EP.07","3","시장비빔밥","전북 익산시","전북 익산시 황등면 황등7길 25-8 (황등리 584-14)","전북 익산시 황등면 황등7길 25-8","비빔밥","육회사리추가","육회사리추가 (10,000원) / 육회비빔밥 곱배기 (14,000원) / 육회비빔밥 보통 (11,000원) / 선지순대국밥 (9,000원) / 모듬순대 (10,000원) / 막걸리 3000 (4,000원)","003_시장비빔밥.png","C:\Users\Alfred\Desktop\백종원의 3대천왕\EP.07\003_시장비빔밥.png"
"34","1","EP.07","4","진미식당","전북 익산시","전북 익산시 황등면 황등로 158 (황등리 902-11)","전북 익산시 황등면 황등로 158","향토음식","사골국물에 토렴하는 황등식 비빈밥 직접 만든 고추장양념과 맛간장 양념!","사골국물에 토렴하는 황등식 비빈밥 직접 만든 고추장양념과 맛간장 양념! (14,000원) / 사골국물에 토렴하는 황등식 비빈밥 직접 만든 고추장양념과 맛간장 양념! (12,000원) / 토렴 소불고기 비빈밥(고추장) (11,000원) / 매운 음식 못 먹는 어린이식사 추천! (11,000원) / 순대 국밥 (9,000원) / 한우육회 (38,000원) / 날씬이고구마순대 (13,000원) / 선지국 (5,000원)","004_진미식당.png","C:\Users\Alfred\Desktop\백종원의 3대천왕\EP.07\004_진미식당.png"
"35","1","EP.08","1","양동통닭","광주 서구","광주 서구 천변좌로 260-1 (양동 5-106)","광주 서구 천변좌로 260-1","치킨,닭강정","화학 재료 및 인공 감미료를 넣지 않고, 국내 신선육과 여러 곡물 가루의 재료를 면실유에 요리하여 제공하고 있으며, 염지 및 카레가루가 들어가지 않은 저염식 통닭.","화학 재료 및 인공 감미료를 넣지 않고, 국내 신선육과 여러 곡물 가루의 재료를 면실유에 요리하여 제공하고 있으며, 염지 및 카레가루가 들어가지 않은 저염식 통닭. (23,000원) / 반반 치킨 (25,000원) / 기본 한 마리에 따라들어가는 똥집을 추가로 튀겨드려요 튀김옷X (8,000원) / 양념 치킨 (25,000원) / 후라이드 반마리 (15,000원) / 양념 반마리 (16,000원)","001_양동통닭.png","C:\Users\Alfred\Desktop\백종원의 3대천왕\EP.08\001_양동통닭.png"
"36","1","EP.08","2","희망통닭","부산 동래구","부산 동래구 명륜로98번길 94 (낙민동 259)","부산 동래구 명륜로98번길 94","치킨,닭강정","통구이","통구이 (23,000원) / 후라이드 (23,000원) / 양념통닭 (24,000원) / 반반통닭(후라이드반 양념반) (24,000원) / 반반통닭(후라이드반 고추간장반) (24,000원) / 순살후라이드 (25,000원) / 순살양념통닭 (26,000원) / 순살반반통닭(후라이드반 양념반) (26,000원) / 순살반반통닭(후라이드반 고추간장반) (26,000원) / 순살반반통닭(양념반 고추간장반) (26,000원) / 칠성사이다(1.25L) (3,000원) / 펩시콜라(1.25L) (3,000원) / 샐러드 (1,000원) / 펩시콜라 500ml (2,000원) / 칠성사이다 500ml (2,000원)","002_희망통닭.png","C:\Users\Alfred\Desktop\백종원의 3대천왕\EP.08\002_희망통닭.png"
"37","1","EP.08","3","거인통닭","부산 중구","부산 중구 중구로47번길 34 (부평동2가 11-2)","부산 중구 중구로47번길 34","치킨,닭강정","치킨","","003_거인통닭.png","C:\Users\Alfred\Desktop\백종원의 3대천왕\EP.08\003_거인통닭.png"
"38","1","EP.08","4","동우통닭","제주 제주시","제주 제주시 복지로 72 (도남동 642-1)","제주 제주시 복지로 72","치킨,닭강정","치킨","","004_동우통닭.png","C:\Users\Alfred\Desktop\백종원의 3대천왕\EP.08\004_동우통닭.png"
"39","1","EP.08","5","백양닭집","제주 제주시","제주 제주시 서문로6길 7 (용담1동 157-6)","제주 제주시 서문로6길 7","치킨,닭강정","당일생산한 제주산 닭고기와 새기름으로 갓튀겨낸 시장통닭","당일생산한 제주산 닭고기와 새기름으로 갓튀겨낸 시장통닭 (17,000원) / 직접만든 수제 소스 (1,000원)","005_백양닭집.png","C:\Users\Alfred\Desktop\백종원의 3대천왕\EP.08\005_백양닭집.png"
"40","1","EP.08","6","시골통닭","충남 부여군","충남 부여군 부여읍 중앙로5번길 14-9 (구아리 173)","충남 부여군 부여읍 중앙로5번길 14-9","치킨,닭강정","모래주머니 소","모래주머니 소 (8,000원) / 닭볶음탕 소 (30,000원) / 삼계탕 (15,000원) / 소 12000 (18,000원) / 닭계장 (8,000원) / 모래주머니-대 (15,000원) / 무뼈닭발 (15,000원) / 파닭 (19,000원) / 인삼튀김 (20,000원) / 닭볶음탕-대 (40,000원) / 시골찜닭 (30,000원) / 시골백숙 (55,000원) / 닭죽 (7,000원) / 통닭 소 (12,000원) / 냄비삼계탕 (16,000원)","006_시골통닭.png","C:\Users\Alfred\Desktop\백종원의 3대천왕\EP.08\006_시골통닭.png"
"41","1","EP.09","1","복성반점","부산 사하구","부산 사하구 하신중앙로 289 (하단동 605-38)","부산 사하구 하신중앙로 289","중식당","사천짜장","사천짜장 (11,000원) / 사천짬뽕 (12,000원) / 돈부리 (12,000원) / 오무라이스 (11,000원) / 삼선볶음밥 (12,000원) / 짜장면 (7,000원) / 짬뽕 (10,000원) / 기스면 (12,000원) / 볶음밥 (10,000원) / 짜장밥 (10,000원) / 잡채밥 (11,000원) / 군만두 (7,000원) / 우동 (10,000원) / 간짜장 (10,000원) / 울면 (10,000원)","001_복성반점.png","C:\Users\Alfred\Desktop\백종원의 3대천왕\EP.09\001_복성반점.png"
"42","1","EP.09","2","중화원","서울 은평구","서울 은평구 통일로66길 10-16 (불광동 281-128)","서울 은평구 통일로66길 10-16","중식당","짜장면","짜장면 (6,000원) / 면이 얇은것이 특징입니다. 약간 매워요. 매운걸 못 드시는 분들은 안맵게 주문해 주세요 (7,000원) / 볶음밥 (8,000원) / 해물누룽지탕 (25,000원) / 잡탕밥 (14,000원) / 삼선볶음밥 (10,000원) / 삼선짬뽕 (10,000원) / 삼선울면 (10,000원) / 삼선간짜장 (10,000원) / 탕수육 소 (16,000원) / 탕수육 중 (23,000원) / 양장피 (32,000원) / 팔보채 (32,000원) / 류산슬 (32,000원) / 유슬짜장 (7,000원)","002_중화원.png","C:\Users\Alfred\Desktop\백종원의 3대천왕\EP.09\002_중화원.png"
"43","1","EP.09","3","진미반점","전북 전주시","전북 전주시 덕진구 명주3길 19-2 (인후동2가 1551-2)","전북 전주시 덕진구 명주3길 19-2","중식당","된장해물짜장","된장해물짜장 (11,000원) / 된장해물짬뽕 (11,000원) / 해물물짜장 (10,000원) / 잡채밥 (10,000원) / 탕수육(소) (20,000원) / 된장쟁반해물짜장(2인) (24,000원) / 일반쟁반해물짜장(2인) (24,000원) / 된장차돌박이짜장 (14,000원) / 짜장 (7,000원) / 짬뽕 (9,000원) / 간짜장 (9,000원) / 해물우동 (10,000원) / 일반쟁반짜장(2인) (24,000원) / 차돌된장쟁반해물짜장(2인분) (32,000원) / 볶음밥 (9,000원) / 짬뽕밥 (10,000원) / 간짜장밥 (10,000원) / 된장짜장밥 (11,000원) / 미니 탕수육 (16,000원) / 탕수육(중) (25,000원) / 탕수육(대) (30,000원) / 미니 깐풍육 (20,000원) / 미니 탕수육+짜장면+짬뽕 (32,000원) / 미니 탕수육+된장짜장+된장짬뽕 (38,000원) / 미니 탕수육+일반쟁반자장2인분(2인분) (40,000원) / 미니 탕수육+된장쟁반자장2인분(2인분) (40,000원) / 미니 탕수육+잡채밥+볶음밥 (35,000원) / 미니 탕수육 + 된장짜장 (27,000원) / 미니 탕수육 +된장해물짬뽕 (27,000원) / 미니 탕수육 +해물물짜장 (26,000원) / 미니 탕수육 + 된장차돌박이짜장 (30,000원) / 미니 탕수육 +된장차돌박이짬뽕 (30,000원) / 탐스제로(오렌지)355ml (2,000원) / 펩시콜라제로(355ml) (2,000원) / 펩시콜라(355ml) (2,000원) / 칠성사이다(355ml) (2,000원) / 칠성사이다(500ml) (3,000원)","003_진미반점.png","C:\Users\Alfred\Desktop\백종원의 3대천왕\EP.09\003_진미반점.png"
"44","1","EP.09","4","양자강","전북 정읍시","전북 정읍시 우암로 57 (수성동 668-1)","전북 정읍시 우암로 57","중식당","비빔짬뽕","","004_양자강.png","C:\Users\Alfred\Desktop\백종원의 3대천왕\EP.09\004_양자강.png"
"45","1","EP.09","5","아서원","제주 서귀포시","제주 서귀포시 칠십리로 699 (하효동 876-6)","제주 서귀포시 칠십리로 699","중식당","곱 9500","곱 9500 (9,000원) / 짬뽕밥 (9,500원) / 곱 6500 (6,000원) / 곱 22000 (17,000원) / 만두 (5,000원)","005_아서원.png","C:\Users\Alfred\Desktop\백종원의 3대천왕\EP.09\005_아서원.png"
"46","1","EP.10","1","명천식당슈퍼","전북 김제시","전북 김제시 공덕면 청공로 680-1 (제말리 산3-5)","전북 김제시 공덕면 청공로 680-1","한식","제육볶음","제육볶음 (10,000원) / 생삼겹 (14,000원) / 갈비찜(4인) (48,000원) / 김치찌개 (8,000원)","001_명천식당슈퍼.png","C:\Users\Alfred\Desktop\백종원의 3대천왕\EP.10\001_명천식당슈퍼.png"
"47","1","EP.10","2","태광식당","제주 제주시","제주 제주시 탑동로 144 (용담일동 119)","제주 제주시 탑동로 144","한식","돼지주물럭식사","돼지주물럭식사 (12,000원) / 된장뚝배기 (15,000원) / 옥돔구이식사 (15,000원) / 한치물회식사 (20,000원) / 전복구이 (30,000원) / 한치불고기 (20,000원) / 꼼장어주물럭 (20,000원) / 소염통주물럭 (15,000원) / 한치물회 (30,000원) / 자리물회 (30,000원) / 소라물회 (30,000원) / 홍해삼물회 (30,000원) / 한치주물럭 (20,000원) / 돼지고기주물럭 (15,000원) / 자리물회식사 (15,000원)","002_태광식당.png","C:\Users\Alfred\Desktop\백종원의 3대천왕\EP.10\002_태광식당.png"
"48","1","EP.10","3","대추나무집","충북 청주시","충북 청주시 청원구 사천로18번길 5 (사천동 73-2)","충북 청주시 청원구 사천로18번길 5","한식","음료","음료 (2,000원) / 짜글 포장 2인분 (26,000원) / 수육1인분 (15,000원) / 갈비 짜글짜글찌개 (16,000원) / 촌돼지김치찌개 (14,000원) / 촌돼지짜글찌개 (14,000원) / 촌돼지수육(2인분) (26,000원) / 소주 (5,000원)","003_대추나무집.png","C:\Users\Alfred\Desktop\백종원의 3대천왕\EP.10\003_대추나무집.png"
"49","1","EP.10","4","보글보글촌","충북 청주시","충북 청주시 서원구 신율로 70-1 (개신동 511)","충북 청주시 서원구 신율로 70-1","한식","황태회냉면","황태회냉면 (8,000원) / 짜글짜글찌개 (12,000원) / 김치찌개 (12,000원) / 새뱅이찌개 (11,000원) / 홍굴부추칼국수 (8,000원) / 칡냉면 (7,000원)","004_보글보글촌.png","C:\Users\Alfred\Desktop\백종원의 3대천왕\EP.10\004_보글보글촌.png"
"50","1","EP.11","1","단골집","경남 밀양시","경남 밀양시 상설시장3길 18-16 (내일동 174-1)","경남 밀양시 상설시장3길 18-16","국밥","돼지국밥","","001_단골집.png","C:\Users\Alfred\Desktop\백종원의 3대천왕\EP.11\001_단골집.png"
"51","1","EP.11","2","재기돼지국밥","부산 영도구","부산 영도구 절영로49번길 25 (남항동1가 171-10)","부산 영도구 절영로49번길 25","국밥","돼지국밥","돼지국밥 (10,000원) / 순대국밥 (10,000원) / 섞어국밥 (10,000원) / 따로국밥 (11,000원) / 수육백반 (13,000원) / 수육 대 (35,000원) / 모듬수육 소 (25,000원) / 순대/내장/머리고기 대 (20,000원) / 순대/내장/머리고기 소 (10,000원) / 내장국밥 (10,000원)","002_재기돼지국밥.png","C:\Users\Alfred\Desktop\백종원의 3대천왕\EP.11\002_재기돼지국밥.png"
"52","1","EP.11","3","삼번집","전북 전주시","전북 전주시 완산구 풍남문1길 9-6 (전동 303-182)","전북 전주시 완산구 풍남문1길 9-6","국밥","콩나물국밥","콩나물국밥 (8,000원) / 오징어(무침)덮밥 (9,000원) / 오징어무침 (8,000원) / 오징어숙회 (8,000원) / 오징어쫑쫑이 (6,000원) / 모주 1잔 (2,000원) / 모주 1병 (12,000원) / 공기밥 (1,000원)","003_삼번집.png","C:\Users\Alfred\Desktop\백종원의 3대천왕\EP.11\003_삼번집.png"
"53","1","EP.11","4","한일식당","충남 예산군","충남 예산군 삽교읍 삽교역로 58 (신가리 20-14)","충남 예산군 삽교읍 삽교역로 58","생선구이","소머리국밥","","004_한일식당.png","C:\Users\Alfred\Desktop\백종원의 3대천왕\EP.11\004_한일식당.png"
"54","1","EP.12","1","호수식당","경기 동두천시","경기 동두천시 중앙로 312 (생연동 613-44)","경기 동두천시 중앙로 312","찌개,전골","여러 가지 햄 소세지가 쑥갓과 함께 국물맛을 개운하게 만들어 내는 최고의 맛 부대찌개","여러 가지 햄 소세지가 쑥갓과 함께 국물맛을 개운하게 만들어 내는 최고의 맛 부대찌개 (11,000원) / 여러가지 소세지와 햄을 양파와 같이 국물이 없이 볶아서 밥위에 얹어 덮밥 처럼 먹으면좋아요 (12,000원) / 쏘세지 햄 사리 (6,000원) / 소주 (5,000원)","001_호수식당.png","C:\Users\Alfred\Desktop\백종원의 3대천왕\EP.12\001_호수식당.png"
"55","1","EP.12","2","오뎅식당","경기 의정부시","경기 의정부시 호국로1309번길 7 (의정부동 220-58)","경기 의정부시 호국로1309번길 7","찌개,전골","대한민국 1호점 부대찌개 / 진한 국물맛! 의정부 부대찌개 혼자서도 푸짐한 부대찌개","대한민국 1호점 부대찌개 / 진한 국물맛! 의정부 부대찌개 혼자서도 푸짐한 부대찌개 (12,000원) / 부대찌개2인+모둠사리1+음료1 / 두 배로 즐기는 부대찌개 세트 둘이서 푸짐하게! (33,000원) / 부대찌개3인+모둠사리1+음료1 / 셋이 모여 즐기는 부대찌개 든든한 3인 부대찌개 세트 (44,000원) / 부대찌개4인+모둠사리1+라면사리1+음료2 / 가족 외식 추천! 4명이 즐기는 푸짐한 한상 (58,000원) / 불맛 가득 철판 부대볶음 매콤불향! 철판 부대볶음 / 1인분 주문가능 (15,000원) / 오뎅식당만의 소시지구이 / 공기밥X 탱글탱글 오뎅식당 소시지구이 (10,000원) / 온가족 추천 사이드메뉴 , 공기밥X / 촉촉함 가득 부드럽게 퍼지는 풍미 함박스테이크 (10,000원) / 체다치즈로 고소함2배 / 공기밥X (12,000원)","002_오뎅식당.png","C:\Users\Alfred\Desktop\백종원의 3대천왕\EP.12\002_오뎅식당.png"
"56","1","EP.12","3","김네집","경기 평택시","경기 평택시 중앙시장로25번길 15 (신장동 322-37)","경기 평택시 중앙시장로25번길 15","","송탄부대찌개","","003_김네집.png","C:\Users\Alfred\Desktop\백종원의 3대천왕\EP.12\003_김네집.png"
"57","1","EP.12","4","바다식당","서울 용산구","서울 용산구 이태원로 245 (한남동 738-24)","서울 용산구 이태원로 245","찌개,전골","존슨탕(2인분)","존슨탕(2인분) (24,000원) / 소고기쏘세지 (27,000원) / 돼지갈비바베큐(1인분) (18,000원) / 소갈비바베큐(1인분) (33,000원) / 정통T본스테이크(1인분) (35,000원) / 폭찹(1인분) (18,000원) / 칠면조쏘세지 (13,000원)","004_바다식당.png","C:\Users\Alfred\Desktop\백종원의 3대천왕\EP.12\004_바다식당.png"
"58","1","EP.12","5","비행장정문부대찌개","전북 군산시","전북 군산시 하나운안2길 14 (나운동 839-12)","전북 군산시 하나운안2길 14","찌개,전골","부대찌개","","005_비행장정문부대찌개.png","C:\Users\Alfred\Desktop\백종원의 3대천왕\EP.12\005_비행장정문부대찌개.png"
"59","1","EP.13","1","영월식당","강원 원주시","강원 원주시 감영길 77 (평원동 326-15)","강원 원주시 감영길 77","한식","직접 부쳐먹는 녹두빈대떡입니다","직접 부쳐먹는 녹두빈대떡입니다 (18,000원) / 주문 전 미리 전화로 예약하셔야 하는 메뉴입니다. (50,000원) / 돼지두부전골(2인이상) (10,000원) / 두부만두전골(2인이상) (11,000원) / 생삼겹살 200g (14,000원) / 얼큰한 두부전골 안주용 (19,000원) / 따뜻한 데친두부를 간장에 찍어드실 수 있습니다 (12,000원) / 들기름에 직접 부쳐먹는 두부구이 (12,000원) / 직접 뜬 비지장입니다 (9,000원) / 국물이 자작한 김치제육입니다 (10,000원) / 두부전골 (9,000원) / 순두부백반 (9,000원) / 된장찌개 (9,000원) / 청국장 (9,000원)","001_영월식당.png","C:\Users\Alfred\Desktop\백종원의 3대천왕\EP.13\001_영월식당.png"
"60","1","EP.13","2","메밀나라","강원 평창군","강원 평창군 평창읍 평창시장1길 8-1 (하리 55-11)","강원 평창군 평창읍 평창시장1길 8-1","전,빈대떡","다섯가지 전을 한번에 드실수있는 세트메뉴","다섯가지 전을 한번에 드실수있는 세트메뉴 (12,000원) / 메밀국수 (6,000원) / 메밀부치기 (3,000원) / 메밀전병 (3,000원) / 올챙이국수 (5,000원) / 메밀묵사발 (6,000원) / 고기만두국 (7,000원) / 김치만두국 (6,000원)","002_메밀나라.png","C:\Users\Alfred\Desktop\백종원의 3대천왕\EP.13\002_메밀나라.png"
"61","1","EP.13","3","원조광명할머니빈대떡","경기 광명시","경기 광명시 광이로13번길 21-5 (광명동 158-55)","경기 광명시 광이로13번길 21-5","전,빈대떡","빈대떡","","003_원조광명할머니빈대떡.png","C:\Users\Alfred\Desktop\백종원의 3대천왕\EP.13\003_원조광명할머니빈대떡.png"
"62","1","EP.13","4","동래할매파전","부산 동래구","부산 동래구 명륜로94번길 43-10 (복천동 367-2)","부산 동래구 명륜로94번길 43-10","전,빈대떡","뚜기상 A","뚜기상 A (40,000원) / 뚜미상 B (35,000원) / 동래파전(s) (28,000원) / 동래고동찜 (30,000원) / 골뱅이무침 (23,000원) / 더덕구이 (23,000원) / 영양묵무침 (18,000원) / 웃지지(웃기떡) (8,000원)","004_동래할매파전.png","C:\Users\Alfred\Desktop\백종원의 3대천왕\EP.13\004_동래할매파전.png"
"63","1","EP.13","5","소문난동래파전","부산 동래구","부산 동래구 금강공원로 55 (온천1동 208-8)","부산 동래구 금강공원로 55","전,빈대떡","동래파전","","005_소문난동래파전.png","C:\Users\Alfred\Desktop\백종원의 3대천왕\EP.13\005_소문난동래파전.png"
"64","1","EP.13","6","전주전집","서울 동작구","서울 동작구 동작대로7길 19 (사당동 1032-1)","서울 동작구 동작대로7길 19","전통,민속주점","동그랑땡7,깻잎전4,동태전5,새송이전4,두부전2,호박전6 총 6가지 전으로 구성된 전주전집 대표선수 입니다","동그랑땡7,깻잎전4,동태전5,새송이전4,두부전2,호박전6 총 6가지 전으로 구성된 전주전집 대표선수 입니다 (31,000원) / 소고기육전 (29,000원) / 새우 두마리를 한묽음으로 해서 총 20마리 10세트입니다 기존 알새우 16개에서 20마리 10세트로 변경되었습니다 (29,000원) / 홍어무침(안삭힘) (32,000원) / 꿀돼지삼겹전 (29,000원) / 동그랑땡 (24,000원) / 깻잎전 (24,000원) / 감자전 (24,000원) / 김치전 (24,000원) / 고추전 (24,000원) / 호박전 (22,000원) / 동태전에 가시는 있는부분도 있고 없는 부분도 있음을 양해부탁드립니다. (24,000원) / 해물파전은배달해서 드시면 아무리 바삭하게 익혀도 물이 생길수 있음을 미리 말씀드립니다ㅠ 최대한 정성썻 바삭 익혀드려요 (29,000원) / 홍어회(삭힘) (32,000원) / 모듬전+홍어무침(안삭힘) (63,000원) / 모듬전 + 소고기육전 (60,000원) / 모듬전 + 통통새우전 (60,000원) / 모듬전 + 홍어무침(안삭힘) + 소고기육전 (92,000원) / 모듬전 + 통통새우전 + 소고기육전 + 꿀돼지삼겹전 (118,000원) / 사이다 355ml (3,000원) / 콜라 355ml (3,000원) / 독도 모리미 (8,000원)","006_전주전집.png","C:\Users\Alfred\Desktop\백종원의 3대천왕\EP.13\006_전주전집.png"
"65","1","EP.14","1","왕가동해장","경기 평택시","경기 평택시 중앙로 137 (비전동 747-20)","경기 평택시 중앙로 137","중식당","불도장 1인(하루전예약)","불도장 1인(하루전예약) (40,000원) / 샥스핀 모르는분 없을뜻해요~♡ 저렴하게 드셔보세요~ (60,000원) / 2대사장님신아버님의 예술작품 (60,000원) / 표고향과 부추향의 만남 (새우속 or 고기속) (40,000원) / 해삼안에 새우살을채워 튀긴요리 (60,000원) / 가지튀김 小 7쪽 (20,000원) / 동해장 밤의황태자~ 단골들은 나를 이렇게 부르지~""너만있어도 소주10개먹어"" (40,000원) / 동해장에 터줏대감~ 말이 필요없지~ (40,000원) / 저렴하다고 무시하지마라~ 들어갈껀 다 들어갔다~ (40,000원) / 팔보채를 밥위에 올려놨다~ 식사류 중에 킹스맨~ 안주가 1%로 부족할때 절 찾아주세요~ (20,000원) / 나는 요리가 되고싶었다~~ (15,000원) / 다진소고기와 다진양파를 고추가루와 춘장으로 볶아넨 칼칼한 짜장~!! (10,000원) / 삼선짬뽕밥 (10,000원) / 해물좋아하시는 분들이라면~~필수메뉴~ (10,000원)","001_왕가동해장.png","C:\Users\Alfred\Desktop\백종원의 3대천왕\EP.14\001_왕가동해장.png"
"66","1","EP.14","2","화국반점","부산 중구","부산 중구 백산길 3 (동광동3가 2-6)","부산 중구 백산길 3","중식당","유니짜장","유니짜장 (8,000원) / 삼선짬뽕 (9,000원) / 삼선볶음밥 (9,000원) / 탕수육 (25,000원) / 유산슬 (35,000원)","002_화국반점.png","C:\Users\Alfred\Desktop\백종원의 3대천왕\EP.14\002_화국반점.png"
"67","1","EP.14","3","노벨반점","전북 전주시","전북 전주시 완산구 풍남문2길 100 (전동3가 56-4)","전북 전주시 완산구 풍남문2길 100","중식당","물짜장","물짜장 (9,000원) / 짜장면 (7,000원) / 간짜장 (8,000원) / 우동 (8,000원) / 볶음밥 (9,000원) / 짬뽕 (8,000원) / 잡채밥 (10,000원) / 잡채 (25,000원) / 군만두 (5,000원) / 울면 (9,000원) / 짜장밥 (9,000원) / 짬뽕밥 (9,000원) / 탕수육 (25,000원)","003_노벨반점.png","C:\Users\Alfred\Desktop\백종원의 3대천왕\EP.14\003_노벨반점.png"
"68","1","EP.14","4","한미반점","전북 전주시","전북 전주시 완산구 전주객사2길 21 (다가동3가 16)","전북 전주시 완산구 전주객사2길 21","중식당","간짜장","간짜장 (9,000원) / 물짜장 (9,000원) / 짬뽕밥 (9,000원) / 고추짬뽕 (10,000원) / 짜장면 (8,000원) / 짬뽕 (10,000원) / 탕수육 小 (15,000원) / 우동 (10,000원) / 울면 (9,000원) / 볶은밥 (10,000원)","004_한미반점.png","C:\Users\Alfred\Desktop\백종원의 3대천왕\EP.14\004_한미반점.png"
"69","1","EP.14","5","덕승관","충북 영동군","충북 영동군 황간면 소계로 5 (소계리 310-2)","충북 영동군 황간면 소계로 5","중식당","냉우동","냉우동 (11,000원) / 미니 탕수육 (10,000원) / 유니짜장 (7,000원) / 유니짜장 곱빼기 (8,000원) / 짬뽕 (9,000원) / 짬뽕 곱빼기 (9,500원) / 짬뽕밥 (9,000원) / 탕수육 소 (17,000원) / 탕수육 중 (25,000원) / 탕수육 대 (35,000원) / 군만두 (5,000원)","005_덕승관.png","C:\Users\Alfred\Desktop\백종원의 3대천왕\EP.14\005_덕승관.png"
"70","1","EP.15","1","진미통닭","강원 원주시","강원 원주시 우산로 66 (우산동 136-19)","강원 원주시 우산로 66","치킨,닭강정","양념치킨","양념치킨 (23,000원) / 양념추가시 (1000원) / 양념추가시 1000원 (21,000원) / 양념추가시 1,000원 추가 (22,000원) / 양냠추가시 (1,000원)","001_진미통닭.png","C:\Users\Alfred\Desktop\백종원의 3대천왕\EP.15\001_진미통닭.png"
"71","1","EP.15","2","주영자마늘닭","경북 의성군","경북 의성군 단촌면 장터길 14 (하화리 1123-5)","경북 의성군 단촌면 장터길 14","치킨,닭강정","마늘닭","마늘닭 (19,000원) / 소주 (3,000원) / 맥주 (3,000원) / 음료 (1,500원)","002_주영자마늘닭.png","C:\Users\Alfred\Desktop\백종원의 3대천왕\EP.15\002_주영자마늘닭.png"
"72","1","EP.15","3","뉴욕통닭","대구 중구","대구 중구 종로 12 (동성로3가 59-1)","대구 중구 종로 12","치킨,닭강정","후라이드치킨","후라이드치킨 (23,000원) / 양념치킨 (25,000원) / 찜닭 (32,000원) / 반반 (25,000원)","003_뉴욕통닭.png","C:\Users\Alfred\Desktop\백종원의 3대천왕\EP.15\003_뉴욕통닭.png"
"73","1","EP.15","4","신흥파닭","세종 조치원읍","세종 조치원읍 충현로 91 (신흥리 48-2)","세종 조치원읍 충현로 91","치킨,닭강정","파닭","","004_신흥파닭.png","C:\Users\Alfred\Desktop\백종원의 3대천왕\EP.15\004_신흥파닭.png"
"74","1","EP.15","5","풍미통닭","전남 순천시","전남 순천시 성남뒷길 3 (장천동 19-16)","전남 순천시 성남뒷길 3","치킨,닭강정","마늘치킨","","005_풍미통닭.png","C:\Users\Alfred\Desktop\백종원의 3대천왕\EP.15\005_풍미통닭.png"
"75","1","EP.16","1","대동할매국수","경남 김해시","경남 김해시 대동면 동남로45번길 8 (초정리 952-25)","경남 김해시 대동면 동남로45번길 8","국수","물국수","물국수 (6,000원) / 물국수(곱빼기) (7,000원) / 비빔국수 (7,000원) / 비빔국수(곱빼기) (8,000원) / 유부초밥 (4,000원)","001_대동할매국수.png","C:\Users\Alfred\Desktop\백종원의 3대천왕\EP.16\001_대동할매국수.png"
"76","1","EP.16","2","옛날진미국수","전남 담양군","전남 담양군 담양읍 객사3길 26 (객사리 211-5)","전남 담양군 담양읍 객사3길 26","국수","멸치국수","","002_옛날진미국수.png","C:\Users\Alfred\Desktop\백종원의 3대천왕\EP.16\002_옛날진미국수.png"
"77","1","EP.16","3","골막식당","제주 제주시","제주 제주시 천수로 12 (이도2동 362-1)","제주 제주시 천수로 12","국수","고기국수","고기국수 (9,000원) / 고기국수곱배기 (10,000원) / 비빔국수 (10,000원) / 수육 (22,000원)","003_골막식당.png","C:\Users\Alfred\Desktop\백종원의 3대천왕\EP.16\003_골막식당.png"
"78","1","EP.16","4","장수물식당","제주 제주시","제주 제주시 연문2길 18 (연동 310-79)","제주 제주시 연문2길 18","국수","고기국수","고기국수 (9,000원) / 돔베고기 (30,000원)","004_장수물식당.png","C:\Users\Alfred\Desktop\백종원의 3대천왕\EP.16\004_장수물식당.png"
"79","1","EP.16","5","찐한식당","충북 옥천군","충북 옥천군 청산면 지전길 14 (교평리 257-5)","충북 옥천군 청산면 지전길 14","해물,생선요리","곱배기 9,000","곱배기 9,000 (8,000원) / 도리뱅뱅 대 (20,000원) / 도리뱅뱅 소 (10,000원) / 생선튀김 대 (20,000원) / 생선튀김 소 (10,000원) / 계절 특선 (30,000원)","005_찐한식당.png","C:\Users\Alfred\Desktop\백종원의 3대천왕\EP.16\005_찐한식당.png"
"80","1","EP.17","1","고향김밥","경기 구리시","경기 구리시 경춘로 218-5 (수택동 404-14)","경기 구리시 경춘로 218-5","김밥","오므라이스","오므라이스 (8,500원) / 원조김밥 (4,000원) / 등심,치즈,피자,고구마,치킨돈가스 (8,500원) / 신/너구리/자파게티 (4,500원) / 돌솥비빔밥 (10,000원) / 돈가스정식 (11,500원) / 김치/누드/치즈/샐러드/땡초김밥 (5,000원) / 매콤참치/소불고기김밥 (5,000원) / 참치/김치/폭탄/참치김치/스팸주먹밥 (3,500원) / 오징어.고구마 야채 3개 (3,000원) / 김치/떡/치즈라면 (5,500원) / 떡만두/부대/오뎅라면 (6,000원) / 김치볶음밥 (8,500원) / 물/비빔냉면(여름) (7,000원) / 콩국수(여름) (7,000원)","001_고향김밥.png","C:\Users\Alfred\Desktop\백종원의 3대천왕\EP.17\001_고향김밥.png"
"81","1","EP.17","2","만드기골목","경기 평택시","경기 평택시 안중읍 안중로 129 (안중리 292-7)","경기 평택시 안중읍 안중로 129","종합분식","떡볶이","떡볶이 (4,500원) / 순대 (5,000원) / 모듬튀김 1인 (4,600원) / 즉석떡볶이 (9,000원) / 고추튀김 (1,000원)","002_만드기골목.png","C:\Users\Alfred\Desktop\백종원의 3대천왕\EP.17\002_만드기골목.png"
"82","1","EP.17","3","신토불이떡볶이","서울 광진구","서울 광진구 자양로43길 42 (구의동 52-17)","서울 광진구 자양로43길 42","떡볶이","2인 기본","2인 기본 (8,000원) / 3인 기본 (12,000원) / 떡1인분+만두1+어묵1 (4,000원) / 떡1인분+만두1+어묵1+계란1+핫도그1 (7,000원) / 떡2인분+만두2+어묵2+계란2+핫도그1 (11,500원) / 떡3인분+만두3+어묵3+계란3+핫도그2 (18,000원) / 만두(2개) (1,500원) / 달걀(2개) (1,500원) / 어묵(2개) (1,500원) / 핫도그 (2,000원) / 탄산음료 (2,000원)","003_신토불이떡볶이.png","C:\Users\Alfred\Desktop\백종원의 3대천왕\EP.17\003_신토불이떡볶이.png"
"83","1","EP.17","4","달인꽈배기","서울 서대문구","서울 서대문구 통일로 205-3 (영천동 288)","서울 서대문구 통일로 205-3","베이커리","꽈배기3개","꽈배기3개 (1,000원) / 찹쌀도너츠5개 (1,000원) / 팥도너츠3개 (2,000원) / 꽈배기 소(선물포장) (15,000원) / 꽈배기 중(선물포장) (20,000원) / 꽈배기 대(선물포장) (33,000원)","004_달인꽈배기.png","C:\Users\Alfred\Desktop\백종원의 3대천왕\EP.17\004_달인꽈배기.png"
"84","1","EP.17","5","영천시장 원조떡볶이","서울 서대문구","서울 서대문구 통일로 205-5 (영천동 290)","서울 서대문구 통일로 205-5","","떡볶이","","005_영천시장 원조떡볶이.png","C:\Users\Alfred\Desktop\백종원의 3대천왕\EP.17\005_영천시장 원조떡볶이.png"
"85","1","EP.17","6","안젤라분식","전북 군산시","전북 군산시 구영5길 118-14 (영화동 18-4)","전북 군산시 구영5길 118-14","종합분식","떡볶이","","006_안젤라분식.png","C:\Users\Alfred\Desktop\백종원의 3대천왕\EP.17\006_안젤라분식.png"
"86","1","EP.18","1","석양삼겹살","경남 창원시","경남 창원시 마산합포구 구산면 해양관광로 1393 (내포리 51)","경남 창원시 마산합포구 구산면 해양관광로 1393","돼지고기구이","200g","200g (18,000원) / 400g + 1마리 (41,000원) / 숙성삽겹살400g+버터새우5마리+갑오징어1마리 (58,000원) / 10마리 (35,000원) / 1마리 (5,000원) / 해물된장찌개 (5,000원) / 흑미찹쌀밥 (2,000원) / 육개장외 다른라면 들고오셔도됩니다. 온수사용가능합니다. (1,500원) / 맥주/소주 (4,000원) / 음료 (2,000원) / 구슬아이스크림 (3,000원)","001_석양삼겹살.png","C:\Users\Alfred\Desktop\백종원의 3대천왕\EP.18\001_석양삼겹살.png"
"87","1","EP.18","2","남도식당","서울 종로구","서울 종로구 종로3길 42 (청진동 204-1)","서울 종로구 종로3길 42","중식당","고추장삼겹살","","002_남도식당.png","C:\Users\Alfred\Desktop\백종원의 3대천왕\EP.18\002_남도식당.png"
"88","1","EP.18","3","형제정육식당","전남 순천시","전남 순천시 황전면 괴목길 10 (괴목리 41-3)","전남 순천시 황전면 괴목길 10","정육식당","삼겹살(170g)","삼겹살(170g) (13,000원) / 볶음밥 (4,000원)","003_형제정육식당.png","C:\Users\Alfred\Desktop\백종원의 3대천왕\EP.18\003_형제정육식당.png"
"89","1","EP.18","4","성읍칠십리식당","제주 서귀포시","제주 서귀포시 표선면 성읍정의현로 74 (성읍리 580)","제주 서귀포시 표선면 성읍정의현로 74","돼지고기구이","제주의 햇살을 머금은 감귤나무와 감귤로 천천히 구워 더욱 맛있는 제주 흑돼지","제주의 햇살을 머금은 감귤나무와 감귤로 천천히 구워 더욱 맛있는 제주 흑돼지 (15,000원) / 3대천왕에서 인정받은 칠십리만의 감귤나무와 감귤초벌로 더해진 고사리 흑돼지 삼겹살 (20,000원) / 꿩 + 감자(전분) + 국수’의 조합으로, 제주의 로컬 별미국수 (9,000원) / 칠십리만의 레시피로 볶아내는 환상의 볶음밥 (5,000원) / 제주막걸리 (4,000원) / 공기밥 (1,000원)","004_성읍칠십리식당.png","C:\Users\Alfred\Desktop\백종원의 3대천왕\EP.18\004_성읍칠십리식당.png"
"90","1","EP.18","5","한라식당","제주 서귀포시","제주 서귀포시 표선면 성읍정의현로22번길 8 (성읍리 855-3)","제주 서귀포시 표선면 성읍정의현로22번길 8","한식","흑돼지주물럭(제주산)","흑돼지주물럭(제주산) (11,000원) / 🧊좁쌀막걸리 (6,000원) / 🌈쑥빈대떡 (6,000원) / 🐷흑돼지오겹살(제주산) (22,000원) / 🐟옥돔구이(제주산) (25,000원)","005_한라식당.png","C:\Users\Alfred\Desktop\백종원의 3대천왕\EP.18\005_한라식당.png"
"91","1","EP.19","1","원조부산족발","부산 중구","부산 중구 광복로 13-1 (부평동1가 35-3)","부산 중구 광복로 13-1","족발,보쌈","족발 소","족발 소 (35,000원) / 냉채 중 (40,000원) / 장육 중 (40,000원) / 족발 중 (40,000원) / 족발 대 (50,000원) / 족발 특대 (60,000원) / 냉채 소 (35,000원) / 냉채 대 (50,000원) / 냉채 특 (60,000원) / 장육 소 (35,000원) / 장육 대 (50,000원) / 장육 특 (60,000원) / 돌솥밥 (5,000원) / 된장찌개 (4,000원)","001_원조부산족발.png","C:\Users\Alfred\Desktop\백종원의 3대천왕\EP.19\001_원조부산족발.png"
"92","1","EP.19","2","영동족발","서울 서초구","서울 서초구 남부순환로358길 8 (양재동 1-4)","서울 서초구 남부순환로358길 8","족발,보쌈","족발","","002_영동족발.png","C:\Users\Alfred\Desktop\백종원의 3대천왕\EP.19\002_영동족발.png"
"93","1","EP.19","3","옥천매운족발","서울 종로구","서울 종로구 종로51나길 23 (창신동 142-27)","서울 종로구 종로51나길 23","족발,보쌈","물/비빔냉면","물/비빔냉면 (6,000원) / 막국수 (6,000원) / 반반족발 뒷다리 중 (34,000원) / 반반족발 앞다리 대 (38,000원) / 한방미니족발 (21,000원) / 살코기 매운족발 앞다리대 (38,000원) / 살코기매운족발 뒷다리 중 (34,000원) / 육회 (20,000원) / 매운미니족발 대 (30,000원) / 매운미니족발 중 (26,000원) / 무뼈닭발 (14,000원) / 매운삼겹살 (14,000원) / 계란찜 (2,000원) / 매운족발 앞다리 (38,000원) / 매운족발 뒷다리 (34,000원)","003_옥천매운족발.png","C:\Users\Alfred\Desktop\백종원의 3대천왕\EP.19\003_옥천매운족발.png"
"94","1","EP.19","4","평안도족발집","서울 중구","서울 중구 장충단로 174-6 (장충동1가 62-16)","서울 중구 장충단로 174-6","족발,보쌈","동치미포장비","동치미포장비 (1,000원) / 족발(특대) (60,000원) / 족발(대) (50,000원) / 족발(중) (40,000원) / 족발(소) (30,000원) / 빈대떡 (8,000원) / 막국수 (8,000원)","004_평안도족발집.png","C:\Users\Alfred\Desktop\백종원의 3대천왕\EP.19\004_평안도족발집.png"
"95","1","EP.19","5","유명한꼬마족발","충북 청주시","충북 청주시 상당구 상당로3번길 2 (석교동 492)","충북 청주시 상당구 상당로3번길 2","족발,보쌈","족발","","005_유명한꼬마족발.png","C:\Users\Alfred\Desktop\백종원의 3대천왕\EP.19\005_유명한꼬마족발.png"
"96","2","EP.20","1","용바위식당","강원 인제군","강원 인제군 북면 진부령로 107 (용대리 71-3)","강원 인제군 북면 진부령로 107","해물,생선요리","황태구이정식","황태구이정식 (16,000원) / 황태국밥 (10,000원) / 청국장 (10,000원) / 도토리묵 (14,000원) / 감자전 (14,000원) / 메밀전병 (14,000원) / 황태구이 (7,000원) / 인제막걸리 (4,000원) / 옥수수막걸리 (4,000원) / 더덕 생동동주 (5,000원) / 메밀꽃 생동동주 (5,000원)","001_용바위식당.png","C:\Users\Alfred\Desktop\백종원의 3대천왕\EP.20\001_용바위식당.png"
"97","2","EP.20","2","유치회관","경기 수원시","경기 수원시 팔달구 효원로292번길 67 (인계동 1132-4)","경기 수원시 팔달구 효원로292번길 67","해장국","해장국","해장국 (12,000원) / 수육 (40,000원) / 수육무침 (40,000원) / 소주 (5,000원)","002_유치회관.png","C:\Users\Alfred\Desktop\백종원의 3대천왕\EP.20\002_유치회관.png"
"98","2","EP.20","3","창성옥","서울 용산구","서울 용산구 새창로 124-10 (용문동 25-16)","서울 용산구 새창로 124-10","한식","사골 육수에 소뼈 선지 배추가 들어가 단백질,칼슘,식이섬유등이 풍부한 건강 음식입니다","사골 육수에 소뼈 선지 배추가 들어가 단백질,칼슘,식이섬유등이 풍부한 건강 음식입니다 (11,000원) / 해장국과 들어가는 재료는 같으며, 좀 더 얼큰하게 청양고추를 넣어 술안주로 따뜻하게 드실수 (32,000원) / 뼈전골 대 (43,000원) / 해장국 포장 (중) (16,000원) / 해장국 포장 (대) (22,000원) / 선지우거지추가 (5,000원) / 전골 뼈추가 (11,000원)","003_창성옥.png","C:\Users\Alfred\Desktop\백종원의 3대천왕\EP.20\003_창성옥.png"
"99","2","EP.20","4","한성옥해장국","서울 용산구","서울 용산구 백범로 283 (효창동 81-1)","서울 용산구 백범로 283","","해장국","","004_한성옥해장국.png","C:\Users\Alfred\Desktop\백종원의 3대천왕\EP.20\004_한성옥해장국.png"
"100","2","EP.20","5","해남해장국","전남 목포시","전남 목포시 삼학로18번길 2-2 (상락동1가 2-5)","전남 목포시 삼학로18번길 2-2","해장국","돼지뼤해장국","돼지뼤해장국 (13,000원) / 국내산 돼지뼈 (20,000원) / 전복추가 (4,000원) / 국내산 완도 전복 (13,000원)","005_해남해장국.png","C:\Users\Alfred\Desktop\백종원의 3대천왕\EP.20\005_해남해장국.png"
"101","2","EP.22","1","윤대감참숯등갈비","경기 군포시","경기 군포시 당동로 22 (당동 769-27)","경기 군포시 당동로 22","돼지고기구이","양념이 안되어있는 소금 구이입니다.","양념이 안되어있는 소금 구이입니다. (17,000원) / 간장양념 구이입니다. (17,000원) / 맛이 좋아요 등갈비가 초벌 시간이 있어 처음에 시켜서 먼저 드시는걸 추천합니다! (8,000원) / 잔치국수 (5,000원) / 기본으로 하나 나오고 추가시 천원입니다! (1,000원)","001_윤대감참숯등갈비.png","C:\Users\Alfred\Desktop\백종원의 3대천왕\EP.22\001_윤대감참숯등갈비.png"
"102","2","EP.22","2","호남식당","서울 중구","서울 중구 퇴계로41길 9 (충무로4가 127-16)","서울 중구 퇴계로41길 9","육류,고기요리","야채찜돼지갈비","야채찜돼지갈비 (14,000원) / 돼지갈비 (12,000원) / 충무로 돼지물갈비 (15,000원) / 볶음밥 1공기 (5,000원) / 셀프볶음밥 1공기 (2,000원)","002_호남식당.png","C:\Users\Alfred\Desktop\백종원의 3대천왕\EP.22\002_호남식당.png"
"103","2","EP.22","3","부암갈비","인천 남동구","인천 남동구 용천로 149 (간석동 130-12)","인천 남동구 용천로 149","육류,고기요리","돼지생갈비(200g)","돼지생갈비(200g) (19,000원) / 된장찌개 (1,000원) / 젓갈볶음밥 (3,000원) / 계란추가 (2,000원)","003_부암갈비.png","C:\Users\Alfred\Desktop\백종원의 3대천왕\EP.22\003_부암갈비.png"
"104","2","EP.22","4","승일식당","전남 담양군","전남 담양군 담양읍 중앙로 98-1 (객사리 226-1)","전남 담양군 담양읍 중앙로 98-1","육류,고기요리","숯불갈비","","004_승일식당.png","C:\Users\Alfred\Desktop\백종원의 3대천왕\EP.22\004_승일식당.png"
"105","2","EP.22","5","남들갈비","충북 청주시","충북 청주시 서원구 청남로2133번길 8 (모충동 120-15)","충북 청주시 서원구 청남로2133번길 8","육류,고기요리","기본 2인분 부터 주문가능","기본 2인분 부터 주문가능 (15,000원) / 잔치국수 / 동치미국수 (5,000원)","005_남들갈비.png","C:\Users\Alfred\Desktop\백종원의 3대천왕\EP.22\005_남들갈비.png"
"106","2","EP.23","1","개천식당","대전 동구","대전 동구 대전로779번길 39-2 (원동 62-12)","대전 동구 대전로779번길 39-2","만두","부추만두튀김","부추만두튀김 (7,000원) / 만두국 (8,000원) / 떡만두국(1인분) (8,000원) / 갈비탕(1인분) (11,000원) / 국밥(1인분) (8,000원) / 떡국(1인분) (8,000원) / 개천만두 (7,000원) / 부추고기만두 (7,000원) / 콜라 (2,000원) / 사이다 (2,000원)","001_개천식당.png","C:\Users\Alfred\Desktop\백종원의 3대천왕\EP.23\001_개천식당.png"
"107","2","EP.23","2","신발원","부산 동구","부산 동구 대영로243번길 62 (초량동 561-1)","부산 동구 대영로243번길 62","딤섬,중식만두","얇은 만두피에 신선한 백새우를 곱게 다져넣은 만두로, 새우의 감칠맛이 그대로 살아있는 만두","얇은 만두피에 신선한 백새우를 곱게 다져넣은 만두로, 새우의 감칠맛이 그대로 살아있는 만두 (4,000원) / 높은 고기함량과 육즙을 머금는 발효피로 만들어져 찐한 고기향을 느낄 수 있는 신발원의 대표메뉴 (4,500원) / 신선한 부추와 탱탱한 당면이 입안 가득 씹히는 신발원에서 본 적 없는 새로운 스타일의 메뉴 (5,000원) / 고기와 야채로 빵빵하게 속을 채우고 튀겨, 고소한 맛과 바삭한 식감으로 단번에 입맛을 사로잡는 메뉴 (5,300원) / 만두 속에 통째로 들어간 새우가 큼직하고 통통하게 씹혀 인기가 많은 메뉴 (6,500원) / 한 번 먹으면 또 찾게 만드는 담백한 맛으로, 신선한 부추향이 일품! (4,500원)","002_신발원.png","C:\Users\Alfred\Desktop\백종원의 3대천왕\EP.23\002_신발원.png"
"108","2","EP.23","3","고려당","전북 익산시","전북 익산시 중앙로 52 (갈산동 25)","전북 익산시 중앙로 52","종합분식","찐빵","","003_고려당.png","C:\Users\Alfred\Desktop\백종원의 3대천왕\EP.23\003_고려당.png"
"109","2","EP.23","4","고추만두국집","충북 청주시","충북 청주시 상당구 사직대로350번길 61 (서문동 80-5)","충북 청주시 상당구 사직대로350번길 61","만두","얼큰만두국","","004_고추만두국집.png","C:\Users\Alfred\Desktop\백종원의 3대천왕\EP.23\004_고추만두국집.png"
"110","2","EP.23","5","대우분식","충북 충주시","충북 충주시 공설시장길 13 (봉방동 773-2)","충북 충주시 공설시장길 13","종합분식","감자만두","","005_대우분식.png","C:\Users\Alfred\Desktop\백종원의 3대천왕\EP.23\005_대우분식.png"
"111","2","EP.24","1","중앙식당","경기 용인시","경기 용인시 처인구 백암면 근창로 13 (백암리 447-10)","경기 용인시 처인구 백암면 근창로 13","순대,순댓국","순대국","순대국 (9,000원) / 순대(소) (10,000원) / 모듬순대(대) (15,000원) / 순대국 특 (10,000원)","001_중앙식당.png","C:\Users\Alfred\Desktop\백종원의 3대천왕\EP.24\001_중앙식당.png"
"112","2","EP.24","2","돈암순대","서울 성북구","서울 성북구 동소문로18길 12 (동소문동5가 63-3)","서울 성북구 동소문로18길 12","순대,순댓국","야채김밥","야채김밥 (3,000원) / 치즈김밥 (3,500원) / 순대 (5,000원) / 참치김밥 (4,000원) / 매운김밥 (4,000원) / 모듬(순대+야채김밥) (5,000원) / 떡볶이 (3,500원) / 내장만 (7,000원)","002_돈암순대.png","C:\Users\Alfred\Desktop\백종원의 3대천왕\EP.24\002_돈암순대.png"
"113","2","EP.24","3","거목순대국밥","전남 순천시","전남 순천시 장평로 50 (풍덕동 1265-5)","전남 순천시 장평로 50","국밥","순대국밥","순대국밥 (11,000원) / 국밥 (10,000원)","003_거목순대국밥.png","C:\Users\Alfred\Desktop\백종원의 3대천왕\EP.24\003_거목순대국밥.png"
"114","2","EP.24","4","정순순대","전북 익산시","전북 익산시 중앙로1길 24-9 (창인동1가 103-2)","전북 익산시 중앙로1길 24-9","순대,순댓국","피순대","","004_정순순대.png","C:\Users\Alfred\Desktop\백종원의 3대천왕\EP.24\004_정순순대.png"
"115","2","EP.24","5","박순자 아우내순대","충남 천안시","충남 천안시 동남구 병천면 아우내순대길 47 (병천리 173-6)","충남 천안시 동남구 병천면 아우내순대길 47","순대,순댓국","순대국밥","순대국밥 (10,000원) / 모둠순대 (16,000원) / 순대만국밥 (10,000원) / 내장만국밥 (10,000원) / 순대만한접시 (16,000원) / 내장만한접시 (18,000원)","005_박순자 아우내순대.png","C:\Users\Alfred\Desktop\백종원의 3대천왕\EP.24\005_박순자 아우내순대.png"
"116","2","EP.25","1","금용","부산 부산진구","부산 부산진구 중앙대로702번길 17-1 (부전2동 168-184)","부산 부산진구 중앙대로702번길 17-1","중식당","탕수육(중)","탕수육(중) (24,000원) / 탕수육(대) (34,000원) / 유산슬(중) (32,000원) / 유산슬(대) (42,000원) / 오향장육(중) (25,000원) / 탕수육세트(2인) (23,000원) / 유산슬세트(2인) (32,000원)","001_금용.png","C:\Users\Alfred\Desktop\백종원의 3대천왕\EP.25\001_금용.png"
"117","2","EP.25","2","경성양육관","서울 광진구","서울 광진구 동일로18길 52 (자양동 11-12)","서울 광진구 동일로18길 52","양꼬치","20년이상의 경성양육관만의 노하우로 잡내 없이 즐길 수 있는 양꼬치 (매출 1위)","20년이상의 경성양육관만의 노하우로 잡내 없이 즐길 수 있는 양꼬치 (매출 1위) (16,000원) / 경성양육관 HOT한 맛을 느낄수있는 마라 양갈비 꼬치 (매출 2위) (17,000원) / 경성양육관의 쫄깃한 별미 메뉴 양갈비살 (매출 3위) (25,000원) / 담백한 맛의 끝판왕 경성양육관 양목살꼬치 (19,000원) / 어떤 매장보다 부드럽고 담백한 소갈비살 (20,000원) / 20년이상의 노하우로 잡내를 완벽하게 잡은 건대 1위 고급양갈비 (35,000원) / 백종원이 극찬한 겉바속촉 경성양육관 특제 소스로 만든 꿔바로우 (20,000원) / 10년 경력 주방장의 특별한 조리법으로 만든 매콤달콤한 칠리새우 (22,000원) / 10년 경력 주방장의 특별한 조리법으로 만든 취향저격 달콤한 크림새우 (22,000원) / 재료를 아낌없이 넣은 경성양육관의 마라탕 (12,000원) / 양깃머리 (23,000원) / 향라육사 (20,000원) / 어향육사 (20,000원) / 마라소고기채 (23,000원) / 소고기고추볶음 (25,000원)","002_경성양육관.png","C:\Users\Alfred\Desktop\백종원의 3대천왕\EP.25\002_경성양육관.png"
"118","2","EP.25","3","경방루","전북 남원시","전북 남원시 광한북로 29 (금동 10-3)","전북 남원시 광한북로 29","중식당","경 코스(4인부터)","경 코스(4인부터) (38,000원) / 방 코스(4인부터) (50,000원) / 루 코스(6인부터) (60,000원) / 스페셜 코스(8인부터) (70,000원) / 짜장면 (8,000원) / 우동/간짜장/짬뽕 (9,000원) / 삼선간짜장/삼선짬뽕/물짜장/굴짬뽕/사천짜장 (12,000원) / 쟁반짜장(기본2인) (24,000원) / 볶음밥/짬뽕밥 (10,000원) / 잡채밥 (11,000원) / 삼선짬뽕밥/굴짬뽕밥 (12,000원) / 삼선볶음밥 (12,000원) / 잡탕밥 (18,000원) / 자연송이밥/해삼탕밥 (29,000원)","003_경방루.png","C:\Users\Alfred\Desktop\백종원의 3대천왕\EP.25\003_경방루.png"
"119","2","EP.25","4","향미식당","충북 단양군","충북 단양군 매포읍 평동4길 5 (평동리 124-8)","충북 단양군 매포읍 평동4길 5","중식당","탕수육","","004_향미식당.png","C:\Users\Alfred\Desktop\백종원의 3대천왕\EP.25\004_향미식당.png"
"120","2","EP.26","1","백촌막국수","강원 고성군","강원 고성군 토성면 백촌1길 10 (백촌리 162)","강원 고성군 토성면 백촌1길 10","막국수","막국수","","001_백촌막국수.png","C:\Users\Alfred\Desktop\백종원의 3대천왕\EP.26\001_백촌막국수.png"
"121","2","EP.26","2","생곡막국수","강원 홍천군","강원 홍천군 서석면 군두리길 310 (생곡리 694)","강원 홍천군 서석면 군두리길 310","막국수","메밀막국수","메밀막국수 (10,000원) / 감자전 (15,000원) / 촌두부 (10,000원) / 수육 (23,000원) / 메밀왕만두 (10,000원) / 겨울철 별미 시원한 동동주 (8,000원) / 감자옹심이 (겨울메뉴) (11,000원) / 옹심이메밀칼국수(겨울메뉴) (10,000원)","002_생곡막국수.png","C:\Users\Alfred\Desktop\백종원의 3대천왕\EP.26\002_생곡막국수.png"
"122","2","EP.26","3","동곡할매손칼국수","대구 달성군","대구 달성군 하빈면 달구벌대로55길 97-5 (동곡리 125-8)","대구 달성군 하빈면 달구벌대로55길 97-5","칼국수,만두","손국수","손국수 (8,000원) / 수육 (17,000원) / 콩국수 (10,000원) / 암뽕 (17,000원) / 섞어서 (17,000원)","003_동곡할매손칼국수.png","C:\Users\Alfred\Desktop\백종원의 3대천왕\EP.26\003_동곡할매손칼국수.png"
"123","2","EP.26","4","공항칼국수","서울 강서구","서울 강서구 공항대로 18-1 (공항동 49-2)","서울 강서구 공항대로 18-1","한식","버섯칼국수","버섯칼국수 (10,000원) / 내장칼국수 (12,000원) / 내장탕 (12,000원) / 버섯내장짬뽕 (12,000원) / 일반칼국수 (10,000원) / 수육(중) (37,000원) / 수육(소) (20,000원) / 소내장볶음(중) (37,000원) / 소내장볶음(소) (20,000원) / 우렁초무침 (15,000원) / 골뱅이 (15,000원) / 버섯야채세트 (5,000원) / 볶음밥 (3,000원) / 사리 추가 (2,000원)","004_공항칼국수.png","C:\Users\Alfred\Desktop\백종원의 3대천왕\EP.26\004_공항칼국수.png"
"124","2","EP.26","5","혜화칼국수","서울 종로구","서울 종로구 창경궁로35길 13 (혜화동 84-3)","서울 종로구 창경궁로35길 13","국수","국시","국시 (12,000원) / 국내산 견과류로 함께 갈아만든 계절메뉴 (변동) / 수육 소 (20,000원) / 생선튀김 소 (20,000원) / 바싹불고기 소 (20,000원) / 문어 중 (25,000원) / 수육 대 (38,000원) / 생선튀김 대 (38,000원) / 바싹불고기 대 (38,000원) / 녹두빈대떡 (15,000원)","005_혜화칼국수.png","C:\Users\Alfred\Desktop\백종원의 3대천왕\EP.26\005_혜화칼국수.png"
"125","2","EP.27","1","장영선원조지례삼거리불고기","경북 김천시","경북 김천시 지례면 장터길 64 (교리 687-2)","경북 김천시 지례면 장터길 64","육류,고기요리","1인분(170g)삼겹살","1인분(170g)삼겹살 (14,000원) / 1인분(170g)목살 (14,000원) / 보리밥 (5,000원)","001_장영선원조지례삼거리불고기.png","C:\Users\Alfred\Desktop\백종원의 3대천왕\EP.27\001_장영선원조지례삼거리불고기.png"
"126","2","EP.27","2","강진식육식당","광주 북구","광주 북구 우치로27번길 4 (중흥동 356-15)","광주 북구 우치로27번길 4","돼지고기구이","살치살","살치살 (54,000원) / 생삼겹살 (17,000원) / 항정살 (19,000원) / 등심 (49,000원) / 돼지모듬 (65,000원) / 가브리 (19,000원) / 목살 (16,000원) / 누룽지 (3,000원) / 떡국 (5,000원) / 냉면 (5,000원)","002_강진식육식당.png","C:\Users\Alfred\Desktop\백종원의 3대천왕\EP.27\002_강진식육식당.png"
"127","2","EP.27","3","한라산도새기","서울 구로구","서울 구로구 서해안로 2318 (오류동 135-68)","서울 구로구 서해안로 2318","돼지고기구이","제주토종흙돼지(1인분/170g)","제주토종흙돼지(1인분/170g) (18,000원) / 제주백돼지오겹살(1인분/170g) (16,000원) / 돼지 생갈비 (19,000원) / 돼지차돌 (18,000원) / 옥돔구이 (26,000원) / 전복죽 (20,000원) / 제주돼지차돌 (18,000원) / 제주 주먹고기 (16,000원) / 양념돼지갈비 (16,000원) / 소갈비살 (21,000원) / 소갈비살 한마리 (65,000원)","003_한라산도새기.png","C:\Users\Alfred\Desktop\백종원의 3대천왕\EP.27\003_한라산도새기.png"
"128","2","EP.27","4","과역기사님식당","전남 고흥군","전남 고흥군 과역면 고흥로 2959-3 (과역리 60-3)","전남 고흥군 과역면 고흥로 2959-3","기사식당","대패삼겹살백반","","004_과역기사님식당.png","C:\Users\Alfred\Desktop\백종원의 3대천왕\EP.27\004_과역기사님식당.png"
"129","2","EP.27","5","진고개식당","전북 남원시","전북 남원시 하정2길 6 (하정동 84-2)","전북 남원시 하정2길 6","돼지고기구이","냉동삼겹살","","005_진고개식당.png","C:\Users\Alfred\Desktop\백종원의 3대천왕\EP.27\005_진고개식당.png"
"130","2","EP.28","1","육거리곰탕","경남 진주시","경남 진주시 망경로 303 (강남동 119)","경남 진주시 망경로 303","곰탕,설렁탕","곰탕","곰탕 (12,000원) / 수육(소) (32,000원) / 수육(대) (42,000원) / 소주 (4,000원) / 맥주 (4,000원)","001_육거리곰탕.png","C:\Users\Alfred\Desktop\백종원의 3대천왕\EP.28\001_육거리곰탕.png"
"131","2","EP.28","2","평남식당","경북 포항시","경북 포항시 북구 죽도시장3길 9-16 (죽도동 2-358)","경북 포항시 북구 죽도시장3길 9-16","곰탕,설렁탕","음료수","음료수 (2,000원) / 유일하게 수란이 들어가는 저희 가게 곰탕입니다:) (15,000원) / 식감이 부드러운 저희 가게 수육입니다! (45,000원) / 식감이 부드러운 저희 가게 수육입니다! (55,000원) / 막걸리 (4,000원) / 소주,맥주 (4,000원)","002_평남식당.png","C:\Users\Alfred\Desktop\백종원의 3대천왕\EP.28\002_평남식당.png"
"132","2","EP.28","3","중림장설렁탕","서울 중구","서울 중구 청파로 459-1 (중림동 468)","서울 중구 청파로 459-1","곰탕,설렁탕","설렁탕","설렁탕 (12,000원) / 설렁탕 특 (15,000원) / 도가니탕 (16,000원) / 꼬리탕 (18,000원) / 양지수육 (40,000원) / 도가니수육 (40,000원) / 꼬리수육 (50,000원) / 반반수육 (40,000원) / 모듬수육 (50,000원)","003_중림장설렁탕.png","C:\Users\Alfred\Desktop\백종원의 3대천왕\EP.28\003_중림장설렁탕.png"
"133","2","EP.28","4","나주곰탕하얀집","전남 나주시","전남 나주시 금성관길 6-1 (중앙동 48-17)","전남 나주시 금성관길 6-1","곰탕,설렁탕","곰탕","곰탕 (13,000원) / 수육곰탕 (15,000원) / 소 (40,000원) / 소주 (5,000원) / 맥주 (5,000원)","004_나주곰탕하얀집.png","C:\Users\Alfred\Desktop\백종원의 3대천왕\EP.28\004_나주곰탕하얀집.png"
"134","2","EP.29","1","원조숯불닭불고기집","강원 춘천시","강원 춘천시 낙원길 28-4 (중앙로2가 66-2)","강원 춘천시 낙원길 28-4","닭갈비","뼈 없는 닭갈비(250g)","뼈 없는 닭갈비(250g) (14,000원) / 뼈 있는 닭갈비(250g) (15,000원) / 간장닭갈비(250g) (14,000원) / 닭내장+똥집(250g) (15,000원) / 닭발 (14,000원) / 오돌뼈소금구이 (15,000원) / 막국수 (8,000원) / 된장찌개 (3,000원)","001_원조숯불닭불고기집.png","C:\Users\Alfred\Desktop\백종원의 3대천왕\EP.29\001_원조숯불닭불고기집.png"
"135","2","EP.29","2","통나무집닭갈비","강원 춘천시","강원 춘천시 신북읍 신샘밭로 763 (천전리 38-26)","강원 춘천시 신북읍 신샘밭로 763","","철판닭갈비","","002_통나무집닭갈비.png","C:\Users\Alfred\Desktop\백종원의 3대천왕\EP.29\002_통나무집닭갈비.png"
"136","2","EP.29","3","태백닭갈비","강원 태백시","강원 태백시 중앙남1길 10 (황지동 44-164)","강원 태백시 중앙남1길 10","닭갈비","기본2인분부터가능","기본2인분부터가능 (11,000원) / 냉이추가 (3,000원) / 볶음밥 (3,000원) / 우동/쫄면/라면/떡사리 추가(각) (3,000원) / 김주먹밥 (3,000원) / 공기밥 (1,000원) / 소주 (5,000원) / 맥주 (5,000원) / 음료수 (2,000원)","003_태백닭갈비.png","C:\Users\Alfred\Desktop\백종원의 3대천왕\EP.29\003_태백닭갈비.png"
"137","2","EP.29","4","공주집","충남 천안시","충남 천안시 서북구 성환읍 송덕2길 113 (송덕리 54-3)","충남 천안시 서북구 성환읍 송덕2길 113","닭갈비","메인메뉴입니다.","메인메뉴입니다. (12,000원) / 무뼈 닭발 (12,000원) / 닭도리탕 (40,000원) / 닭모래집 (12,000원)","004_공주집.png","C:\Users\Alfred\Desktop\백종원의 3대천왕\EP.29\004_공주집.png"
"138","2","EP.30","1","장미경양식","강원 고성군","강원 고성군 거진읍 거진길 37-1 (거진리 277-7)","강원 고성군 거진읍 거진길 37-1","양식","장미경양식 대표메뉴 ""경양식돈까스""","장미경양식 대표메뉴 ""경양식돈까스"" (12,000원) / 남녀노소 아이들까지 먹을 수 있는 모짜렐라 치즈가 듬뿍 들어간 경양식치즈돈가스 (14,000원) / 돈가스/곱빼기(공기밥+스프) (16,000원) / 치즈돈까스곱빼기(공기밥+스프) (18,000원) / 스프 추가 (1,000원) / 1인1식 주문시에는 추가제공 해드리고있습니다~! 그 외 밥 추가주문시 추가요금 발생됩니다. (1,000원) / 사이다 (2,000원) / 맥주 (4,000원) / 소주 (4,000원)","001_장미경양식.png","C:\Users\Alfred\Desktop\백종원의 3대천왕\EP.30\001_장미경양식.png"
"139","2","EP.30","2","가나돈까스의집","서울 강남구","서울 강남구 언주로 608 (논현동 275-3)","서울 강남구 언주로 608","돈가스","특대까스","특대까스 (16,000원) / 돈까스 (13,000원) / 생선까스 (14,000원) / 육개장 (12,000원) / 정식까스 (15,000원) / 함박까스 (17,000원) / 치즈까스 (17,000원) / 회덮밥 (11,000원)","002_가나돈까스의집.png","C:\Users\Alfred\Desktop\백종원의 3대천왕\EP.30\002_가나돈까스의집.png"
"140","2","EP.30","3","돈까스먹는용만이","서울 노원구","서울 노원구 한글비석로20길 52 (중계동 140-42)","서울 노원구 한글비석로20길 52","돈가스","서울우유 생크림과 우유를 기본으로 만든 돈까스 약간 매콤해서 느끼하지 않아요 인기메뉴 임니다","서울우유 생크림과 우유를 기본으로 만든 돈까스 약간 매콤해서 느끼하지 않아요 인기메뉴 임니다 (13,000원) / 달콤한 칠리소스에 튀긴마늘이 올라간 돈까스 인기메뉴 임니다 (13,000원) / 브라운 루를 바탕으로 32가지를 넣어서 만든 전통 돈까스 (11,000원) / 반은 매운맛과 반은 일반맛을 즐길수 있는 돈까스 (11,500원) / 50가지 향식료와 양념을 배합해서 만든 매콤한 돈까스 처음 드셔 보시고 더매운 맛을 즐기실 분은 이야기해 주세요 (12,000원) / 치킨을 기본으로 만든 치킨까스 한쪽에 머스터드 소스가 올라감니다 (11,500원) / 달콤한 칠리돈까스 50가지 양념이 기본이 된 돈까스 (12,000원) / 쵸코파이와 블럭치즈를 넣어서 만든 돈까스 (14,000원) / 참기름 솔솔 매콤한 해물 돈까스를 맛보세요 (13,000원) / 한식과 일식의 중간의 카레 즉석에서 만드는 카레로 13분 정도 걸려요 부드럽고 맛이 진해요 (13,000원) / 고구마와 모짜렐라치즈가 기본으로 소스는 핫소스가 올라가요 (14,500원) / 눈꽃치즈,파마산치즈,마스카포네치즈가 들어가고 소스는 매콤한 소스로 느끼한 맛이 없어요 (13,500원) / 동태살로 만든 부드러운 생선까스 (11,500원) / 사누끼우동 (6,000원) / 어묵우동 (7,000원)","003_돈까스먹는용만이.png","C:\Users\Alfred\Desktop\백종원의 3대천왕\EP.30\003_돈까스먹는용만이.png"
"141","2","EP.30","4","서울분식","전남 목포시","전남 목포시 삼일로 51-2 (대성동 84-19)","전남 목포시 삼일로 51-2","종합분식","돈까스","","004_서울분식.png","C:\Users\Alfred\Desktop\백종원의 3대천왕\EP.30\004_서울분식.png"
"142","2","EP.31","1","동진충무김밥","경남 통영시","경남 통영시 통영해안로 319-2 (항남동 1-44)","경남 통영시 통영해안로 319-2","김밥","충무할매김밥","충무할매김밥 (7,000원) / 빼떼기죽 (7,000원) / 아이스팩과 아이스박스입니다 (2,000원) / 깨죽 (8,000원) / 택배포장비 (4,000원)","001_동진충무김밥.png","C:\Users\Alfred\Desktop\백종원의 3대천왕\EP.31\001_동진충무김밥.png"
"143","2","EP.31","2","교리김밥","경북 경주시","경북 경주시 탑리3길 2 (탑동 400-1)","경북 경주시 탑리3길 2","분식","교리김밥 2줄 도시락","교리김밥 2줄 도시락 (13,000원) / 교리김밥 3줄 도시락 (19,500원) / 교리국수 (9,000원)","002_교리김밥.png","C:\Users\Alfred\Desktop\백종원의 3대천왕\EP.31\002_교리김밥.png"
"144","2","EP.31","3","영도해녀촌김밥","부산 영도구","부산 영도구 동삼동 중리남로 2-35 (동삼동 산65-1)","부산 영도구 동삼동 중리남로 2-35","해물,생선요리","해녀김밥","","003_영도해녀촌김밥.png","C:\Users\Alfred\Desktop\백종원의 3대천왕\EP.31\003_영도해녀촌김밥.png"
"145","2","EP.31","4","원조누드치즈김밥","서울 종로구","서울 종로구 창경궁로 88 (예지동 2-1)","서울 종로구 창경궁로 88","김밥","치즈참치김밥(기본)","치즈참치김밥(기본) (3,500원) / 치즈참치김밥+잡채 (4,500원) / 치즈참치김밥+잡채+어묵2개 (6,500원) / 부산어묵 1개 (1,000원) / 잡채1인분 (4,500원)","004_원조누드치즈김밥.png","C:\Users\Alfred\Desktop\백종원의 3대천왕\EP.31\004_원조누드치즈김밥.png"
"146","2","EP.32","1","바로방","강원 강릉시","강원 강릉시 경강로 2092 (금학동 16-2)","강원 강릉시 경강로 2092","카페,디저트","야채빵","","001_바로방.png","C:\Users\Alfred\Desktop\백종원의 3대천왕\EP.32\001_바로방.png"
"147","2","EP.32","2","철규분식","경북 포항시","경북 포항시 남구 구룡포읍 구룡포길 62-2 (구룡포리 964-8)","경북 포항시 남구 구룡포읍 구룡포길 62-2","종합분식","곱5000","곱5000 (4,000원) / 단팥죽 (3,000원) / 찐빵 2개 (1,000원) / 찐방5개+단팥죽 (6,000원)","002_철규분식.png","C:\Users\Alfred\Desktop\백종원의 3대천왕\EP.32\002_철규분식.png"
"148","2","EP.32","3","수유시장 만두명가","서울 강북구","서울 강북구 도봉로71길 17 (수유1동 54-1)","서울 강북구 도봉로71길 17","","꽈배기","","003_수유시장 만두명가.png","C:\Users\Alfred\Desktop\백종원의 3대천왕\EP.32\003_수유시장 만두명가.png"
"149","2","EP.32","4","효자베이커리","서울 종로구","서울 종로구 필운대로 54 (통인동 43-1)","서울 종로구 필운대로 54","베이커리","콘브래드","콘브래드 (8,000원) / 옛날 양과자라고 불렸던 옛 호두타르트입니다. 보통 1시전에 완판되는 효자품목입니다 (6,500원) / 아몬드센베이 (8,000원) / 어니언크림치즈소보르 (6,500원) / 발효무화과빵 (6,500원)","004_효자베이커리.png","C:\Users\Alfred\Desktop\백종원의 3대천왕\EP.32\004_효자베이커리.png"
"150","2","EP.32","5","명문제과","전북 남원시","전북 남원시 용성로 56 (하정동 1-5)","전북 남원시 용성로 56","베이커리","생크림슈보르","생크림슈보르 (2,500원) / 꿀아몬드 (2,500원) / 수제햄빵 (3,500원) / 황치즈 카스테라 (4,000원)","005_명문제과.png","C:\Users\Alfred\Desktop\백종원의 3대천왕\EP.32\005_명문제과.png"
"151","2","EP.33","1","백두산","광주 동구","광주 동구 백서로174번길 7 (서석동 471-11)","광주 동구 백서로174번길 7","중식당","짬짜밥","짬짜밥 (9,000원) / 짜장밥 (8,000원) / 탕수육+짬짜면1+짜장면1+군만두+콜라 (22,000원) / 탕수육+짬짜면2+군만두+콜라 (23,000원) / 탕수육+짬짜밥1+짬짜면1+군만두+콜라 (24,000원) / 짬짜면 (8,000원) / 짜장면 (7,000원) / 탕수육 小 (18,000원) / 탕수육 중 (22,000원) / 탕수육 대 (26,000원) / 군만두 (7,000원)","001_백두산.png","C:\Users\Alfred\Desktop\백종원의 3대천왕\EP.33\001_백두산.png"
"152","2","EP.33","2","효동각","서울 서대문구","서울 서대문구 연대동문길 24 (대신동 50-2)","서울 서대문구 연대동문길 24","중식당","자장면","자장면 (9,000원) / 자장면곱배기 (11,000원)","002_효동각.png","C:\Users\Alfred\Desktop\백종원의 3대천왕\EP.33\002_효동각.png"
"153","2","EP.33","3","지린성","전북 군산시","전북 군산시 미원로 87 (미원동 78)","전북 군산시 미원로 87","중식당","맛있지만 엄청 매우니(불닭볶음면정도/맵기조절X)주의 필요합니다!(어린이나 질환자는 피해주세요) 덜 맵게 드시는방법: 나오자마자 고추부터빼기, 우유랑 먹기, 일반짜장이랑 섞어먹","맛있지만 엄청 매우니(불닭볶음면정도/맵기조절X)주의 필요합니다!(어린이나 질환자는 피해주세요) 덜 맵게 드시는방법: 나오자마자 고추부터빼기, 우유랑 먹기, 일반짜장이랑 섞어먹 (13,000원) / 고추짜장보다 더더 매우니 더 신중하게 주문해주세요!(진짜 매운 맛 매니아만!) (13,000원) / 짬뽕 (13,000원) / 짜장면 (9,000원) / 역시 맛있지만 매움 주의! 고추짜장'면'보다 '밥'이 더 맛있다는 분도 많습니다:) (13,000원) / 고추짬뽕밥 (13,000원) / 짬뽕밥 (13,000원) / 짜장밥 (10,000원)","003_지린성.png","C:\Users\Alfred\Desktop\백종원의 3대천왕\EP.33\003_지린성.png"
"154","2","EP.34","1","용궁단골식당","경북 예천군","경북 예천군 용궁면 용궁시장길 30 (읍부리 299-6)","경북 예천군 용궁면 용궁시장길 30","","오징어불고기","오징어불고기 (12,000원) / 모둠순대 (13,000원) / 공기밥 없음 (17,000원) / 전통막창순대 (13,000원) / 닭불구이 (12,000원) / 닭발구이 (12,000원) / 돼지불고기 (12,000원) / 머리고기 (13,000원) / 김치막창순대 (13,000원) / 돼껍양념구이 (9,000원) / 막창양념구이 (9,000원) / 공기밥 (1,000원) / 안동소주일품 21도 (8,000원)","001_용궁단골식당.png","C:\Users\Alfred\Desktop\백종원의 3대천왕\EP.34\001_용궁단골식당.png"
"155","2","EP.34","2","광천식당","대전 중구","대전 중구 대종로505번길 29 (선화동 52-2)","대전 중구 대종로505번길 29","한식","두부두루치기","두부두루치기 (18,000원) / 오징어두루치기 (27,000원) / 수육(소) (25,000원) / 수육 대 (40,000원) / 칼국수 (7,000원) / 양념면 (8,000원) / 공기밥 (1,000원) / 면사리 (2,000원) / 맥주 (4,000원) / 청하 (5,000원) / 원막걸리 (3,000원) / 소주 (4,000원) / 음료수 (2,000원) / 지평생막걸리 (4,000원)","002_광천식당.png","C:\Users\Alfred\Desktop\백종원의 3대천왕\EP.34\002_광천식당.png"
"156","2","EP.34","3","원조두꺼비집불오징어","서울 은평구","서울 은평구 연서로28길 5 (대조동 185-34)","서울 은평구 연서로28길 5","오징어요리","불오징어","","003_원조두꺼비집불오징어.png","C:\Users\Alfred\Desktop\백종원의 3대천왕\EP.34\003_원조두꺼비집불오징어.png"
"157","2","EP.34","4","복정집","서울 중구","서울 중구 퇴계로 235 (충무로4가 306)","서울 중구 퇴계로 235","오징어요리","辛나게 입맛 돋구는 맛있게 매콤한 오징어볶음.","辛나게 입맛 돋구는 맛있게 매콤한 오징어볶음. (13,000원) / 복정집의 대표 식사메뉴, 미니 해물탕이라 백종원이 극찬한 원조 통오징어찌개. (13,000원) / 신선하고 쫄깃한 쭈꾸미에 삼겹살을 더해 감칠맛을 자랑하는 식사메뉴. (14,000원) / 오징어볶음에 삼겹살을 더해 풍부한 맛을 자랑하는 식사메뉴. (13,000원) / 매콤한 양념에 다양한 해물(낙지,게,대하,문어,오징어외 12가지)등을 맛있게 버무려 맛볼 수 있는 대표 저녁 술안주. (69,000원) / 매콤한 양념에 다양한 해물(낙지,게,대하,문어,오징어외 12가지)등을 맛있게 버무려 맛볼 수 있는 대표 저녁 술안주. (79,000원) / 속이 풀리는 시원한 국물을 자랑하는 계절의 진미. 깊은 해물 육수와 다양한 해물(낙지,대하,문어,오징어 외 12가지)등의 풍미가 어우러진 저녁 술안주. (68,000원) / 속이 풀리는 시원한 국물을 자랑하는 계절의 진미. 깊은 해물 육수와 다양한 해물(낙지,대하,문어,오징어 외 12가지)등의 풍미가 어우러진 저녁 술안주. (78,000원) / 오동통한 아구살과 아삭한 콩나물, 오만둥이와 홍합을 더해 더욱 더 해물의 맛을 느낄 수 있도록 정성껏 버무린 저녁 술안주. (67,000원) / 오동통한 아구살과 아삭한 콩나물, 오만둥이와 홍합을 더해 더욱 더 해물의 맛을 느낄 수 있도록 정성껏 버무린 저녁 술안주. (77,000원) / 더욱 더 풍부해진 양의 辛나게 입맛 돋구는 맛있게 매콤한 오징어볶음 저녁 술안주. (38,000원) / 더욱 더 풍부해진 양의 신선하고 쫄깃한 쭈꾸미에 삼겹살을 더해 감칠맛을 자랑하는 저녁 술안주. (42,000원) / 더욱 더 풍부해진 양의 오징어볶음에 삼겹살을 더해 풍부한 맛을 자랑하는 저녁 술안주. (38,000원)","004_복정집.png","C:\Users\Alfred\Desktop\백종원의 3대천왕\EP.34\004_복정집.png"
"158","2","EP.35","1","언양각식당","경남 창원시","경남 창원시 의창구 용지로 253-1 (용호동 16-1)","경남 창원시 의창구 용지로 253-1","육류,고기요리","공기밥미포함","공기밥미포함 (19,000원) / 공기밥 포함 (12,000원) / 공기밥포함 (12,000원) / 공기밥포함 (25,000원) / 공기밥 (1,000원)","001_언양각식당.png","C:\Users\Alfred\Desktop\백종원의 3대천왕\EP.35\001_언양각식당.png"
"159","2","EP.35","2","남정부일기사식당","경북 경주시","경북 경주시 배리1길 3 (배동 948-3)","경북 경주시 배리1길 3","기사식당","짬뽕","짬뽕 (12,000원) / 낙지볶음 (12,000원) / 돼지볶음 (12,000원) / 김치찌개 (11,000원) / 맥주,소주 (4,000원) / 음료수 (2,000원) / 공기밥 (1,000원)","002_남정부일기사식당.png","C:\Users\Alfred\Desktop\백종원의 3대천왕\EP.35\002_남정부일기사식당.png"
"160","2","EP.35","3","진미식육식당","대구 서구","대구 서구 달서천로83길 13 (원대동3가 1223-13)","대구 서구 달서천로83길 13","육류,고기요리","대창불고기","","003_진미식육식당.png","C:\Users\Alfred\Desktop\백종원의 3대천왕\EP.35\003_진미식육식당.png"
"161","2","EP.35","4","명성불고기","충남 공주시","충남 공주시 웅진로 200 (산성동 133-4)","충남 공주시 웅진로 200","한식","공깃밥 포함","공깃밥 포함 (17,000원) / 공깃밥 포함 (22,000원) / 점심메뉴 (12,000원) / 생삼겹살 (15,000원) / 등심 (38,000원) / 돼지갈비 (15,000원) / 냉삼겹살 (14,000원) / 된장찌개 (8,000원) / 냉면 (7,000원)","004_명성불고기.png","C:\Users\Alfred\Desktop\백종원의 3대천왕\EP.35\004_명성불고기.png"
"162","2","EP.36","1","만석닭강정","강원 속초시","강원 속초시 청초호반로 72 (조양동 1549-2)","강원 속초시 청초호반로 72","치킨,닭강정","후라이드","후라이드 (17,000원) / 닭강정 보통맛 뼈 (19,000원) / 닭강정 보통맛 순살 (20,000원) / 닭강정 핫끈한맛 뼈 (20,000원) / 닭강정 핫끈한맛 순살 (21,000원) / 닭강정 후라이드 뼈 (17,000원) / 닭강정 후라이드 순살 (18,000원)","001_만석닭강정.png","C:\Users\Alfred\Desktop\백종원의 3대천왕\EP.36\001_만석닭강정.png"
"163","2","EP.36","2","예스닭강정","강원 속초시","강원 속초시 동해대로 4018-1 (조양동 1039-1)","강원 속초시 동해대로 4018-1","치킨,닭강정","몸에 좋은 오징어 먹물과 춘장의 진한 맛을 더해 깊고 담백한 맛이 일품","몸에 좋은 오징어 먹물과 춘장의 진한 맛을 더해 깊고 담백한 맛이 일품 (18,000원) / 몸에 좋은 오징어 먹물과 춘장의 진한 맛을 더해 깊고 담백한 맛이 일품 (27,000원) / 사과를 갈아넣어 천연단맛이 올라와 어린아이들까지 부담없이 즐길 수 있는 순한맛 (17,000원) / 사과를 갈아넣어 천연단맛이 올라와 어린아이들까지 부담없이 즐길 수 있는 순한맛 (27,000원) / 청양고추로 매운맛을 내서 자극적이지 않고 뒤에서 천천히 올라오는 매력적인 매운맛 (17,000원) / 블랙+순한닭강정 (27,000원) / 블랙+매운 닭강정 (27,000원) / 순한+매운 닭강정 (27,000원) / 수제 대파피클 (2,000원) / 제로 콜라 500ML (2,000원) / 코카콜라 500ML (2,000원)","002_예스닭강정.png","C:\Users\Alfred\Desktop\백종원의 3대천왕\EP.36\002_예스닭강정.png"
"164","2","EP.36","3","일미닭강정","강원 영월군","강원 영월군 영월읍 서부시장길 15 (하송리 4-1)","강원 영월군 영월읍 서부시장길 15","치킨,닭강정","일미닭강정(소)","일미닭강정(소) (15,000원) / 2025년 5월부터 (15,000원)","003_일미닭강정.png","C:\Users\Alfred\Desktop\백종원의 3대천왕\EP.36\003_일미닭강정.png"
"165","2","EP.36","4","텍사스바베큐","경기 동두천시","경기 동두천시 중앙로 366 (생연동 538-8)","경기 동두천시 중앙로 366","치킨,닭강정","바비큐치킨","","004_텍사스바베큐.png","C:\Users\Alfred\Desktop\백종원의 3대천왕\EP.36\004_텍사스바베큐.png"
"166","2","EP.36","5","진미통닭","경기 수원시","경기 수원시 팔달구 정조로800번길 21 (남수동 117-1)","경기 수원시 팔달구 정조로800번길 21","치킨,닭강정","치킨","","005_진미통닭.png","C:\Users\Alfred\Desktop\백종원의 3대천왕\EP.36\005_진미통닭.png"
"167","2","EP.36","6","참나무닭나라","서울 성북구","서울 성북구 동소문로8길 12 (동소문동2가 290)","서울 성북구 동소문로8길 12","치킨,닭강정","장작구이통닭","장작구이통닭 (19,000원) / 을지로골뱅이 (33,000원) / 두부김치 (13,000원) / 스팸계란후라이 (15,000원) / 아이스황도 (9,000원) / 어묵탕 (16,000원) / 황태계란탕 (13,000원) / 번데기탕 (9,000원) / 모듬마른안주 (24,000원) / 먹태 (16,000원) / 노가리(3마리) (8,000원) / 한치+땅콩 (17,000원) / 쥐포 (4,500원) / 황태노가리 (6,000원) / 땅콩한접시 (5,500원)","006_참나무닭나라.png","C:\Users\Alfred\Desktop\백종원의 3대천왕\EP.36\006_참나무닭나라.png"
"168","2","EP.37","1","수목식당","서울 동작구","서울 동작구 서달로14나길 28 (흑석동 54-146)","서울 동작구 서달로14나길 28","국수","라제비","라제비 (5,000원) / 잔치국수 (6,000원) / 칼국수 (7,000원) / 칼제비 (7,000원) / 수제비 (8,000원) / 물,비빔냉면 (7,000원) / 비빔국수 (7,000원) / 떡국 (8,000원) / 떡만두국 (8,000원) / 만두국 (8,000원) / 콩국수 (9,000원) / 만두칼제비 (8,000원) / 만두라제비 (6,000원) / 찐만두 (6,000원) / 열무국수 (8,000원)","001_수목식당.png","C:\Users\Alfred\Desktop\백종원의 3대천왕\EP.37\001_수목식당.png"
"169","2","EP.37","2","신계치라면","서울 서대문구","서울 서대문구 명물길 47 (창천동 2-24)","서울 서대문구 명물길 47","라면","신계치/너계치/안계치","신계치/너계치/안계치 (6,000원) / 김치라면 (6,000원) / 잡탕 (7,000원) / 신계치+김밥 세트 (9,000원) / 특라면 (7,000원)","002_신계치라면.png","C:\Users\Alfred\Desktop\백종원의 3대천왕\EP.37\002_신계치라면.png"
"170","2","EP.37","3","경춘자의라면땡기는날","서울 종로구","서울 종로구 율곡로3길 82 (화동 138-41)","서울 종로구 율곡로3길 82","라면","짬뽕라면","짬뽕라면 (6,500원) / 땡라면 (5,500원) / 치즈라면 (5,500원) / 해장라면(콩나물) (5,500원) / 떡만두라면 (6,500원)","003_경춘자의라면땡기는날.png","C:\Users\Alfred\Desktop\백종원의 3대천왕\EP.37\003_경춘자의라면땡기는날.png"
"171","2","EP.37","4","라면점빵","서울 종로구","서울 종로구 자하문로1길 39 (필운동 202)","서울 종로구 자하문로1길 39","라면","알라면","알라면 (5,500원) / 부대라면 (6,500원) / 반반김밥 (5,000원) / 치즈라면 (5,500원) / 김치라면 (5,500원) / 속풀이라면 (5,500원) / 카레라면 (5,500원) / 미소라면 (5,500원) / 순두부라면 (6,000원) / 참치라면 (6,000원) / 떡라면 (6,000원) / 만두라면 (6,000원) / 불고기라면` (6,500원) / 버섯들깨라면 (7,500원) / 이미라면 (6,500원)","004_라면점빵.png","C:\Users\Alfred\Desktop\백종원의 3대천왕\EP.37\004_라면점빵.png"
"172","2","EP.37","5","삼숙이라면","서울 종로구","서울 종로구 종로11길 30 (인사동 220-2)","서울 종로구 종로11길 30","라면","라면","","005_삼숙이라면.png","C:\Users\Alfred\Desktop\백종원의 3대천왕\EP.37\005_삼숙이라면.png"
"173","2","EP.38","1","이조면옥","강원 속초시","강원 속초시 동해대로 3887 (조양동 1287-9)","강원 속초시 동해대로 3887","냉면","부드럽고, 폭신한 소고기 육전입니다.","부드럽고, 폭신한 소고기 육전입니다. (22,000원) / 함흥식 코다리 회냉면~ 자가제면으로 쫄깃한면발에 배와오이를더해 매콤 달콤 시원합니다 (12,000원) / 한돈 생삼겹살에 각종채소로 잡내를 잡아 부드럽고, 감칠맛이 살아 있는 수육 입니다. (28,000원) / 메밀꽃향이 전해지는자가제면과 명태회를 곁들여 메밀의구수함과 부드러운면발의 조화가 일품입니다 (12,000원) / 막국수 냉면 곱빼기 (1,000원) / 국산햅쌀로 뗙방앗간에서 직접뽑아 사골국물로끌여낸 떡만둣국~ 부드럽고 쫄깃합니다 (12,000원) / 한우사골로 24시간 폭~고아낸 국물에 아롱사태가 들어있습니다 (12,000원) / 고사리.당면.양지고기.대파.계란을넣어 직접끓여낸 칼칼한육개장입니다 (12,000원) / 육즙가득한 고기만두3개와 매콤한 김치만두2개~ (9,000원) / 12시간 공정으로 직접만든 명태회 판매합니다. 카운터에 문의하세요. (22,000원)","001_이조면옥.png","C:\Users\Alfred\Desktop\백종원의 3대천왕\EP.38\001_이조면옥.png"
"174","2","EP.38","2","내호냉면","부산 남구","부산 남구 우암번영로26번길 17 (우암동 189-671)","부산 남구 우암번영로26번길 17","냉면","온면(대)","온면(대) (14,000원) / 온면(소) (12,000원) / 비빔냉면(특) (14,000원) / 비빔냉면 (12,000원) / 물냉면(특) (14,000원) / 물냉면 (12,000원) / 비빔밀면(특) (10,500원) / 비빔밀면 (9,500원) / 밀면(특) (10,000원) / 밀면 (9,000원) / 만두 (6,000원) / 양념 가오리회 (14,000원) / 국수(대) (7,500원) / 국수(소) (6,500원) / 비빔국수(대) (8,000원)","002_내호냉면.png","C:\Users\Alfred\Desktop\백종원의 3대천왕\EP.38\002_내호냉면.png"
"175","2","EP.38","3","낙산냉면","서울 종로구","서울 종로구 지봉로5길 8 (창신동 81-8)","서울 종로구 지봉로5길 8","냉면","특냉면(곱배기)","특냉면(곱배기) (14,000원) / 얼큰이냉면(아주얼큰) (10,000원) / 약얼냉면(약간얼큰) (10,000원) / 낙산냉면(보통매운) (10,000원) / 덜매운냉면(조금매운) (10,000원) / 순한냉면(양념없음) (10,000원) / 사리(추가) (4,000원)","003_낙산냉면.png","C:\Users\Alfred\Desktop\백종원의 3대천왕\EP.38\003_낙산냉면.png"
"176","2","EP.38","4","변가네 옹진냉면","인천 미추홀구","인천 미추홀구 한나루로586번길 92 (주안동 509-13)","인천 미추홀구 한나루로586번길 92","냉면","물냉면","물냉면 (10,000원) / 비빔냉면 (11,000원) / 물냉면 곱빼기 (12,000원) / 삼겹살수육 (14,000원) / 녹두부침 (7,000원)","004_변가네 옹진냉면.png","C:\Users\Alfred\Desktop\백종원의 3대천왕\EP.38\004_변가네 옹진냉면.png"
"177","2","EP.39","1","봉포머구리집","강원 속초시","강원 속초시 영랑해안길 223 (영랑동 148-30)","강원 속초시 영랑해안길 223","생선회","속초물회","","001_봉포머구리집.png","C:\Users\Alfred\Desktop\백종원의 3대천왕\EP.39\001_봉포머구리집.png"
"178","2","EP.39","2","새포항물회집","경북 포항시","경북 포항시 북구 삼호로 65 (대신동 63-3)","경북 포항시 북구 삼호로 65","생선회","포항물회","포항물회 (18,000원) / 오징어물회 (23,000원) / 도다리물회 (23,000원) / 전복물회 (23,000원) / 모듬물회 (25,000원) / 푸른물회 (18,000원) / 막회(무침회) (16,000원) / 모듬회-중 (75,000원) / 모듬회-대 (85,000원) / 도다리회 -중 (75,000원) / 도다리회 -대 (85,000원)","002_새포항물회집.png","C:\Users\Alfred\Desktop\백종원의 3대천왕\EP.39\002_새포항물회집.png"
"179","2","EP.39","3","공천포식당","제주 서귀포시","제주 서귀포시 남원읍 공천포로 89 (신례리 27-5)","제주 서귀포시 남원읍 공천포로 89","해물,생선요리","뿔소라물회","","003_공천포식당.png","C:\Users\Alfred\Desktop\백종원의 3대천왕\EP.39\003_공천포식당.png"
"180","2","EP.39","4","어진이네 횟집","제주 서귀포시","제주 서귀포시 보목포로 93 (보목동 261)","제주 서귀포시 보목포로 93","생선회","생물 자리돔으로 만듭니다.","생물 자리돔으로 만듭니다. (13,000원) / 전복돌솥밥 (15,000원) / 고메기 미역국 (16,000원) / 갈치조림 (50,000원) / 객주리 조림 (50,000원) / 활어회를 듬뿍넣어 회덮밥을 만들어요 (15,000원) / 부시리 철이 돌아왔네요. 살이 탱탱하고 쫄깃한 맛이 일품입니다. (50,000원) / 흑돼지 특수부위 꽃살. 삼각살.낙엽살. (10,000원) / 한치물회 (15,000원) / 전복물회 (17,000원)","004_어진이네 횟집.png","C:\Users\Alfred\Desktop\백종원의 3대천왕\EP.39\004_어진이네 횟집.png"
"181","2","EP.40","1","금성삼계탕","대전 동구","대전 동구 선화로196번길 44 (중동 32-14)","대전 동구 선화로196번길 44","백숙,삼계탕","한방 녹두 삼계탕+ 찹쌀 녹두죽 직접담근 김치.깍두기.양파절임 제공","한방 녹두 삼계탕+ 찹쌀 녹두죽 직접담근 김치.깍두기.양파절임 제공 (16,000원) / 잘익은 닭과 녹두찰밥이 따로포장.(간단히 데우세요) 직접담근 김치.깍두기.양파절임 제공 (16,000원) / 닭가슴살 듬뿍 영양 삼계죽 직접담근 김치,깍두기,양파절임 제공 (12,000원) / 진한 닭육수와 찰밥,녹두의 환상궁합 죽만 드시고 싶을땐 건강한 죽+반찬제공 (7,000원) / 녹두찰밥 (1,000원) / 콜라 500ml (2,000원) / 사이다(스프라이트) 500ml (2,000원) / 환타 (파인애플) 500ml (2,000원)","001_금성삼계탕.png","C:\Users\Alfred\Desktop\백종원의 3대천왕\EP.40\001_금성삼계탕.png"
"182","2","EP.40","2","다락투","서울 마포구","서울 마포구 와우산로21길 4-3 (서교동 358-83)","서울 마포구 와우산로21길 4-3","닭요리","국밥 (밥이 국에 말아져 있음)","국밥 (밥이 국에 말아져 있음) (10,000원) / 따로국밥 (밥과 국이 따로 /고기와 밥의 양이 많음) (11,000원) / 닭곰탕과 같은 육수로, 다른 재료와 소스를 추가해서 1번 더 조리 (11,000원) / 엣날 밥그릇 (신형 밥그릇 대비 약 2배의 양) (1,000원) / 코카콜라 / 칠성사이다 (2,000원)","002_다락투.png","C:\Users\Alfred\Desktop\백종원의 3대천왕\EP.40\002_다락투.png"
"183","2","EP.40","3","닭칼원조집","서울 중구","서울 중구 청파로 457-1 (중림동 471)","서울 중구 청파로 457-1","닭요리","시원한 국물과 쫄깃한 살. 여름엔 보양식으로 겨울엔 뜻끈한 국물과 함께 소주 한잔!","시원한 국물과 쫄깃한 살. 여름엔 보양식으로 겨울엔 뜻끈한 국물과 함께 소주 한잔! (26,000원) / 닭한마리와 환상의 궁합. 부추와 고기로 속을 채운 향긋한 만두. (5,000원) / 파전 (15,000원) / 쫄깃 쫄깃한 면발을 진하게 끓여진 육수와 함께 드셔보세요!! (2,000원) / 마지막 육수 한방울 까지 밥과 함께!! 냄비 바닥을 긁게 만드는 마성의 죽! (2,000원) / 닭도리탕 (30,000원) / 닭무침 (17,000원)","003_닭칼원조집.png","C:\Users\Alfred\Desktop\백종원의 3대천왕\EP.40\003_닭칼원조집.png"
"184","2","EP.40","4","운정식당","전북 군산시","전북 군산시 중정길 8-2 (개복동 10-13)","전북 군산시 중정길 8-2","백숙,삼계탕","녹두삼계탕","녹두삼계탕 (18,000원) / 우족탕 (15,000원) / 우족찜(소) (50,000원) / 우족찜(대) (70,000원) / 설렁탕 (10,000원)","004_운정식당.png","C:\Users\Alfred\Desktop\백종원의 3대천왕\EP.40\004_운정식당.png"
"185","2","EP.41","1","강계봉진막국수","경기 여주시","경기 여주시 대신면 천서리길 22 (천서리 419-2)","경기 여주시 대신면 천서리길 22","막국수","비빔막국수","비빔막국수 (12,000원) / 물막국수 (12,000원) / 편육 250g (22,000원) / (곱배기)막국수 (14,000원) / 온면막국수 (12,000원) / 사리 (5,000원)","001_강계봉진막국수.png","C:\Users\Alfred\Desktop\백종원의 3대천왕\EP.41\001_강계봉진막국수.png"
"186","2","EP.41","2","고단백식당","대전 중구","대전 중구 대종로517번길 62 (선화동 282-11)","대전 중구 대종로517번길 62","국수","콩국수","","002_고단백식당.png","C:\Users\Alfred\Desktop\백종원의 3대천왕\EP.41\002_고단백식당.png"
"187","2","EP.41","3","시골의맛","부산 기장군","부산 기장군 일광면 일광로 132 (이천리 833-2 )","부산 기장군 일광면 일광로 132","칼국수,만두","열무국수","","003_시골의맛.png","C:\Users\Alfred\Desktop\백종원의 3대천왕\EP.41\003_시골의맛.png"
"188","2","EP.41","4","영일분식","서울 영등포구","서울 영등포구 도림로141가길 34-1 (문래동4가 8-26)","서울 영등포구 도림로141가길 34-1","종합분식","만두국","만두국 (8,000원) / 칼국수 (10,000원) / 소면 (10,000원) / 칼비빔국수 (10,000원) / 소면 비빔국수 (10,000원) / 왕만두 (7,000원)","004_영일분식.png","C:\Users\Alfred\Desktop\백종원의 3대천왕\EP.41\004_영일분식.png"
"189","2","EP.42","1","중앙식육식당","경남 거제시","경남 거제시 옥포로 215 (옥포동 529-8)","경남 거제시 옥포로 215","한식","두루치기 정식","두루치기 정식 (11,000원) / 불고기 정식 (11,000원) / 2인이상 (12,000원) / 2인이상 (9,000원) / 갈비두루치기 (9,000원) / 김치찌개 (9,000원) / 정식 (8,000원) / 삼겹살 (4,000원) / 낙지볶음 두루치기 (12,000원) / 낙지볶음 불고기 (10,000원) / 자반고등어정식 (11,000원)","001_중앙식육식당.png","C:\Users\Alfred\Desktop\백종원의 3대천왕\EP.42\001_중앙식육식당.png"
"190","2","EP.42","2","수봉반점","대구 북구","대구 북구 대현남로2길 60 (대현동 321-70)","대구 북구 대현남로2길 60","중식당","짬뽕밥","짬뽕밥 (10,000원) / 짬뽕 (10,000원) / 중화비빔밥 (10,000원) / 중화비빔면 (10,000원) / 볶음밥 (10,000원)","002_수봉반점.png","C:\Users\Alfred\Desktop\백종원의 3대천왕\EP.42\002_수봉반점.png"
"191","2","EP.42","3","바다집","부산 중구","부산 중구 광복로43번길 18 (신창동2가 17-3)","부산 중구 광복로43번길 18","낙지요리","수중전골(1인)","수중전골(1인) (12,000원) / 낙지볶음 (11,000원) / 낙새볶음 (12,000원) / 낙곱볶음 (12,000원) / 우동사리 (2,000원) / 당면사리 (2,000원) / 공기밥 (1,000원) / 소주 (5,000원) / 맥주 (5,000원) / 음료수 (2,000원)","003_바다집.png","C:\Users\Alfred\Desktop\백종원의 3대천왕\EP.42\003_바다집.png"
"192","2","EP.42","4","중앙식당","전북 군산시","전북 군산시 해망로 146-27 (금암동 3-6)","전북 군산시 해망로 146-27","한식","반지회덮밥","","004_중앙식당.png","C:\Users\Alfred\Desktop\백종원의 3대천왕\EP.42\004_중앙식당.png"
"193","3","EP.43","1","명동감자탕","경북 영주시","경북 영주시 중앙로106번길 8 (하망동 340-20)","경북 영주시 중앙로106번길 8","감자탕","하얀감자탕","","001_명동감자탕.png","C:\Users\Alfred\Desktop\백종원의 3대천왕\EP.43\001_명동감자탕.png"
"194","3","EP.43","2","소문난성수감자탕","서울 성동구","서울 성동구 연무장길 45 (성수동2가 315-100)","서울 성동구 연무장길 45","감자탕","감자국식사 우거지","감자국식사 우거지 (13,000원) / 감자국식사 일반 (12,000원) / 감자탕 (소) (32,000원) / 감자탕 (중) (37,000원) / 감자탕 (대) (49,000원) / 뼈추가 (14,000원) / 포장 (1인분) (15,000원) / 포장 대 (49,000원)","002_소문난성수감자탕.png","C:\Users\Alfred\Desktop\백종원의 3대천왕\EP.43\002_소문난성수감자탕.png"
"195","3","EP.43","3","할매집","서울 종로구","서울 종로구 사직로12길 1-5 (내자동 108)","서울 종로구 사직로12길 1-5","한식","뼈추가","뼈추가 (27,000원) / 족발 (2人) (39,000원) / 감자탕(2人), 小 (32,000원) / 감자탕(3人), 大 (39,000원)","003_할매집.png","C:\Users\Alfred\Desktop\백종원의 3대천왕\EP.43\003_할매집.png"
"196","3","EP.43","4","육일식당","전북 전주시","전북 전주시 완산구 천잠로 17 (삼천동2가 275-3)","전북 전주시 완산구 천잠로 17","감자탕","원조감자탕(소)","원조감자탕(소) (25,000원) / 원조감자탕(중) (36,000원) / 원조감자탕(대) (48,000원) / 지리산흑돼지로 만든 수제돈가스입니다 (10,000원) / 등뼈로만감자탕-소- (27,000원) / 등뼈로만감자탕-중- (38,000원) / 등뼈로만감자탕-대- (50,000원) / 사골로만감자탕-소- (25,000원) / 사골로만감자탕-중- (36,000원) / 사골로만감자탕-대- (48,000원) / 고구마순추가 (8,000원)","004_육일식당.png","C:\Users\Alfred\Desktop\백종원의 3대천왕\EP.43\004_육일식당.png"
"197","3","EP.44","1","선화동실비식당","대전 중구","대전 중구 선화로 126 (선화동 243-1)","대전 중구 선화로 126","국밥","소머리국밥","소머리국밥 (9,000원) / 소머리수육 (40,000원) / 소주 (5,000원) / 맥주 (5,000원) / 음료수 (2,000원)","001_선화동실비식당.png","C:\Users\Alfred\Desktop\백종원의 3대천왕\EP.44\001_선화동실비식당.png"
"198","3","EP.44","2","물질식육식당","제주 서귀포시","제주 서귀포시 이어도로 598 (강정동 4521-8)","제주 서귀포시 이어도로 598","한식","복지리 2인","복지리 2인 (30,000원) / 복매운탕 3인 (45,000원) / 짬뽕/짬뽕밥 (8,000원) / 우동 (8,000원) / 찐왕만두(3알) (4,000원) / 복지리 3인 (45,000원) / 복지리 4인 (60,000원) / 복매운탕 2인 (30,000원) / 복매운탕 4인 (60,000원)","002_물질식육식당.png","C:\Users\Alfred\Desktop\백종원의 3대천왕\EP.44\002_물질식육식당.png"
"199","3","EP.45","1","해성횟집","강원 강릉시","강원 강릉시 금성로 21 (성남동 50)","강원 강릉시 금성로 21","생선회","삼숙이탕","삼숙이탕 (15,000원) / 알탕 (15,000원)","001_해성횟집.png","C:\Users\Alfred\Desktop\백종원의 3대천왕\EP.45\001_해성횟집.png"
"200","3","EP.45","2","황가네찜","강원 속초시","강원 속초시 영랑해안길 95 (영랑동 129)","강원 속초시 영랑해안길 95","해물,생선요리","감자전","감자전 (15,000원) / 생선모듬찜(특대) (80,000원) / 생선모듬찜(대) (70,000원) / 생선모듬찜(중) (60,000원) / 생선모듬찜(소) (45,000원) / 가오리찜(특대) (85,000원) / 가오리찜(대) (75,000원) / 가오리찜(중) (65,000원) / 가오리찜(소) (50,000원)","002_황가네찜.png","C:\Users\Alfred\Desktop\백종원의 3대천왕\EP.45\002_황가네찜.png"
"201","3","EP.45","3","뚱보집","부산 중구","부산 중구 중앙대로29번길 2-11 (중앙동1가 21-3)","부산 중구 중앙대로29번길 2-11","돼지고기구이","주꾸미구이","","003_뚱보집.png","C:\Users\Alfred\Desktop\백종원의 3대천왕\EP.45\003_뚱보집.png"
"202","3","EP.45","4","백화양곱창","부산 중구","부산 중구 자갈치로23번길 6 (남포동6가 32)","부산 중구 자갈치로23번길 6","곱창,막창,양","양대창","","004_백화양곱창.png","C:\Users\Alfred\Desktop\백종원의 3대천왕\EP.45\004_백화양곱창.png"
"203","3","EP.46","1","명동쫄면","경북 경주시","경북 경주시 계림로93번길 3 (노동동 80-8)","경북 경주시 계림로93번길 3","종합분식","비빔쫄면","비빔쫄면 (9,000원) / 유부쫄면 (9,000원) / 오뎅쫄면 (9,000원) / 여름 한정메뉴로 5월에서 9월까지만 준비됩니다. (9,000원)","001_명동쫄면.png","C:\Users\Alfred\Desktop\백종원의 3대천왕\EP.46\001_명동쫄면.png"
"204","3","EP.46","2","원조범일동매떡","부산 부산진구","부산 부산진구 골드테마길 52-2 (범천동 844-35)","부산 부산진구 골드테마길 52-2","","떡볶이","","002_원조범일동매떡.png","C:\Users\Alfred\Desktop\백종원의 3대천왕\EP.46\002_원조범일동매떡.png"
"205","3","EP.46","3","미스터칠드런","서울 영등포구","서울 영등포구 양평로20길 4-1 (양평동4가 145-1)","서울 영등포구 양평로20길 4-1","바(BAR)","떡볶이","","003_미스터칠드런.png","C:\Users\Alfred\Desktop\백종원의 3대천왕\EP.46\003_미스터칠드런.png"
"206","3","EP.46","4","솜씨만두","전북 정읍시","전북 정읍시 중앙로 162 (시기동 356-1)","전북 정읍시 중앙로 162","만두","찐만두","찐만두 (6,000원) / 군만두 (7,000원) / 수제비만둣국 (10,000원) / 손수제비 (8,000원) / 비빔국수 (8,000원)","004_솜씨만두.png","C:\Users\Alfred\Desktop\백종원의 3대천왕\EP.46\004_솜씨만두.png"
"207","3","EP.47","1","용인닭집","경기 이천시","경기 이천시 중리천로21번길 11 (관고동 10-11)","경기 이천시 중리천로21번길 11","닭요리","최고 인기 상품 전국에서 찾아오는 맛","최고 인기 상품 전국에서 찾아오는 맛 (15,000원) / 닭발(소) (10,000원) / 똥집 (10,000원) / 맛난 순대 그릇 한가득 1인분 (5,000원) / 골라골라 6개 1인분 모두 섞어서도 가능 (5,000원) / 그릇 한 가득 1인분 (4,000원) / 어묵 3개 (2000원) / 어묵 3개 2000원 (2,000원)","001_용인닭집.png","C:\Users\Alfred\Desktop\백종원의 3대천왕\EP.47\001_용인닭집.png"
"208","3","EP.47","2","나주식당","광주 동구","광주 동구 동계천로53번길 2 (대인동 307-38)","광주 동구 동계천로53번길 2","","순대국밥","","002_나주식당.png","C:\Users\Alfred\Desktop\백종원의 3대천왕\EP.47\002_나주식당.png"
"209","3","EP.47","3","기장손칼국수","부산 부산진구","부산 부산진구 서면로 56 (부전동 256-6)","부산 부산진구 서면로 56","칼국수,만두","칼국수","칼국수 (7,000원) / 비빔칼국수 (7,000원) / 냉칼국수 (7,000원) / 김밥 (2,500원) / 냉콩칼국수 (7,000원)","003_기장손칼국수.png","C:\Users\Alfred\Desktop\백종원의 3대천왕\EP.47\003_기장손칼국수.png"
"210","3","EP.47","4","고향김치전골","부산 중구","부산 중구 부평2길 26 (부평동1가 29-13)","부산 중구 부평2길 26","찌개,전골","김치전골","","004_고향김치전골.png","C:\Users\Alfred\Desktop\백종원의 3대천왕\EP.47\004_고향김치전골.png"
"211","3","EP.48","1","동궁중화요리","부산 중구","부산 중구 충장대로9번길 21-2 (중앙동4가 84-18)","부산 중구 충장대로9번길 21-2","중식당","게살볶음밥","게살볶음밥 (13,000원) / 광동밥 (13,000원) / 잡탕밥 (17,000원) / 유삼스밥 (17,000원) / 마파두부밥 (13,000원) / 삼선볶음밥 (12,000원) / 새우볶음밥 (12,000원)","001_동궁중화요리.png","C:\Users\Alfred\Desktop\백종원의 3대천왕\EP.48\001_동궁중화요리.png"
"212","3","EP.48","2","해운대원조할매국밥","부산 해운대구","부산 해운대구 구남로21번길 33 (우동 611-4)","부산 해운대구 구남로21번길 33","국밥","진한 소고기 육수에 무, 콩나물로 시원함을 살린 경상도식 소고기 국밥","진한 소고기 육수에 무, 콩나물로 시원함을 살린 경상도식 소고기 국밥 (9,500원) / 진한 소고기 육수에 무, 콩나물로 시원함을 살린 경상도식 선지 국밥 (9,500원) / 밥과 국이 따로 나오는 소고기국 한상차림 (10,000원) / 밥과 국이 따로 나오는 선지국 한상차림 (10,000원) / 밥 대신 탱글탱글한 중면을 넣은 소고기 국수 (9,500원) / 밥 대신 탱글탱글한 중면을 넣은 선지 국수 (9,500원) / 깍뚝썰기로 소고기의 풍미를 한층더 느낄수 있는 수육 한그릇 (25,000원) / 소고기수육 대 (35,000원) / 소고기곱배기 (11,000원) / 선지곱배기 (11,000원) / 소고기따로곱배기 (12,000원) / 선지따로곱배기 (12,000원)","002_해운대원조할매국밥.png","C:\Users\Alfred\Desktop\백종원의 3대천왕\EP.48\002_해운대원조할매국밥.png"
"213","3","EP.48","3","쌍대포소금구이","서울 용산구","서울 용산구 청파로 291 (청파동2가 95)","서울 용산구 청파로 291","돼지고기구이","갈빗대에 붙어있는 제일 맛있는 삼겹살! 1일 한정판매(20개)","갈빗대에 붙어있는 제일 맛있는 삼겹살! 1일 한정판매(20개) (22,000원) / 돼지 뒷목살! 꼬들꼬들한 식감이 끝내줍니다 1일 한정판매(50개) (20,000원) / 껍데기는 무조건 쌍대포 (8,000원) / 3-4인분, 해장술밥 (12,000원) / 점심메뉴는 압력밥이 제공됩니다 (12,000원) / 100% 국산콩으로 만든 검정콩국수! (12,000원) / 쌍대포 대표메뉴인 일삼꼬들, 항정살, 통갈매기살, 껍데기로 구성되어 있습니다(2-3인분) (65,000원) / 2인분이상 주문 (18,000원) / 생오겹 (18,000원) / 통갈매기살 (18,000원) / 항정살 (18,000원) / 양념돼지갈비 (18,000원) / 3-4인분으로 고기가 듬뿍들어간 김치찌개입니다 (15,000원) / 3-4인분 (12,000원)","003_쌍대포소금구이.png","C:\Users\Alfred\Desktop\백종원의 3대천왕\EP.48\003_쌍대포소금구이.png"
"214","3","EP.48","4","원할매소문난닭한마리","서울 종로구","서울 종로구 종로40가길 25 (종로5가 282-21)","서울 종로구 종로40가길 25","닭요리","닭한마리","","004_원할매소문난닭한마리.png","C:\Users\Alfred\Desktop\백종원의 3대천왕\EP.48\004_원할매소문난닭한마리.png"
"215","3","EP.49","1","안일옥","경기 안성시","경기 안성시 중앙로411번길 20 (영동 24)","경기 안성시 중앙로411번길 20","한식","설렁탕","","001_안일옥.png","C:\Users\Alfred\Desktop\백종원의 3대천왕\EP.49\001_안일옥.png"
"216","3","EP.49","2","구군계닭집","경기 평택시","경기 평택시 조개터로5번길 22-9 (합정동 922-11)","경기 평택시 조개터로5번길 22-9","닭요리","볶음밥","볶음밥 (2,000원)","002_구군계닭집.png","C:\Users\Alfred\Desktop\백종원의 3대천왕\EP.49\002_구군계닭집.png"
"217","3","EP.49","3","영미오리탕","광주 북구","광주 북구 경양로 126 (유동 102-31)","광주 북구 경양로 126","오리요리","오리탕 한마리","오리탕 한마리 (60,000원) / 오리탕 반마리 (40,000원) / 오리로스 (61,000원) / 오리주물럭 (61,000원)","003_영미오리탕.png","C:\Users\Alfred\Desktop\백종원의 3대천왕\EP.49\003_영미오리탕.png"
"218","3","EP.49","4","굴다리식당","서울 마포구","서울 마포구 새창로 8-1 (도화동 181-45)","서울 마포구 새창로 8-1","한식","김치찌개","김치찌개 (10,000원) / 제육볶음 (12,000원) / 계란말이 (10,000원)","004_굴다리식당.png","C:\Users\Alfred\Desktop\백종원의 3대천왕\EP.49\004_굴다리식당.png"
"219","3","EP.50","1","재래식손두부","강원 인제군","강원 인제군 인제읍 인제로178번길 52-10 (상동리 427-11)","강원 인제군 인제읍 인제로178번길 52-10","두부요리","짜박두부(1인분)","짜박두부(1인분) (12,000원) / 들기름두부구이(1인분) (12,000원) / 두부전골(1인분) (12,000원)","001_재래식손두부.png","C:\Users\Alfred\Desktop\백종원의 3대천왕\EP.50\001_재래식손두부.png"
"220","3","EP.50","2","한미식당","경북 칠곡군","경북 칠곡군 왜관읍 석전로 159 (석전리 367-6)","경북 칠곡군 왜관읍 석전로 159","한식","치즈시내소","","002_한미식당.png","C:\Users\Alfred\Desktop\백종원의 3대천왕\EP.50\002_한미식당.png"
"221","3","EP.50","3","신항돌곱창","경북 포항시","경북 포항시 남구 동해안로 6059-15 (청림동 1172-13)","경북 포항시 남구 동해안로 6059-15","곱창,막창,양","곱창전골만 전문으로 하고 있어 싱싱한 한우와 죽도시장에서 장을 본 신선한 채소만을 사용하고 있습니다. (공기밥포함가격)","곱창전골만 전문으로 하고 있어 싱싱한 한우와 죽도시장에서 장을 본 신선한 채소만을 사용하고 있습니다. (공기밥포함가격) (17,000원) / 공기밥 (1,000원) / 남는 밥을 사용하여 곱창과 함께 볶아 드립니다. (2,000원) / 라면사리 (2,000원) / 우동사리 (2,000원)","003_신항돌곱창.png","C:\Users\Alfred\Desktop\백종원의 3대천왕\EP.50\003_신항돌곱창.png"
"222","3","EP.50","4","송림동해장국","인천 동구","인천 동구 동산로87번길 6 (송림동 59-25)","인천 동구 동산로87번길 6","해장국","설렁탕","설렁탕 (12,000원) / 해장국 (10,000원) / 공기밥 (1,000원)","004_송림동해장국.png","C:\Users\Alfred\Desktop\백종원의 3대천왕\EP.50\004_송림동해장국.png"
"223","3","EP.52","1","보들이족발","서울 은평구","서울 은평구 연서로 230-10 (대조동 185-43)","서울 은평구 연서로 230-10","족발,보쌈","족발","","001_보들이족발.png","C:\Users\Alfred\Desktop\백종원의 3대천왕\EP.52\001_보들이족발.png"
"224","3","EP.52","2","우정","서울 중구","서울 중구 퇴계로76길 55 (신당동 304-791)","서울 중구 퇴계로76길 55","떡볶이","해물떡볶이","해물떡볶이 (25,000원) / 치즈떡볶이 (26,000원) / 짜장떡볶이 (17,000원) / 순한닭발 (10,000원) / 매운닭발 (10,000원)","002_우정.png","C:\Users\Alfred\Desktop\백종원의 3대천왕\EP.52\002_우정.png"
"225","3","EP.52","3","복기할매불닭발","울산 남구","울산 남구 삼산로122번길 12 (달동 703-5)","울산 남구 삼산로122번길 12","닭발","닭발","","003_복기할매불닭발.png","C:\Users\Alfred\Desktop\백종원의 3대천왕\EP.52\003_복기할매불닭발.png"
"226","3","EP.52","4","동아식당","전남 구례군","전남 구례군 구례읍 봉동길 4-5 (봉동리 238-3)","전남 구례군 구례읍 봉동길 4-5","한식","가오리찜 (중)","가오리찜 (중) (25,000원) / 가오리찜 (대) (35,000원) / 돼지족탕 (중) (20,000원) / 돼지족탕 (대) (30,000원) / 김치찌개 (20,000원)","004_동아식당.png","C:\Users\Alfred\Desktop\백종원의 3대천왕\EP.52\004_동아식당.png"
"227","3","EP.53","1","연곡꾹저구탕","강원 강릉시","강원 강릉시 연곡면 진고개로 2679 (방내리 69-4)","강원 강릉시 연곡면 진고개로 2679","한식","꾹저구탕","꾹저구탕 (11,000원) / 은어튀김(중) (25,000원) / 은어튀김(대) (35,000원) / 해물파전 (17,000원) / 메밀전 (6,000원) / 감자송편 (6,000원)","001_연곡꾹저구탕.png","C:\Users\Alfred\Desktop\백종원의 3대천왕\EP.53\001_연곡꾹저구탕.png"
"228","3","EP.53","2","은성횟집","서울 종로구","서울 종로구 창경궁로 88 (종로4가 2-1)","서울 종로구 창경궁로 88","생선회","대구매운탕(2인분)","대구매운탕(2인분) (30,000원) / 공기밥 (1,000원) / 맥주 (5,000원) / 소주 (5,000원) / 청하 (6,000원) / 연어, 소라 (20,000원) / 낙지 (15,000원) / 석화 (15,000원)","002_은성횟집.png","C:\Users\Alfred\Desktop\백종원의 3대천왕\EP.53\002_은성횟집.png"
"229","3","EP.53","3","찬양집","서울 종로구","서울 종로구 돈화문로11다길 5 (돈의동 27)","서울 종로구 돈화문로11다길 5","칼국수,만두","해물칼국수","해물칼국수 (9,000원) / 고기만두 (9,000원) / 김치만두 (9,000원) / 반반만두 (9,000원)","003_찬양집.png","C:\Users\Alfred\Desktop\백종원의 3대천왕\EP.53\003_찬양집.png"
"230","3","EP.53","4","결성칼국수","충남 홍성군","충남 홍성군 결성면 구성남로 31 (읍내리 404)","충남 홍성군 결성면 구성남로 31","칼국수,만두","고기만두","고기만두 (8,000원) / 결성 칼국수 (10,000원) / 굴물회(자연산) (30,000원) / 순대모듬 (28,000원) / 아바이 순대 (14,000원) / 오징어 순대 (16,000원) / 낙지만두 (8,000원)","004_결성칼국수.png","C:\Users\Alfred\Desktop\백종원의 3대천왕\EP.53\004_결성칼국수.png"
"231","3","EP.54","1","산에산에","경남 창원시","경남 창원시 진해구 충장로603번길 1-69 (풍호동 497-5)","경남 창원시 진해구 충장로603번길 1-69","전,빈대떡","수제비","수제비 (8,000원) / 들깨수제비 (9,000원) / 비빔밥 (8,000원) / 통명태전 (15,000원) / 해물파전 (15,000원) / 도토리묵 (15,000원)","001_산에산에.png","C:\Users\Alfred\Desktop\백종원의 3대천왕\EP.54\001_산에산에.png"
"232","3","EP.54","2","범일빈대떡","부산 동구","부산 동구 중앙대로 519 (범일동 85-2)","부산 동구 중앙대로 519","한식","빈대떡","빈대떡 (12,000원) / 파전 (14,000원) / 생탁 (3,000원) / 금정산성막걸리(순) (5,000원) / 국순당쌀막걸리 (4,000원) / 지평 생막걸리 (4,000원) / 소주 (4,000원) / 맥주 (4,000원) / 음료수 (2,000원)","002_범일빈대떡.png","C:\Users\Alfred\Desktop\백종원의 3대천왕\EP.54\002_범일빈대떡.png"
"233","3","EP.54","3","피자아일랜드","서울 서대문구","서울 서대문구 연희로 377 (홍은동 202-5)","서울 서대문구 연희로 377","피자","3~4인용 스페셜피자","3~4인용 스페셜피자 (39,000원) / 3~4인용 컴비네이션 (32,000원) / 3~4인용 페파로니 (34,000원) / 3~4인용 야채 (32,000원) / 3~4인용 감자 (39,000원) / 3~4인용 치즈 (32,000원)","003_피자아일랜드.png","C:\Users\Alfred\Desktop\백종원의 3대천왕\EP.54\003_피자아일랜드.png"
"234","3","EP.54","4","매덕스피자","서울 용산구","서울 용산구 이태원로26길 26 (이태원동 129-9)","서울 용산구 이태원로26길 26","피자","치즈피자(한 조각)","치즈피자(한 조각) (5,400원) / 치즈피자(한 판) (38,000원) / 페퍼로니피자(한 조각) (6,200원) / 페퍼로니피자(한 판) (45,000원) / 마르게리타피자(한 조각) (7,400원) / 마르게리따 피자(한 판) (53,000원) / 초리소피자(한 조각) (7,200원) / 초리소피자(한 판) (52,000원) / 맥앤치즈베이컨피자(한 조각) (7,600원) / 맥앤치즈베이컨피자(한 판) (55,000원) / 시금치&아티초크피자(한 조각) (7,400원) / 시금치&아티초크피자(한 판) (53,000원) / 하와이안피자(한 조각) (7,600원) / 하와이안피자(한 판) (55,000원) / 미트볼피자(한 판) (49,000원)","004_매덕스피자.png","C:\Users\Alfred\Desktop\백종원의 3대천왕\EP.54\004_매덕스피자.png"
"235","3","EP.55","1","엄마손만두","서울 강동구","서울 강동구 올림픽로 683 (천호동 340-34)","서울 강동구 올림픽로 683","만두","만두 5알 떡 조금 들었어요. 시원 칼칼한 국물","만두 5알 떡 조금 들었어요. 시원 칼칼한 국물 (9,000원) / 떡추가 (1,000원) / 반접시만두 (5,000원) / 떡많이만두국 3P (9,000원) / 접시만두 6P (9,000원) / 떡국 (6,000원) / 삶은만두포장 6P (8,000원) / 생만두포장 6P (8,000원) / 냉동만두 10P (12,000원)","001_엄마손만두.png","C:\Users\Alfred\Desktop\백종원의 3대천왕\EP.55\001_엄마손만두.png"
"236","3","EP.55","2","순댕이네얼큰수제비","서울 금천구","서울 금천구 시흥대로136길 1 (독산동 160-17)","서울 금천구 시흥대로136길 1","","수제비","","002_순댕이네얼큰수제비.png","C:\Users\Alfred\Desktop\백종원의 3대천왕\EP.55\002_순댕이네얼큰수제비.png"
"237","3","EP.55","3","노량진수제비","서울 동작구","서울 동작구 여의대방로22길 121 (신대방동 724)","서울 동작구 여의대방로22길 121","","수제비","","003_노량진수제비.png","C:\Users\Alfred\Desktop\백종원의 3대천왕\EP.55\003_노량진수제비.png"
"238","3","EP.55","4","하하","서울 마포구","서울 마포구 동교로 263 (연남동 229-12)","서울 마포구 동교로 263","","군만두","","004_하하.png","C:\Users\Alfred\Desktop\백종원의 3대천왕\EP.55\004_하하.png"
"239","3","EP.56","1","중화반점","대구 중구","대구 중구 중앙대로 406-12 (남일동 92)","대구 중구 중앙대로 406-12","중식당","유산슬","유산슬 (45,000원) / 샤오마이 (10,000원) / 야끼우동 (12,000원) / 중하새우볶음밥 (10,000원) / 자장면 (8,000원) / 야끼밥 (12,500원) / 유산슬밥 (22,000원) / 잡탕밥 (23,000원) / 새우수정딤섬 (10,000원) / 특미야끼우동 (12,000원)","001_중화반점.png","C:\Users\Alfred\Desktop\백종원의 3대천왕\EP.56\001_중화반점.png"
"240","3","EP.56","2","화순반점","인천 동구","인천 동구 만석부두로 3 (만석동 2-70)","인천 동구 만석부두로 3","","간짜장","","002_화순반점.png","C:\Users\Alfred\Desktop\백종원의 3대천왕\EP.56\002_화순반점.png"
"241","3","EP.56","3","홍영장","전북 군산시","전북 군산시 동령길 42 (장미동 1-18)","전북 군산시 동령길 42","중식당","짜장면","짜장면 (7,000원) / 짬뽕 (10,000원) / 간짜장 (10,000원) / 물짜장 (11,000원) / 탕수육 (22,000원) / 사천짜장 (12,000원) / 유니짜장 (11,000원) / 불짬뽕 (12,000원)","003_홍영장.png","C:\Users\Alfred\Desktop\백종원의 3대천왕\EP.56\003_홍영장.png"
"242","3","EP.56","4","대흥각","전북 김제시","전북 김제시 검산택지1길 29 (검산동 1054-1)","전북 김제시 검산택지1길 29","중식당","고추짬뽕","고추짬뽕 (10,000원) / 육미짜장 (10,000원) / 고추짬뽕밥 (11,000원) / 탕수육 (30,000원) / 텐뿌라 (30,000원) / 고추짬뽕국물 (16,000원) / 공기밥 (1,000원)","004_대흥각.png","C:\Users\Alfred\Desktop\백종원의 3대천왕\EP.56\004_대흥각.png"
"243","3","EP.57","1","세모분식","경기 평택시","경기 평택시 중앙시장로9번길 22-4 (신장동 317-60)","경기 평택시 중앙시장로9번길 22-4","종합분식","떡볶이","","001_세모분식.png","C:\Users\Alfred\Desktop\백종원의 3대천왕\EP.57\001_세모분식.png"
"244","3","EP.57","2","전주익산집","서울 관악구","서울 관악구 신림로59길 14 (신림동 1640-31)","서울 관악구 신림로59길 14","순대,순댓국","순대볶음","","002_전주익산집.png","C:\Users\Alfred\Desktop\백종원의 3대천왕\EP.57\002_전주익산집.png"
"245","3","EP.57","3","골목떡볶이","서울 송파구","서울 송파구 문정로1길 33 (문정동 44)","서울 송파구 문정로1길 33","떡볶이","떡볶이","떡볶이 (4,000원) / 순대 (4,000원) / 만두 3개 (1,000원)","003_골목떡볶이.png","C:\Users\Alfred\Desktop\백종원의 3대천왕\EP.57\003_골목떡볶이.png"
"246","3","EP.57","4","충청도순대","충북 단양군","충북 단양군 단양읍 도전5길 37 (도전리 614)","충북 단양군 단양읍 도전5길 37","순대,순댓국","마늘순대","","004_충청도순대.png","C:\Users\Alfred\Desktop\백종원의 3대천왕\EP.57\004_충청도순대.png"
"247","3","EP.58","1","회국수할매집","부산 부산진구","부산 부산진구 서면문화로 5 (부전동 486-1)","부산 부산진구 서면문화로 5","국수","맛있는 비빔국수위에 가오리회가 올라갔습니다","맛있는 비빔국수위에 가오리회가 올라갔습니다 (8,000원) / 충무김밥 (8,000원) / 특회국수 (9,000원) / 비빔국수 (7,000원) / 물국수 (6,000원) / 우동 (6,000원) / 회비빔밥 (9,000원) / 야채비빔밥 (8,000원) / 칼국수 (7,000원) / 김치칼국수 (8,000원) / 감자수제비 (7,000원) / 김치수제비 (8,000원) / 냉국수(여름메뉴) (7,000원) / 콩국수(여름메뉴) (8,000원) / 열무국수(여름메뉴) (8,000원)","001_회국수할매집.png","C:\Users\Alfred\Desktop\백종원의 3대천왕\EP.58\001_회국수할매집.png"
"248","3","EP.58","2","간판없는김치찌개","부산 중구","부산 중구 중구로29번길 10-6 (부평동1가 29-51)","부산 중구 중구로29번길 10-6","찌개,전골","김치찌개","김치찌개 (5,000원) / 어묵김치찌개 (5,000원) / 된장찌개 (5,000원) / 생선찌개 (6,000원)","002_간판없는김치찌개.png","C:\Users\Alfred\Desktop\백종원의 3대천왕\EP.58\002_간판없는김치찌개.png"
"249","3","EP.58","3","고갈비할매집","부산 중구","부산 중구 광복로67번길 22 (광복동2가 2-58)","부산 중구 광복로67번길 22","생선구이","고갈비(대)","고갈비(대) (20,000원) / 고갈비(중) (18,000원) / 고갈비(소) (15,000원) / 계란말이 (10,000원)","003_고갈비할매집.png","C:\Users\Alfred\Desktop\백종원의 3대천왕\EP.58\003_고갈비할매집.png"
"250","3","EP.58","4","김해식당","부산 중구","부산 중구 자갈치로 51-2 (남포동5가 75-3)","부산 중구 자갈치로 51-2","아귀찜,해물찜","생아구수육(大)","생아구수육(大) (95,000원) / 생아구수육(소) (63,000원) / 생아구찜(大) (63,000원) / 생아구찜-중- (50,000원) / 생아구찜-소- (37,000원) / 특아구탕 (20,000원) / 아구탕 (12,000원) / 복국 (18,000원)","004_김해식당.png","C:\Users\Alfred\Desktop\백종원의 3대천왕\EP.58\004_김해식당.png"
"251","3","EP.58","5","부광돼지국밥","부산 중구","부산 중구 대청로141번길 15-1 (중앙동4가 37-7)","부산 중구 대청로141번길 15-1","국밥","돼지국밥","돼지국밥 (10,000원) / 내장국밥 (10,000원) / 순대국밥 (10,000원) / 수육백반 (13,000원) / 수육 소 (30,000원) / 수육 대 (35,000원) / 모듬순대 (25,000원) / 따로국밥 (11,000원)","005_부광돼지국밥.png","C:\Users\Alfred\Desktop\백종원의 3대천왕\EP.58\005_부광돼지국밥.png"
"252","3","EP.58","6","원조깡통골목비빔당면","부산 중구","부산 중구 중구로47번길 28 (부평동2가 11-34)","부산 중구 중구로47번길 28","국수","탱글한 당면에 정구지(부추),단무지,어묵,양념장이 어우러진 메뉴","탱글한 당면에 정구지(부추),단무지,어묵,양념장이 어우러진 메뉴 (7,000원) / 비빔당면에 따끈한 육수, 어묵이 추가된 또 하나의 별미 (8,000원) / 당면으로 꽉찬 유부주머니와 푸짐하게 들어간 어묵, 깔끔한 육수의 삼박자 (7,000원) / 직접 농사지은 콩을 삶아 만든 진한 콩국에 파묻힌 소면 (10,000원) / 유부조림과 데친부추가 매력적인 김밥 (4,000원) / 수제양념으로 만든 매콤달콤한 쌀떡볶이 (6,000원) / 얼음,우유,팥이 들어간 옛날 그 맛 팥빙수 (6,000원) / 물떡1개, 어묵 4개, 뜨끈한 국물까지 맛볼 수 있는 어묵 종합세트 (맛별로 조합 가능) (6,000원) / 우동 (6,000원) / 국수 (6,000원)","006_원조깡통골목비빔당면.png","C:\Users\Alfred\Desktop\백종원의 3대천왕\EP.58\006_원조깡통골목비빔당면.png"
"253","3","EP.58","7","팥빙수, 단팥죽 골목","부산 중구","부산 중구 신창동 국제시장 단팥죽거리","부산 중구 신창동 국제시장 단팥죽거리","죽","단팥죽","","007_팥빙수, 단팥죽 골목.png","C:\Users\Alfred\Desktop\백종원의 3대천왕\EP.58\007_팥빙수, 단팥죽 골목.png"
"254","3","EP.59","1","감초식당","서울 동대문구","서울 동대문구 약령서길 28 (제기동 892-12)","서울 동대문구 약령서길 28","돼지고기구이","물냉면","물냉면 (8,000원) / 비빔냉면 (8,000원) / 2인이상주문가능 국내산돼지갈비 1인분300g (17,000원) / 삼치구이 (12,000원) / 고등어구이 (12,000원) / 순두부(한우.홍합) (10,000원) / 공기밥 (1,000원)","001_감초식당.png","C:\Users\Alfred\Desktop\백종원의 3대천왕\EP.59\001_감초식당.png"
"255","3","EP.59","2","이조보쌈","서울 영등포구","서울 영등포구 당산로 244 (당산동6가 295)","서울 영등포구 당산로 244","족발,보쌈","[저녁추가메뉴]김치찌개","[저녁추가메뉴]김치찌개 (12,000원) / [저녁추가메뉴]순두부찌개 (12,000원) / [저녁추가메뉴]오징어볶음 (16,000원) / [저녁추가메뉴]제육볶음 (16,000원) / 오징어보쌈 중 (36,000원) / 오징어보쌈 대 (43,000원) / 보쌈 대 (40,000원) / 보쌈 중 (33,000원) / 보쌈정식 (11,000원) / 제육볶음 (8,000원) / 오징어볶음 (8,000원) / 김치찌개 (6,000원) / 된장찌개 (6,000원) / 순두부찌개 (6,000원) / 소주 (5,000원)","002_이조보쌈.png","C:\Users\Alfred\Desktop\백종원의 3대천왕\EP.59\002_이조보쌈.png"
"256","3","EP.59","3","머거보까매운갈비찜","서울 중구","서울 중구 다산로10길 5-4 (신당동 368-59)","서울 중구 다산로10길 5-4","육류,고기요리","1인분 추가시","1인분 추가시 (24,000원) / 1인분 추가시 24,000원 (48,000원) / 1인분 추가시 (18,000원) / 1인분 추가시 18,000원 (36,000원) / 순두부계란탕 (4,000원) / 계란말이 (8,000원) / 볶음밥 (3,000원) / 공기밥 (1,000원)","003_머거보까매운갈비찜.png","C:\Users\Alfred\Desktop\백종원의 3대천왕\EP.59\003_머거보까매운갈비찜.png"
"257","3","EP.59","4","물레방아","인천 동구","인천 동구 화수로 80-1 (화수2동 35-28)","인천 동구 화수로 80-1","한식","한치보쌈 특대","한치보쌈 특대 (60,000원) / 한치보쌈(중) (40,000원) / 한치보쌈(대) (50,000원) / 우거지탕 (7,000원) / 한치무침 중 (40,000원) / 한치무침 대 (50,000원)","004_물레방아.png","C:\Users\Alfred\Desktop\백종원의 3대천왕\EP.59\004_물레방아.png"
"258","3","EP.60","1","어우동","경기 구리시","경기 구리시 안골로103번길 7 (수택동 425-18)","경기 구리시 안골로103번길 7","유흥주점","얼큰우동","","001_어우동.png","C:\Users\Alfred\Desktop\백종원의 3대천왕\EP.60\001_어우동.png"
"259","3","EP.60","2","혼가츠","서울 마포구","서울 마포구 와우산로21길 36-6 (서교동 358-49)","서울 마포구 와우산로21길 36-6","돈가스","치즈돈까스","치즈돈까스 (12,000원) / 왕돈까스 (12,000원) / 냉모밀&돈까스세트 (12,000원) / 냉모밀 (9,000원) / 김치나베 (9,000원) / 치즈돈까스&감자튀김세트 (14,000원) / 얼큰한 수삼겹라멘&돈까스 (12,000원) / 얼큰한 우삼겹 일본식 라멘 (10,000원) / 얼큰한 우삼겹라멘&알밥 (13,000원) / 여왕돈까스 (13,000원) / 생안심돈까스 (13,000원) / 생등심돈까스 (12,000원) / 치즈돈까스&새우튀김세트 (12,000원) / 판모밀 (9,000원) / 버터갈릭감자튀김 (8,000원)","002_혼가츠.png","C:\Users\Alfred\Desktop\백종원의 3대천왕\EP.60\002_혼가츠.png"
"260","3","EP.60","3","소담","서울 성북구","서울 성북구 지봉로24길 31 (보문동5가 3-3)","서울 성북구 지봉로24길 31","한식","돌냄비우동","","003_소담.png","C:\Users\Alfred\Desktop\백종원의 3대천왕\EP.60\003_소담.png"
"261","3","EP.60","4","송치마을","전남 순천시","전남 순천시 월등면 송치안길 88 (계월리 82)","전남 순천시 월등면 송치안길 88","한식","경양식돈까스","","004_송치마을.png","C:\Users\Alfred\Desktop\백종원의 3대천왕\EP.60\004_송치마을.png"
"262","3","EP.61","1","진주통닭","경남 진주시","경남 진주시 남강로29번길 15-20 (평거동 1082-4)","경남 진주시 남강로29번길 15-20","한식","빨간닭찜","","001_진주통닭.png","C:\Users\Alfred\Desktop\백종원의 3대천왕\EP.61\001_진주통닭.png"
"263","3","EP.61","2","중앙찜닭","경북 안동시","경북 안동시 번영1길 51 (서부동 181-2)","경북 안동시 번영1길 51","치킨,닭강정","직접 매장에서 닭발을 비법 재료로 푹삶아 하루정도 식혀 얇게 썰은 음식입니다","직접 매장에서 닭발을 비법 재료로 푹삶아 하루정도 식혀 얇게 썰은 음식입니다 (15,000원) / 순살찜닭 (37,000원) / 안동찜닭(대) (48,000원) / 안동찜닭(중) (32,000원) / 간장쪼림닭 (32,000원) / 간장치킨 (23,000원) / 마늘통닭 (23,000원) / 후라이드 (23,000원)","002_중앙찜닭.png","C:\Users\Alfred\Desktop\백종원의 3대천왕\EP.61\002_중앙찜닭.png"
"264","3","EP.61","3","감미치킨","서울 송파구","서울 송파구 토성로 55 (풍납동 405)","서울 송파구 토성로 55","치킨,닭강정","매콤바베큐","매콤바베큐 (20,000원) / 바베큐소스 후라이드 (21,000원) / 소금담백바베큐 (19,000원) / 마늘 후라이드 (19,000원) / 오리진후라이드 (19,000원) / 황도 (9,000원)","003_감미치킨.png","C:\Users\Alfred\Desktop\백종원의 3대천왕\EP.61\003_감미치킨.png"
"265","3","EP.61","4","북경통닭","울산 동구","울산 동구 바드래1길 3 (전하동 300-264)","울산 동구 바드래1길 3","","마늘통닭","","004_북경통닭.png","C:\Users\Alfred\Desktop\백종원의 3대천왕\EP.61\004_북경통닭.png"
"266","3","EP.62","1","송탄시장 붕어빵","경기 평택시","경기 평택시 탄현로 336 (지산동 753-1)","경기 평택시 탄현로 336","","붕어빵","","001_송탄시장 붕어빵.png","C:\Users\Alfred\Desktop\백종원의 3대천왕\EP.62\001_송탄시장 붕어빵.png"
"267","3","EP.62","2","옛날국수집","경북 구미시","경북 구미시 구미중앙로9길 16 (원평동 119-3)","경북 구미시 구미중앙로9길 16","국수","찹쌀수제비","찹쌀수제비 (6,000원) / 메밀국수 (6,000원) / 콩국수 (6,000원) / 칼국수 (5,000원) / 잔치국수 (4,000원) / 도토리묵 (4,000원) / 메밀묵 (4,000원) / 비빔국수 (5,000원)","002_옛날국수집.png","C:\Users\Alfred\Desktop\백종원의 3대천왕\EP.62\002_옛날국수집.png"
"268","3","EP.62","3","장여사의 나뭇잎손만두","대구 달서구","대구 달서구 월배로14길 15 (진천동 626-1)","대구 달서구 월배로14길 15","만두","군만두5개","군만두5개 (7,000원) / 찐만두5개 (6,500원) / 매콤한 양념오뎅 (5,000원) / 맑은 큰오뎅 (1,200원)","003_장여사의 나뭇잎손만두.png","C:\Users\Alfred\Desktop\백종원의 3대천왕\EP.62\003_장여사의 나뭇잎손만두.png"
"269","3","EP.62","4","봉순이팥죽칼국수","전남 화순군","전남 화순군 화순읍 칠충로 132 (향청리 154-3)","전남 화순군 화순읍 칠충로 132","죽","팥칼국수","팥칼국수 (9,000원) / 동지죽 (11,000원) / 바지락칼국수 (11,000원) / 비빔국수 (8,000원) / 잔치국수 (6,000원) / 김치찌개 (10,000원) / 순두부찌개 (10,000원) / 검정콩물국수(계절메뉴) (11,000원) / 냉면(계절메뉴) (11,000원)","004_봉순이팥죽칼국수.png","C:\Users\Alfred\Desktop\백종원의 3대천왕\EP.62\004_봉순이팥죽칼국수.png"
"270","3","EP.62","5","달인명품호떡","전북 전주시","전북 전주시 덕진구 석소로 5-13 (인후동1가 924-3)","전북 전주시 덕진구 석소로 5-13","호떡","호떡(1개)","호떡(1개) (1,500원) / 꼬불이어묵(감칠맛 상천) (1,000원) / 매운맛 꼬불이 어묵 (1,000원) / 고추잡채 어묵 (1,000원) / 오징어맛 어묵 (1,000원) / 치즈맛 어묵 (1,000원) / 쭈꾸미맛 오뎅 (1,000원)","005_달인명품호떡.png","C:\Users\Alfred\Desktop\백종원의 3대천왕\EP.62\005_달인명품호떡.png"
"271","3","EP.63","1","보배집","경기 파주시","경기 파주시 시청로 13 (금촌동 947-30)","경기 파주시 시청로 13","한식","육개장","","001_보배집.png","C:\Users\Alfred\Desktop\백종원의 3대천왕\EP.63\001_보배집.png"
"272","3","EP.63","2","일등식당","서울 마포구","서울 마포구 방울내로 82 (망원동 476-1)","서울 마포구 방울내로 82","해장국","특해장국","특해장국 (11,000원) / 해장국 (8,000원) / 소주/맥주/막걸리 (4,000원)","002_일등식당.png","C:\Users\Alfred\Desktop\백종원의 3대천왕\EP.63\002_일등식당.png"
"273","3","EP.63","3","장원북어국","서울 영등포구","서울 영등포구 국제금융로8길 11 (여의도동 44-1)","서울 영등포구 국제금융로8길 11","한식","아침 8000","아침 8000 (9,000원) / 아침 (7,000원) / 동태탕 (9,000원) / 떡국 (7,000원) / 떡만두국 (7,000원)","003_장원북어국.png","C:\Users\Alfred\Desktop\백종원의 3대천왕\EP.63\003_장원북어국.png"
"274","3","EP.63","4","용마해장국","서울 중랑구","서울 중랑구 용마공원로5길 8 (망우동 407-28)","서울 중랑구 용마공원로5길 8","해장국","해장국","해장국 (10,000원) / (특) 해장국 (13,000원) / 고추장아찌 (포장) (5,000원) / 선지추가 (3,000원)","004_용마해장국.png","C:\Users\Alfred\Desktop\백종원의 3대천왕\EP.63\004_용마해장국.png"
"275","3","EP.64","1","윌리엄스버거","경기 성남시","경기 성남시 분당구 판교역로10번길 14-5 (백현동 579-4)","경기 성남시 분당구 판교역로10번길 14-5","","햄버거","","001_윌리엄스버거.png","C:\Users\Alfred\Desktop\백종원의 3대천왕\EP.64\001_윌리엄스버거.png"
"276","3","EP.64","2","빨간세상 라면학교","경기 의정부시","경기 의정부시 시민로 83 (의정부동 442-12)","경기 의정부시 시민로 83","라면","빨간반","빨간반 (6,000원) / 해물반 (7,000원) / 부대반 (7,000원) / 불주먹밥 (4,000원) / 알주먹밥 (4,500원) / 김치부대반 (7,500원) / 짜짜로니 (6,000원) / 부대짜짜로니 (7,000원) / 북어반 (7,500원) / 특수반 (7,500원) / 오너구리 (6,000원) / 해물너구리 (7,000원) / 치즈반 (6,000원) / 알김밥 (4,500원) / 참치김밥 (4,000원)","002_빨간세상 라면학교.png","C:\Users\Alfred\Desktop\백종원의 3대천왕\EP.64\002_빨간세상 라면학교.png"
"277","3","EP.64","3","나인온스버거","서울 관악구","서울 관악구 관악로12길 108 (봉천동 1625-1)","서울 관악구 관악로12길 108","햄버거","캘리포니아 버거","캘리포니아 버거 (12,500원) / 루꼴라 버거 (12,500원) / 9온스 주니어 버거 (9,500원) / 그릴드 어니언 치즈 버거 (10,000원) / 텅타이드 버거 (12,500원) / 나인온스 버거 (14,500원) / 포시즌 버거 (12,500원) / 칠리 버거 (11,500원) / 코우슬로 샐러드 (2,000원) / 갈릭BBQ버거 (11,000원) / 플레인 밀크 세이크 (6,000원) / 오레오 세이크 (7,000원) / 스트로베리 세이크 (7,000원)","003_나인온스버거.png","C:\Users\Alfred\Desktop\백종원의 3대천왕\EP.64\003_나인온스버거.png"
"278","3","EP.64","4","서대문외할머니라면","서울 서대문구","서울 서대문구 충정로6길 59 (미근동 215)","서울 서대문구 충정로6길 59","라면","다슬기라면","다슬기라면 (8,000원) / 차돌짬뽕라면 (8,000원) / 충무김밥 (7,000원) / 해장라면 (7,000원) / 부대라면 (7,000원) / 된장라면 (7,000원) / 다슬기수제비 (8,500원) / 얼큰수제비 (8,500원) / 꼬마김밥 (3,000원)","004_서대문외할머니라면.png","C:\Users\Alfred\Desktop\백종원의 3대천왕\EP.64\004_서대문외할머니라면.png"
"279","3","EP.65","1","서울곱창","광주 광산구","광주 광산구 송정로15번길 71 (송정동 820-5)","광주 광산구 송정로15번길 71","곱창,막창,양","곱창구이","곱창구이 (24,000원) / 새끼보 (24,000원) / 암뽕순대 (16,000원) / 고기국밥 (9,000원) / 국밥 (8,000원) / 소주, 맥주 (5,000원)","001_서울곱창.png","C:\Users\Alfred\Desktop\백종원의 3대천왕\EP.65\001_서울곱창.png"
"280","3","EP.65","2","호남곱창","서울 종로구","서울 종로구 종로40가길 33 (종로5가 225-28)","서울 종로구 종로40가길 33","곱창,막창,양","알곱창","알곱창 (12,000원) / 야채곱창 (12,000원) / 순대곱창 (12,000원) / 막창 (15,000원) / 소금구이 (15,000원) / 양념구이 (15,000원)","002_호남곱창.png","C:\Users\Alfred\Desktop\백종원의 3대천왕\EP.65\002_호남곱창.png"
"281","3","EP.65","3","독천식당","전남 목포시","전남 목포시 호남로64번길 3-1 (호남동 10-36)","전남 목포시 호남로64번길 3-1","낙지요리","낙지비빔밥","낙지비빔밥 (15,000원) / 연포탕 (23,000원) / 1인분 주문불가 (27,000원) / 낙지볶음(중) (45,000원) / 낙지볶음(대) (60,000원) / 낙지탕탕이(중) (45,000원) / 낙지탕탕이(대) (60,000원) / 산낙지(중) (45,000원) / 산낙지(대) (60,000원) / 낙지호롱구이 (45,000원) / 낙지무침(중) (45,000원) / 낙지무침(대) (60,000원) / 공기밥 (1,000원)","003_독천식당.png","C:\Users\Alfred\Desktop\백종원의 3대천왕\EP.65\003_독천식당.png"
"282","3","EP.65","4","인정받은불낙지","충남 천안시","충남 천안시 동남구 중앙로 16 (원성동 600-1)","충남 천안시 동남구 중앙로 16","낙지요리","산낙지","산낙지 (30,000원) / 낙삼불고기(냉동,소) (30,000원) / 낙지덮밥 (8,000원) / 낙지불낙찜(산낙지) (16,000원) / 연포탕(산낙지) (16,000원)","004_인정받은불낙지.png","C:\Users\Alfred\Desktop\백종원의 3대천왕\EP.65\004_인정받은불낙지.png"
"283","3","EP.66","1","위드유","경기 안산시","경기 안산시 단원구 광덕3로 167-12 (고잔동 726-9)","경기 안산시 단원구 광덕3로 167-12","가구,인테리어","로제파스타","","001_위드유.png","C:\Users\Alfred\Desktop\백종원의 3대천왕\EP.66\001_위드유.png"
"284","3","EP.66","2","모짜르트","부산 남구","부산 남구 유엔평화로76번길 26 (대연4동 965-2)","부산 남구 유엔평화로76번길 26","양식","후식포함가격(커피or쥬스.or아이스크림)","후식포함가격(커피or쥬스.or아이스크림) (12,000원) / (쇠고기100%) 후식포함가격(커피or쥬스or아이스크림) (15,000원) / 후식포함가격(커피or쥬스or아이스크림) (14,000원) / 치즈오븐스파게티 (15,000원) / 해산물스파게티 (15,000원) / 후식포함가격(커피or쥬스or아이스크림) (19,000원) / 후식포함가격(커피or쥬스or아이스크림) (35,000원)","002_모짜르트.png","C:\Users\Alfred\Desktop\백종원의 3대천왕\EP.66\002_모짜르트.png"
"285","3","EP.66","3","윤씨밀방","서울 마포구","서울 마포구 와우산로15길 15 (서교동 411-6)","서울 마포구 와우산로15길 15","스테이크,립","함박스테이크","","003_윤씨밀방.png","C:\Users\Alfred\Desktop\백종원의 3대천왕\EP.66\003_윤씨밀방.png"
"286","3","EP.66","4","하롱베이의하루","서울 영등포구","서울 영등포구 의사당대로 38 (여의도동 17)","서울 영등포구 의사당대로 38","베트남음식","하롱베이 쌀국수","하롱베이 쌀국수 (12,000원) / 나시고랭 (16,000원) / 반미 (7,500원) / 분짜 (16,000원) / 향라 깐풍 치킨윙 (20,000원) / 돼지고기볶음덮밥 (16,000원) / 새우퐁커리 (16,000원) / 해산물 쌀국수 (13,000원) / 스프링롤 (5,500원) / 감자말이 새우튀김 (7,000원) / 월남쌈 (1인)-2인 이상 주문가능 (20,000원) / 바베큐 삼겹 (25,000원) / 바베큐 닭갈비 (22,000원) / 바베큐 고추 치킨 (23,000원) / 팟타이 (16,500원)","004_하롱베이의하루.png","C:\Users\Alfred\Desktop\백종원의 3대천왕\EP.66\004_하롱베이의하루.png"
"287","3","EP.66","5","수와래","서울 종로구","서울 종로구 삼청로 82 (삼청동 35-116)","서울 종로구 삼청로 82","미용실","빠네파스타","","005_수와래.png","C:\Users\Alfred\Desktop\백종원의 3대천왕\EP.66\005_수와래.png"
"288","3","EP.67","1","금암우족탕","전북 전주시","전북 전주시 덕진구 태진로 136 (금암1동 455-25)","전북 전주시 덕진구 태진로 136","곰탕,설렁탕","한우 우족탕","한우 우족탕 (15,000원) / 한우 갈비탕 (15,000원) / 한우특우족탕 (19,000원) / 한우 설렁탕 (12,000원) / 한우 수육 중 (45,000원) / 한우 수육 대 (55,000원)","001_금암우족탕.png","C:\Users\Alfred\Desktop\백종원의 3대천왕\EP.67\001_금암우족탕.png"
"289","3","EP.67","2","삼양다방","전북 전주시","전북 전주시 완산구 동문길 94 (경원동2가 7-9)","전북 전주시 완산구 동문길 94","다방","더치커피","더치커피 (6,000원) / 핸드드립 (6,000원) / 72시간 줄기,뿌리,열매 따로 항아리 중탕까지 최적의 레시피로 진하고 부드러운 수제 쌍화차 (9,000원) / 삼양팥빙수 (12,000원) / 삼양커피/양촌리 (4,000원) / 아메리카노 (4,000원)","002_삼양다방.png","C:\Users\Alfred\Desktop\백종원의 3대천왕\EP.67\002_삼양다방.png"
"290","3","EP.67","3","성미당","전북 전주시","전북 전주시 완산구 전라감영5길 19-9 (중앙동3가 31-2)","전북 전주시 완산구 전라감영5길 19-9","비빔밥","국내산 육우","국내산 육우 (18,000원) / 전주비빔밥 (16,000원) / 삼계탕 (18,000원) / 떡국 (15,000원) / 해물파전 (14,000원) / 황포묵무침 (14,000원) / 황포묵 (10,000원) / 육회(소) (35,000원) / 육회(대) (45,000원) / 뚝배기불고기 (8,000원)","003_성미당.png","C:\Users\Alfred\Desktop\백종원의 3대천왕\EP.67\003_성미당.png"
"291","3","EP.67","4","용진집막걸리","전북 전주시","전북 전주시 완산구 거마산로 14 (삼천동1가 623-5)","전북 전주시 완산구 거마산로 14","","가족한상차림","가족한상차림 (75,000원) / 커플상 (45,000원) / 보리굴비 (15,000원) / 막걸리(1병) (4,000원) / 소주/맥주 (5,000원) / 모주 (7,000원) / 바나나막걸리 (7,000원) / 밤막걸리 (5,000원) / 음료 (2,000원)","004_용진집막걸리.png","C:\Users\Alfred\Desktop\백종원의 3대천왕\EP.67\004_용진집막걸리.png"
"292","3","EP.67","5","우정식당","전북 전주시","전북 전주시 완산구 풍남문2길 55 (전동3가 2)","전북 전주시 완산구 풍남문2길 55","국밥","전주 또간집에서 풍자가 먹고 간 콩나물국밥","전주 또간집에서 풍자가 먹고 간 콩나물국밥 (8,000원) / 사장님이 직접 끓여서 만드는 기가 막힌 모주 (2,000원) / 사장님이 직접 끓여서 만드는 기가 막힌 모주 (15,000원) / 사장님이 직접 끓여서 만드는 기가 막힌 모주 (10,000원) / 오징어한마리 (8,000원) / 오징어반마리 (5,000원) / 만두 (5,000원)","005_우정식당.png","C:\Users\Alfred\Desktop\백종원의 3대천왕\EP.67\005_우정식당.png"
"293","3","EP.67","6","현대닭내장","전북 전주시","전북 전주시 완산구 공북로 98 (서노송동 655-4)","전북 전주시 완산구 공북로 98","닭요리","닭내장탕(대)","닭내장탕(대) (40,000원) / 닭내장탕(소) (28,000원) / 닭내장탕(중) (35,000원) / 닭내장탕(특대) (50,000원) / 돼지갈비전골(중) (35,000원) / 공기밥/라면사리 (1,000원) / 돼지갈비전골(특대) (50,000원) / 돼지갈비전골(대) (40,000원) / 돼지갈비전골(소) (28,000원) / 비빔 (2,000원)","006_현대닭내장.png","C:\Users\Alfred\Desktop\백종원의 3대천왕\EP.67\006_현대닭내장.png"
"294","4","EP.68","1","포사이","경기 광주시","경기 광주시 퇴촌면 정영로 574 (도수리 89-8)","경기 광주시 퇴촌면 정영로 574","베트남음식","쌀국수 대 12,000","쌀국수 대 12,000 (10,000원) / 월남쌈 3인분 39000 (27,000원) / 양지차돌쌀국수(작은그릇) (10,000원) / 양지차돌쌀국수(큰그릇) (12,000원) / 차돌박이 쌀국수 작은그릇 (10,000원) / 차돌박이쌀국수 큰그릇 (12,000원) / 돼지고기 숯불구이덮밥과 에그롤 (11,000원) / 쌀국수,돼지고기 숯불구이덮밥과 에그롤 (12,000원) / 에그롤 (4,000원) / 스프링롤 (4,000원) / 모듬롤 (5,000원) / 쌈고기 추가 (4,000원) / 양지추가 (4,000원)","001_포사이.png","C:\Users\Alfred\Desktop\백종원의 3대천왕\EP.68\001_포사이.png"
"295","4","EP.68","2","발리비스트로","서울 마포구","서울 마포구 백범로1길 8-15 (노고산동 31-74)","서울 마포구 백범로1길 8-15","","미고렝","","002_발리비스트로.png","C:\Users\Alfred\Desktop\백종원의 3대천왕\EP.68\002_발리비스트로.png"
"296","4","EP.68","3","가마마루이라멘","서울 서대문구","서울 서대문구 성산로22길 4 (창천동 91-6)","서울 서대문구 성산로22길 4","일본식라면","가마마루이 시그니쳐 돈코츠라멘","가마마루이 시그니쳐 돈코츠라멘 (10,000원) / 진한 돈코츠 육수와 자가 제면에 두툼한 챠슈 5장이 올려가 라멘의 깊은 맛과 풍미가 일품 (13,000원) / 매콤한 양념과 진한 육수가 조화롭게 어우러진 일본식 매운 라멘의 자극적이고 중독성 강한맛 (11,000원) / 극강의 매운맛과 진한 육수가 만나 완성된 매운맛, 애호가들을 위한 도전적인 라멘 (12,500원) / 상상을 초월하는 극한의 매운맛과 깊은 육수가 어우러져 강한 도전 정신이 필요한 라멘 (13,000원) / 저희 가마마루이 시그니처 온천란입니다~ (2,000원) / 신선한 닭고기정육을 맛있게 염지한뒤, 노릇하게 바삭하게 2번튀겨 더욱 맛있습니다 (7,000원) / 크고 통통한 새우를 노릇하게 튀겨내 달큰한 맛과 바삭한 식감이 일품인 새우튀김 요리 (5,000원) / 라멘에 넣어먹으면 누룽지탕같은 매력을 느끼실수있습니다~! (2,500원)","003_가마마루이라멘.png","C:\Users\Alfred\Desktop\백종원의 3대천왕\EP.68\003_가마마루이라멘.png"
"297","4","EP.68","4","홍은손칼국수전문점","서울 서대문구","서울 서대문구 홍은중앙로 27 (홍은동 48-100)","서울 서대문구 홍은중앙로 27","칼국수,만두","손칼국수","손칼국수 (9,000원)","004_홍은손칼국수전문점.png","C:\Users\Alfred\Desktop\백종원의 3대천왕\EP.68\004_홍은손칼국수전문점.png"
"298","4","EP.68","5","왕타이","서울 용산구","서울 용산구 이태원로 151 (이태원동 176-2)","서울 용산구 이태원로 151","피부,체형관리","팟타이","","005_왕타이.png","C:\Users\Alfred\Desktop\백종원의 3대천왕\EP.68\005_왕타이.png"
"299","4","EP.69","1","고향집","강원 인제군","강원 인제군 기린면 조침령로 115 (현리 196)","강원 인제군 기린면 조침령로 115","한식","비지찌개","","001_고향집.png","C:\Users\Alfred\Desktop\백종원의 3대천왕\EP.69\001_고향집.png"
"300","4","EP.69","2","성전식당","경북 안동시","경북 안동시 동흥1길 9 (운흥동 205-4)","경북 안동시 동흥1길 9","한식","된장찌개(1인)","된장찌개(1인) (9,000원) / 김치찌개 (9,000원)","002_성전식당.png","C:\Users\Alfred\Desktop\백종원의 3대천왕\EP.69\002_성전식당.png"
"301","4","EP.69","3","장군멸치회촌","부산 기장군","부산 기장군 기장읍 기장해안로 607 (대변리 325-4)","부산 기장군 기장읍 기장해안로 607","해물,생선요리","2인 세트","2인 세트 (50,000원) / 멸치튀김 (10,000원) / 멸치구이 (10,000원) / 갈치찌개 (50,000원)","003_장군멸치회촌.png","C:\Users\Alfred\Desktop\백종원의 3대천왕\EP.69\003_장군멸치회촌.png"
"302","4","EP.69","4","명월집","인천 중구","인천 중구 신포로23번길 41 (중앙동3가 4-46)","인천 중구 신포로23번길 41","백반,가정식","김치찌개백반","김치찌개백반 (10,000원)","004_명월집.png","C:\Users\Alfred\Desktop\백종원의 3대천왕\EP.69\004_명월집.png"
"303","4","EP.69","5","진국집","충남 서산시","충남 서산시 관아문길 19-10 (읍내동 1)","충남 서산시 관아문길 19-10","게요리","봄꽃게장(1마리)","봄꽃게장(1마리) (26,000원) / 우럭젓국/2인 (65,000원) / 제육추가 (14,000원) / 오징어추가 (14,000원) / 세트메뉴 2인 이상 (34,000원) / 세트메뉴 2인 이상(2인기준 1마리, 추가1마리 12000) (34,000원) / 게국지(백반) (10,000원) / 우럭포찜 2인 (60,000원) / 게국지 오징어볶음/2인 (34,000원) / 어리굴젓 (5,000원) / 보리굴비추가 (14,000원) / 수육추가 (14,000원) / 누룽지 (2,000원)","005_진국집.png","C:\Users\Alfred\Desktop\백종원의 3대천왕\EP.69\005_진국집.png"
"304","4","EP.70","1","진미옥","경기 동두천시","경기 동두천시 생연로 185-1 (생연동 578-55)","경기 동두천시 생연로 185-1","곰탕,설렁탕","설렁탕","설렁탕 (10,000원) / 특설렁탕 (15,000원) / 양지설렁탕 (15,000원) / 수육 (30,000원) / 양지수육 (35,000원) / 수육전골찜大 (70,000원) / 수육전골찜小 (50,000원)","001_진미옥.png","C:\Users\Alfred\Desktop\백종원의 3대천왕\EP.70\001_진미옥.png"
"305","4","EP.70","2","용문원조능이버섯국밥","경기 양평군","경기 양평군 용문면 용문역길 12 (다문리 737-34)","경기 양평군 용문면 용문역길 12","국밥","백숙","백숙 (80,000원) / 막국수 (7,000원) / 1인분 세트메뉴 (전골 + 약초밥). 2인 이상 주 (15,000원) / 능이버섯전골 2인분 포장됩니다.(진공포장/아이스팩 포함) (30,000원) / 능이버섯전골 3인분 포장됩니다.(진공포장/아이스팩 포함) (45,000원) / 능이국밥 (15,000원)","002_용문원조능이버섯국밥.png","C:\Users\Alfred\Desktop\백종원의 3대천왕\EP.70\002_용문원조능이버섯국밥.png"
"306","4","EP.70","3","유화초전복죽","경북 포항시","경북 포항시 북구 죽도시장2길 32 (죽도동 576-2)","경북 포항시 북구 죽도시장2길 32","죽","깻잎무침 소","깻잎무침 소 (15,000원) / 깻잎무침 대 (20,000원) / 고들빼기 소 (15,000원) / 고들빼기 대 (20,000원) / 간장고추1kg (20,000원) / 포장메뉴 (25,000원) / 포장메뉴 (20,000원) / 포장메뉴 (30,000원) / 전복죽(일반) (17,000원) / 특 전복죽 (22,000원) / 전복회 (변동) / 전복구이 (변동) / 전복물회 (30,000원)","003_유화초전복죽.png","C:\Users\Alfred\Desktop\백종원의 3대천왕\EP.70\003_유화초전복죽.png"
"307","4","EP.70","4","해당화굴구이","충남 보령시","충남 보령시 천북면 홍보로 1061 (장은리 산205)","충남 보령시 천북면 홍보로 1061","굴요리","*베스트* 석화1망+가리비1KG 4인베스트","*베스트* 석화1망+가리비1KG 4인베스트 (65,000원) / 생굴+굴무침+굴전+하프쉘+소라찜+굴,가리비찜 +2인기준 국수or라면 선택1 (35,000원) / 구이반찜반 두가지맛 (60,000원) / 연탄에 구워 먹던 옛 추억이 떠오를때! (60,000원) / 깔끔하게 먹고싶을때 (50,000원) / 석화반망+가리비1KG 2인 최적 (60,000원) / 석화반망+가리비1KG 2인 최적 (50,000원) / 들기름 레몬즙 초장의 조화 (35,000원) / 가성비 최고의 굴파티 (25,000원) / 동치미국물베이스 (25,000원) / 새콤달콤 (25,000원) / 소라 (25,000원) / 낙지탕탕이 (25,000원) / 찜or구이선택가능 (20,000원) / 굴밥 (15,000원)","004_해당화굴구이.png","C:\Users\Alfred\Desktop\백종원의 3대천왕\EP.70\004_해당화굴구이.png"
"308","4","EP.70","5","산수파김치장어","충남 서산시","충남 서산시 해미면 산수로 6 (산수리 산72-13)","충남 서산시 해미면 산수로 6","장어,먹장어요리","초벌된장어를 매콤한소스와 새콤한 파김치와 함께 졸여먹는 파김치장어조림","초벌된장어를 매콤한소스와 새콤한 파김치와 함께 졸여먹는 파김치장어조림 (45,000원) / 어죽 (9,000원) / 누룽지 (2,000원) / 비빔 공기 (2,000원)","005_산수파김치장어.png","C:\Users\Alfred\Desktop\백종원의 3대천왕\EP.70\005_산수파김치장어.png"
"309","4","EP.71","1","송정떡갈비 1호점","광주 광산구","광주 광산구 광산로29번길 1 (송정2동 826-3)","광주 광산구 광산로29번길 1","육류,고기요리","한우떡갈비+쌈채소+쌈장+고추+마늘+쌈무+뼈국 (공기밥 미포함)","한우떡갈비+쌈채소+쌈장+고추+마늘+쌈무+뼈국 (공기밥 미포함) (27,000원) / 떡갈비+쌈채소+쌈장+고추+마늘+쌈무+뼈국 (공기밥 미포함) (18,000원) / 육회비빔밥(1 인분) (12,000원) / 유황오리떡갈비+쌈채소+쌈장+고추+마늘+쌈무+뼈국 (공기밥 미포함) (19,000원) / (공기밥 미포함) (50,000원) / 육회반접시(150g) (30,000원) / 음료(사이다 1병 350ml) (2,000원) / 음료(콜라 1병 350ml) (2,000원) / 음료(환타(파인) 1병 350ml) (2,000원)","001_송정떡갈비 1호점.png","C:\Users\Alfred\Desktop\백종원의 3대천왕\EP.71\001_송정떡갈비 1호점.png"
"310","4","EP.71","2","너도나도식당","서울 영등포구","서울 영등포구 양평로 126 (양평동5가 57-1)","서울 영등포구 양평로 126","한식","제육볶음","","002_너도나도식당.png","C:\Users\Alfred\Desktop\백종원의 3대천왕\EP.71\002_너도나도식당.png"
"311","4","EP.71","3","한일식당","서울 종로구","서울 종로구 수표로20길 16-17 (관수동 43-2)","서울 종로구 수표로20길 16-17","생선구이","갈치구이","갈치구이 (15,000원) / 황태구이 (14,000원) / 조기구이 (14,000원) / 삼치구이 (14,000원) / 꽁치구이 (14,000원) / 고등어구이 (14,000원)","003_한일식당.png","C:\Users\Alfred\Desktop\백종원의 3대천왕\EP.71\003_한일식당.png"
"312","4","EP.71","4","맛나게장","전남 여수시","전남 여수시 신기남3길 22-4 (신기동 66-10)","전남 여수시 신기남3길 22-4","게요리","맛나게장상표가 없는 제품은 맛나게장 상품이 아님을 알려드립니다. 인터넷판매x 전화판매o","맛나게장상표가 없는 제품은 맛나게장 상품이 아님을 알려드립니다. 인터넷판매x 전화판매o (변동) / 돌게정식(간장&양념)과+갓김치넣은 고등어조림 한상차림 (16,000원) / 연평도산 암꽃게정식(간장&양념)과+돌산갓을넣은 갓고등어조림 + 날치알 한상차림 (30,000원) / 연평도산 알배기 암꽃게 5~6마리 (100,000원) / 연평도산 알배기 암꽃게 3~4마리 (90,000원) / 포장판매-양념꽃게장3.0kg (105,000원) / 포장판매-양념꽃게장2.0kg) (95,000원) / 포장판매-간장돌게장3.5kg (45,000원) / 포장판매-간장돌게장2.0kg (35,000원) / 포장판매-양념돌게장2.5kg (50,000원) / 포장판매-양념돌게장1.5kg (40,000원) / 포장판매-여수돌산갓김치5kg (50,000원) / 포장판매-여수돌산갓김치3kg (30,000원) / 초등학생 (12,000원) / 치즈돈가스 (12,000원)","004_맛나게장.png","C:\Users\Alfred\Desktop\백종원의 3대천왕\EP.71\004_맛나게장.png"
"313","4","EP.71","5","삼대젓갈직판장","전북 부안군","전북 부안군 진서면 곰소항길 25 (곰소리 619)","전북 부안군 진서면 곰소항길 25","젓갈","백합탕 젓갈세트 2인","백합탕 젓갈세트 2인 (30,000원) / 백합탕 젓갈세트 3인 (40,000원) / 백합탕 젓갈세트 4인 (50,000원) / 공기밥 (1,000원)","005_삼대젓갈직판장.png","C:\Users\Alfred\Desktop\백종원의 3대천왕\EP.71\005_삼대젓갈직판장.png"
"314","4","EP.72","1","진흥반점","대구 남구","대구 남구 이천로28길 43-2 (이천동 311-28)","대구 남구 이천로28길 43-2","중식당","짬뽕","짬뽕 (10,000원) / 짬뽕밥 (11,000원) / 볶음밥 (10,000원) / 짜장면 (6,000원)","001_진흥반점.png","C:\Users\Alfred\Desktop\백종원의 3대천왕\EP.72\001_진흥반점.png"
"315","4","EP.72","2","청학식당","대구 남구","대구 남구 봉덕로1길 52-1 (봉덕동 599-12)","대구 남구 봉덕로1길 52-1","한식","대구탕","","002_청학식당.png","C:\Users\Alfred\Desktop\백종원의 3대천왕\EP.72\002_청학식당.png"
"316","4","EP.72","3","꼬꼬하우스","대구 동구","대구 동구 아양로9길 10 (신암동 597-1)","대구 동구 아양로9길 10","치킨,닭강정","닭똥집","","003_꼬꼬하우스.png","C:\Users\Alfred\Desktop\백종원의 3대천왕\EP.72\003_꼬꼬하우스.png"
"317","4","EP.72","4","미성복어불고기","대구 수성구","대구 수성구 들안로 87 (상동 12-7)","대구 수성구 들안로 87","복어요리","복어불고기","","004_미성복어불고기.png","C:\Users\Alfred\Desktop\백종원의 3대천왕\EP.72\004_미성복어불고기.png"
"318","4","EP.72","5","태능집","대구 중구","대구 중구 달성로22길 86 (수창동 91-7)","대구 중구 달성로22길 86","포장마차","우동","우동 (4,000원) / 돼지불고기(중) (12,000원) / 돼지불고기(대) (18,000원) / 돼지불고기(특대) (24,000원)","005_태능집.png","C:\Users\Alfred\Desktop\백종원의 3대천왕\EP.72\005_태능집.png"
"319","4","EP.73","1","박순례손말이고기 산정집","강원 원주시","강원 원주시 천사로 203-15 (일산동 217-8)","강원 원주시 천사로 203-15","소고기구이","파 ,꽈리고추, 표고버섯 3가지 맛을 선택하실수 있습니다. 꽈리고추, 표고버섯은 한정판매","파 ,꽈리고추, 표고버섯 3가지 맛을 선택하실수 있습니다. 꽈리고추, 표고버섯은 한정판매 (27,000원) / 한우가 듬뿍 들어간 된장찌개 뚝배기로 나옴니다. (10,000원) / 고기를 구운후 무쇠불판에 끓여먹는 오리지널맛 (4,000원) / 양념한우고명을 넣어 조물조물 남녀노소 모두 좋아하는 맛 (6,000원) / 물냉면 (7,000원) / 공기밥 (1,000원) / 음료수 (2,000원)","001_박순례손말이고기 산정집.png","C:\Users\Alfred\Desktop\백종원의 3대천왕\EP.73\001_박순례손말이고기 산정집.png"
"320","4","EP.73","2","대구식당","경남 함안군","경남 함안군 함안면 북촌2길 50-27 (북촌리 957-16)","경남 함안군 함안면 북촌2길 50-27","","소고기국밥","","002_대구식당.png","C:\Users\Alfred\Desktop\백종원의 3대천왕\EP.73\002_대구식당.png"
"321","4","EP.73","3","삼일식육식당","경남 함양군","경남 함양군 안의면 광풍로 141 (금천리 49-69)","경남 함양군 안의면 광풍로 141","육류,고기요리","안의갈비찜 대","안의갈비찜 대 (90,000원) / 안의갈비찜 소 (75,000원) / 안의갈비탕 (18,000원)","003_삼일식육식당.png","C:\Users\Alfred\Desktop\백종원의 3대천왕\EP.73\003_삼일식육식당.png"
"322","4","EP.73","4","허파식당","서울 동대문구","서울 동대문구 왕산로26가길 17 (용두동 52-12)","서울 동대문구 왕산로26가길 17","찌개,전골","허파전골 (소)","허파전골 (소) (23,000원) / 허파전골(중) (28,000원) / 허파전골(대) (38,000원)","004_허파식당.png","C:\Users\Alfred\Desktop\백종원의 3대천왕\EP.73\004_허파식당.png"
"323","4","EP.74","1","쿠시카츠쿠마","경기 안양시","경기 안양시 동안구 관평로182번길 43 (부림동 1601-1)","경기 안양시 동안구 관평로182번길 43","이자카야","구로쿠마코스(12종)","구로쿠마코스(12종) (24,000원) / 판다코스 (35,000원) / 테바사키 (16,000원) / 닭고기가라아게 (16,000원) / 오뎅탕 (14,000원) / 고로케 (11,000원) / 문어가라아게 (13,000원) / 매운맛미소라멘 (10,000원)","001_쿠시카츠쿠마.png","C:\Users\Alfred\Desktop\백종원의 3대천왕\EP.74\001_쿠시카츠쿠마.png"
"324","4","EP.74","2","고가네숯불구이통닭","서울 동작구","서울 동작구 상도로 136 (상도동 190-3)","서울 동작구 상도로 136","치킨,닭강정","닭꼬치","","002_고가네숯불구이통닭.png","C:\Users\Alfred\Desktop\백종원의 3대천왕\EP.74\002_고가네숯불구이통닭.png"
"325","4","EP.74","3","망원양꼬치","서울 마포구","서울 마포구 월드컵로13길 17 (망원동 379-2)","서울 마포구 월드컵로13길 17","양꼬치","양꼬치","양꼬치 (15,000원) / 양갈비살꼬치 (17,000원) / 양사태꼬치 (15,000원) / 막창꼬치 (15,000원) / 새우꼬치 (10,000원) / 양등갈비 (18,000원) / 소갈비살꼬치 (15,000원) / 마라갈비 (18,000원) / 닭똥집/염통 (10,000원) / 닭날개 (10,000원) / 고급양갈비 (30,000원) / 콩팥 (10,000원) / 지레 (10,000원) / 오돌뼈 (11,000원) / 오징어 (12,000원)","003_망원양꼬치.png","C:\Users\Alfred\Desktop\백종원의 3대천왕\EP.74\003_망원양꼬치.png"
"326","4","EP.74","4","쿠이신보","서울 마포구","서울 마포구 양화로6길 38 (합정동 413-16)","서울 마포구 양화로6길 38","이자카야","야키토리 5종세트","야키토리 5종세트 (16,500원) / 야키토리 3종세트 (9,800원) / 아카미 (18,500원) / 연어사시미 (11,000원) / 요세나베 (25,000원) / 치킨난방 (16,000원) / 카라아게 (15,000원) / 명란구이 (9,000원) / 오챠즈케 (7,000원)","004_쿠이신보.png","C:\Users\Alfred\Desktop\백종원의 3대천왕\EP.74\004_쿠이신보.png"
"327","4","EP.75","1","온천할머니집","광주 동구","광주 동구 지호로127번길 29 (지산동 67-21)","광주 동구 지호로127번길 29","","보리밥","","001_온천할머니집.png","C:\Users\Alfred\Desktop\백종원의 3대천왕\EP.75\001_온천할머니집.png"
"328","4","EP.75","2","대길고추불고기","부산 금정구","부산 금정구 장전로 47 (장전동 360-5)","부산 금정구 장전로 47","한식","고추장불고기","","002_대길고추불고기.png","C:\Users\Alfred\Desktop\백종원의 3대천왕\EP.75\002_대길고추불고기.png"
"329","4","EP.75","3","돈파스팔레","서울 관악구","서울 관악구 남부순환로 1947 (봉천동 1688-127)","서울 관악구 남부순환로 1947","","돈까스파스타","","003_돈파스팔레.png","C:\Users\Alfred\Desktop\백종원의 3대천왕\EP.75\003_돈파스팔레.png"
"330","4","EP.75","4","선다래","서울 용산구","서울 용산구 청파로47길 89 (청파동2가 55-8)","서울 용산구 청파로47길 89","중개업","비프오므라이스","","004_선다래.png","C:\Users\Alfred\Desktop\백종원의 3대천왕\EP.75\004_선다래.png"
"331","4","EP.76","1","이층횟집","경남 창원시","경남 창원시 마산합포구 진동면 미더덕로 345-1 (고현리 291-2)","경남 창원시 마산합포구 진동면 미더덕로 345-1","","미더덕덮밥","","001_이층횟집.png","C:\Users\Alfred\Desktop\백종원의 3대천왕\EP.76\001_이층횟집.png"
"332","4","EP.76","2","용수천농원","대구 동구","대구 동구 용수동 468","대구 동구 용수동 468","유기농산물","미나리삼겹살","","002_용수천농원.png","C:\Users\Alfred\Desktop\백종원의 3대천왕\EP.76\002_용수천농원.png"
"333","4","EP.76","3","그린하우스","충남 보령시","충남 보령시 웅천읍 열린바다2길 22 (관당리 797-2)","충남 보령시 웅천읍 열린바다2길 22","해물,생선요리","2~3인, 산지 가격에 따라 가격이 변동될 수 있습니다","2~3인, 산지 가격에 따라 가격이 변동될 수 있습니다 (80,000원) / 바지락 칼국수, 2인이상 주문 가능 (10,000원)","003_그린하우스.png","C:\Users\Alfred\Desktop\백종원의 3대천왕\EP.76\003_그린하우스.png"
"334","4","EP.76","4","신창집","충남 예산군","충남 예산군 삽교읍 삽교로4길 7-9 (두리 568-51)","충남 예산군 삽교읍 삽교로4길 7-9","곱창,막창,양","곱창구이 2인분","곱창구이 2인분 (28,000원) / 볶음밥 (2,000원) / 공기밥 (1,000원) / 라면사리 (2,000원)","004_신창집.png","C:\Users\Alfred\Desktop\백종원의 3대천왕\EP.76\004_신창집.png"
"335","4","EP.77","1","엄마네돼지찌개","광주 동구","광주 동구 문화전당로23번길 33 (금동 77)","광주 동구 문화전당로23번길 33","한식","돼지찌개(2인이상주문가능)","돼지찌개(2인이상주문가능) (12,000원)","001_엄마네돼지찌개.png","C:\Users\Alfred\Desktop\백종원의 3대천왕\EP.77\001_엄마네돼지찌개.png"
"336","4","EP.77","2","미세노센세","대전 서구","대전 서구 계룡로553번안길 65 (탄방동 757)","대전 서구 계룡로553번안길 65","아시아음식","채소를 이용한 깔끔한 맛의 매운 단계별 숙성카레","채소를 이용한 깔끔한 맛의 매운 단계별 숙성카레 (8,500원) / 카레우동 (9,000원) / 냉 소바 (8,500원) / 붓카케우동 (9,500원) / 생모짜렐라치즈 튀김 토핑 (2,000원) / 새우튀김 도핑 (4,000원) / 반숙계란후라이 토핑 (1,000원) / 바삭한 감자고로케 (3,500원) / 닭봉 카라아게 토핑 (4,500원) / 초리조 소세지 토핑 (3,500원) / 토마토베이컨카츠 토핑 (3,500원) / 돈카츠 토핑 (4,500원) / 에비스生두잔 주문시 카라아게 5조각 서비스 (20,000원)","002_미세노센세.png","C:\Users\Alfred\Desktop\백종원의 3대천왕\EP.77\002_미세노센세.png"
"337","4","EP.77","3","미정이네식당","서울 성동구","서울 성동구 성덕정15길 6-5 (성수동2가 335-138)","서울 성동구 성덕정15길 6-5","해물,생선요리","코다리찜2인분","코다리찜2인분 (30,000원) / 동태찌개 (20,000원) / 제육볶음1인분 (15,000원) / 닭볶음탕 (35,000원) / 계란말이 (12,000원) / 오징어볶음1인분 (15,000원) / 계란찜 (5,000원) / 공기밥 (1,000원) / 볶음밥 (2,000원)","003_미정이네식당.png","C:\Users\Alfred\Desktop\백종원의 3대천왕\EP.77\003_미정이네식당.png"
"338","4","EP.77","4","저수지휴게실","울산 울주군","울산 울주군 청량읍 상보두현길 53 (문죽리 1213)","울산 울주군 청량읍 상보두현길 53","한식","매운수제비","매운수제비 (8,000원) / 일반수제비 (7,000원) / 검정콩국수 (11,000원) / 찐만두(8개) (5,000원) / 일반칼국수 (7,000원)","004_저수지휴게실.png","C:\Users\Alfred\Desktop\백종원의 3대천왕\EP.77\004_저수지휴게실.png"
"339","4","EP.78","1","대도식당","제주 서귀포시","제주 서귀포시 솔동산로22번길 18 (서귀동 587-42)","제주 서귀포시 솔동산로22번길 18","한식","복튀김 2인분","복튀김 2인분 (30,000원) / 자리젖 (20,000원) / 참복 (20,000원) / 곤이 (10,000원) / 김치복국(1인) (15,000원) / 복매운탕 (15,000원) / 복지리 (15,000원) / 옛날메밀복국 (15,000원) / 복수육 (52,000원) / 복튀김 (52,000원) / 복찜 (52,000원)","001_대도식당.png","C:\Users\Alfred\Desktop\백종원의 3대천왕\EP.78\001_대도식당.png"
"340","4","EP.78","2","구좌상회","제주 제주시","제주 제주시 조천읍 선교로 198-5 (선흘리 3983)","제주 제주시 조천읍 선교로 198-5","카페,디저트","당근케이크","","002_구좌상회.png","C:\Users\Alfred\Desktop\백종원의 3대천왕\EP.78\002_구좌상회.png"
"341","4","EP.78","3","두루두루","제주 제주시","제주 제주시 삼무로3길 14 (연동 291-10)","제주 제주시 삼무로3길 14","해물,생선요리","꼼장어구이","꼼장어구이 (변동) / 한치회 (변동) / 우럭회(4인) (60,000원) / 우럭조림(대) (55,000원) / 히라스 (변동)","003_두루두루.png","C:\Users\Alfred\Desktop\백종원의 3대천왕\EP.78\003_두루두루.png"
"342","4","EP.78","4","성미가든","제주 제주시","제주 제주시 조천읍 교래1길 2 (교래리 532)","제주 제주시 조천읍 교래1길 2","닭요리","토종 황칠백숙","토종 황칠백숙 (변동) / 샤브샤브 2~3인 (70,000원) / 샤브샤브3~4인 (80,000원) / 닭도리탕 2~3인 (70,000원) / 닭도리탕 3~4인 (80,000원) / 소주 (5,000원) / 맥주 (5,000원)","004_성미가든.png","C:\Users\Alfred\Desktop\백종원의 3대천왕\EP.78\004_성미가든.png"
"343","4","EP.78","5","슬슬슬로우","제주 제주시","제주 제주시 구좌읍 덕행로 207 (행원리 2306-12)","제주 제주시 구좌읍 덕행로 207","한식","사골육수+고추야채기름 양념장","사골육수+고추야채기름 양념장 (13,000원) / 땡초양념장+돔베고기+유부+깻잎+당근+단무지 (7,000원) / 돔베고기 조금 (7,000원) / 1인 도전 성공시 무료 (5인분) (50,000원)","005_슬슬슬로우.png","C:\Users\Alfred\Desktop\백종원의 3대천왕\EP.78\005_슬슬슬로우.png"
"344","4","EP.79","1","돼지불백","경기 남양주시","경기 남양주시 진접읍 금강로 1001 (내곡리 251-3)","경기 남양주시 진접읍 금강로 1001","백반,가정식","돼지불백","돼지불백 (10,000원) / 공기밥 (1,000원) / 참이슬 (4,000원) / 카스 (4,000원)","001_돼지불백.png","C:\Users\Alfred\Desktop\백종원의 3대천왕\EP.79\001_돼지불백.png"
"345","4","EP.79","2","대성기사한식뷔페","대구 서구","대구 서구 달서천로 338 (비산동 1093-2)","대구 서구 달서천로 338","한식뷔페","성인","성인 (8,000원) / 초등학생 (5,000원) / 미취학 (4,000원)","002_대성기사한식뷔페.png","C:\Users\Alfred\Desktop\백종원의 3대천왕\EP.79\002_대성기사한식뷔페.png"
"346","4","EP.79","3","맛나기사식당","부산 서구","부산 서구 대영로74번길 58 (동대신동1가 389)","부산 서구 대영로74번길 58","기사식당","보글보글 오뎅 샤브 부산 로컬 대구탕 맛집","보글보글 오뎅 샤브 부산 로컬 대구탕 맛집 (10,000원) / 김치찌개 (10,000원) / 낙지볶음 (10,000원)","003_맛나기사식당.png","C:\Users\Alfred\Desktop\백종원의 3대천왕\EP.79\003_맛나기사식당.png"
"347","4","EP.79","4","장안정","서울 동대문구","서울 동대문구 답십리로 291-3 (장안동 308-9)","서울 동대문구 답십리로 291-3","곱창,막창,양","돈까스","","004_장안정.png","C:\Users\Alfred\Desktop\백종원의 3대천왕\EP.79\004_장안정.png"
"348","4","EP.80","1","통영식도락","경남 통영시","경남 통영시 발개로 131 (도남동 560-1)","경남 통영시 발개로 131","","해물뚝배기","","001_통영식도락.png","C:\Users\Alfred\Desktop\백종원의 3대천왕\EP.80\001_통영식도락.png"
"349","4","EP.80","2","경주집","부산 금정구","부산 금정구 하마2길 6 (청룡동 465-1)","부산 금정구 하마2길 6","한식","오리불고기","","002_경주집.png","C:\Users\Alfred\Desktop\백종원의 3대천왕\EP.80\002_경주집.png"
"350","4","EP.80","3","원조할아버지손두부","서울 광진구","서울 광진구 자양로 324 (구의동 26-15)","서울 광진구 자양로 324","두부요리","서리태콩국수","서리태콩국수 (10,000원) / 서리태콩물 (7,500원) / 콩국수(계절) (7,000원) / 순두부 (4,000원) / 소주 맥주 (3,500원) / 모두부 (7,000원) / 콩물 (5,500원) / 포장 두부 (4,500원) / 포장 순두부 (3,500원) / 포장 젓갈 (1,000원)","003_원조할아버지손두부.png","C:\Users\Alfred\Desktop\백종원의 3대천왕\EP.80\003_원조할아버지손두부.png"
"351","4","EP.80","4","조계산보리밥집원조집","전남 순천시","전남 순천시 송광면 굴목재길 247 (장안리 522)","전남 순천시 송광면 굴목재길 247","한정식","보리밥","보리밥 (10,000원) / 야채파전 (10,000원) / 도토리묵 (10,000원) / 동동주 (7,000원) / 솔잎주 (8,000원)","004_조계산보리밥집원조집.png","C:\Users\Alfred\Desktop\백종원의 3대천왕\EP.80\004_조계산보리밥집원조집.png"
"352","4","EP.81","1","오달통분식","경기 김포시","경기 김포시 북변중로65번길 56 (북변동 411-9)","경기 김포시 북변중로65번길 56","종합분식","라쫄떡볶이(1인분)","라쫄떡볶이(1인분) (2,000원) / 라면 (2,000원) / 김밥 (1,500원) / 만두 (1,000원) / 쫄면 (3,000원) / 떡국 (3,000원) / 떡만두국 (3,000원) / 칼국수 (3,000원) / 만두국 (3,000원) / 물/비빔 냉면 (3,500원)","001_오달통분식.png","C:\Users\Alfred\Desktop\백종원의 3대천왕\EP.81\001_오달통분식.png"
"353","4","EP.81","2","후리지아","경기 양평군","경기 양평군 양평읍 양근로 182 (양근리 345-9)","경기 양평군 양평읍 양근로 182","한식","김치치즈볶음밥","김치치즈볶음밥 (7,000원) / 치즈토핑 추가 (1,000원) / 그라탕 (8,000원) / 김치 참치 볶음밥 (7,000원) / 김치 햄 볶음밥 (7,000원) / 김치 오징어 볶음밥 (7,000원) / 김치 새우 볶음밥 (7,000원) / 오므라이스 (7,000원) / 굴소스+가쓰오부시 (7,000원) / 라면 (5,000원)","002_후리지아.png","C:\Users\Alfred\Desktop\백종원의 3대천왕\EP.81\002_후리지아.png"
"354","4","EP.81","3","영돈분식버거","경기 이천시","경기 이천시 이섭대천로 1200 (중리동 219)","경기 이천시 이섭대천로 1200","","주먹밥탕수육","","003_영돈분식버거.png","C:\Users\Alfred\Desktop\백종원의 3대천왕\EP.81\003_영돈분식버거.png"
"355","4","EP.81","4","토스트킹","경기 평택시","경기 평택시 송탄로 63 (이충동 517-3)","경기 평택시 송탄로 63","토스트","토스트","","004_토스트킹.png","C:\Users\Alfred\Desktop\백종원의 3대천왕\EP.81\004_토스트킹.png"
"356","4","EP.81","5","완도 명품해물탕","전남 완도군","전남 완도군 완도읍 개포로177번길 2-14 (가용리 1032-10)","전남 완도군 완도읍 개포로177번길 2-14","매운탕,해물탕","전복돌문어해물탕 대(4~5인)","전복돌문어해물탕 대(4~5인) (90,000원) / 전복돌문어해물탕 소(2~3인) (60,000원) / 전복돌문어해물찜 대(4~5인) (90,000원) / 전복돌문어해물찜 소(2~3인) (60,000원) / 해물아구찜 대(4~5인) (70,000원) / 해물아구찜 소(2인~3인) (40,000원) / 아구찜 대(4인) (50,000원) / 아구찜 소(2인) (30,000원) / 전복회 (30,000원) / 전복탕수육 (40,000원) / 전복죽 (15,000원) / 굴떡국 (8,000원) / 새우튀김 (20,000원)","005_완도 명품해물탕.png","C:\Users\Alfred\Desktop\백종원의 3대천왕\EP.81\005_완도 명품해물탕.png"
"357","4","EP.82","1","성식당","전남 목포시","전남 목포시 수강로4번길 6 (영해동1가 8-3)","전남 목포시 수강로4번길 6","한식","국내산 한우로 만든 떡갈비와 기본찬으로 제공되는 육회까지 한번에 먹을 수 있는 떡갈비백반","국내산 한우로 만든 떡갈비와 기본찬으로 제공되는 육회까지 한번에 먹을 수 있는 떡갈비백반 (28,000원) / 갈비탕 (국내산) (15,000원) / 내장탕 (국내산) (13,000원) / 육회추가시 (국내산) (10,000원) / 공기밥 (국내산) (1,000원) / 소주 (5,000원) / 맥주 (5,000원) / 음료수 (2,000원) / 복분자 (17,000원) / 매취순 (14,000원)","001_성식당.png","C:\Users\Alfred\Desktop\백종원의 3대천왕\EP.82\001_성식당.png"
"358","4","EP.82","2","완도 청운수산식당","전남 완도군","전남 완도군 청산면 도청3길 17 (도청리 934-8)","전남 완도군 청산면 도청3길 17","해물,생선요리","해초비빔밥","해초비빔밥 (12,000원) / 전복톳된장뚝배기 (15,000원) / 해초전복비빔밥 (15,000원)","002_완도 청운수산식당.png","C:\Users\Alfred\Desktop\백종원의 3대천왕\EP.82\002_완도 청운수산식당.png"
"359","4","EP.82","3","명희네음식점","전남 장흥군","전남 장흥군 장흥읍 토요시장2길 3-6 (예양리 195)","전남 장흥군 장흥읍 토요시장2길 3-6","한식","소고기를 사오시고 상차림과 키조개, 표고버섯을 주문하시면 장흥삼합으로 드실 수 있습니다","소고기를 사오시고 상차림과 키조개, 표고버섯을 주문하시면 장흥삼합으로 드실 수 있습니다 (5,000원) / 소고기육회와 된장물회육수, 각종 야채가 조화롭게 어우러진 전국 어디에도 없는 특별한 맛 (55,000원) / 차돌박이, 키조개, 표고버섯은 기본, 각종 해산물, 버섯, 야채를 더한 깊고진한 국물요리 (55,000원) / 소고기를 사오시고 상차림과 키조개, 표고버섯을 주문하시면 장흥삼합으로 드실 수 있습니다 (10,000원) / 한우된장물회(중) (45,000원) / 한우된장물회(소) (35,000원) / 장흥삼합전골(중) (45,000원) / 부드러운 바지락 속살을 새콤하게 무쳐내어 입맛을 살리는 회무침 (50,000원) / 바지락회무침 中 (40,000원) / 신선한 육회와 각종 야채, 버섯이 맛깔난 조화를 이룬 비빔밥 (13,000원) / 바지락 회무침을 1인분으로 드실 수 있도록 제공한 메뉴입니다 (13,000원) / 짱뚱어를 통째로 갈아 넣어 부드럽고 진한 국물맛을 냈습니다 (13,000원) / 얼큰하고 시원한 국물맛의 해물 된장 뚝배기 (12,000원) / 한우 육회가 들어간 돌솥비빔밥 (12,000원)","003_명희네음식점.png","C:\Users\Alfred\Desktop\백종원의 3대천왕\EP.82\003_명희네음식점.png"
"360","4","EP.83","1","365붉은대게공판장","강원 속초시","강원 속초시 설악금강대교로 15 (청호동 1341-1)","강원 속초시 설악금강대교로 15","대게요리","홍게","","001_365붉은대게공판장.png","C:\Users\Alfred\Desktop\백종원의 3대천왕\EP.83\001_365붉은대게공판장.png"
"361","4","EP.83","2","회동집","강원 정선군","강원 정선군 정선읍 5일장길 37-10 (봉양리 344-3)","강원 정선군 정선읍 5일장길 37-10","한식","곤드레밥","곤드레밥 (8,000원) / 모둠전 (12,000원) / 콧등치기국수(물/비빔) (8,000원) / 도토리묵말이(비빔) (10,000원) / 올챙이국수(작은그릇,맛보기) (3,000원) / 만둣국 (10,000원) / 감자옹심이 (10,000원) / 통메밀부침 (5,000원) / 통메밀전병 (5,000원) / 수수부꾸미 (5,000원) / 녹두빈대떡 (5,000원)","002_회동집.png","C:\Users\Alfred\Desktop\백종원의 3대천왕\EP.83\002_회동집.png"
"362","4","EP.83","3","송어의집","강원 평창군","강원 평창군 평창읍 아랫상리길 19-4 (상리 239)","강원 평창군 평창읍 아랫상리길 19-4","생선회","청정 1급수 용천수로 키운 쫄깃한 식감의 송어회입니다. [ 사진 : 2인분 ]","청정 1급수 용천수로 키운 쫄깃한 식감의 송어회입니다. [ 사진 : 2인분 ] (24,000원) / 송어회 포장가능합니다. 거리에 따라 아이스팩, 보냉팩 넣어 아이스박스에 넣어드려요! - 구성 : 송어회, 비빔야채, 고추, 당근, 양파, 상추, 콩가루, 초고추장, 참기름, 된장 (44,000원) / 송어 한 마리를 통째로 구워낸, 담백한 송어구이입니다. (35,000원) / 겉바속촉! 부드러운 송어 튀김입니다 7~8조각이 나오며, 남녀노소 부담없이 즐길 수 있어요 (19,000원) / 강원도 특산물인 곤드레와 송어를 이용해 만든 '밥'메뉴입니다. 곤드레덮밥과 함께 노릇노릇하게 구워진 송어를 함께 드실 수 있습니다. (17,000원)","003_송어의집.png","C:\Users\Alfred\Desktop\백종원의 3대천왕\EP.83\003_송어의집.png"
"363","4","EP.83","4","박현자네더덕밥","강원 횡성군","강원 횡성군 횡성읍 횡성로 59 (곡교리 127-3)","강원 횡성군 횡성읍 횡성로 59","한식","더덕구이 정식(2인이상 주문)","더덕구이 정식(2인이상 주문) (19,000원) / 더덕구이 고등어정식(2인이상 주문) (27,000원) / 더덕구이 (24,000원) / 더덕무침 (22,000원) / 고등어구이 (12,000원) / 들기름두부구이 (8,000원) / 더덕막걸리(대) (15,000원) / 더덕막걸리(중) (10,000원) / 솥밥 추가 (3,500원)","004_박현자네더덕밥.png","C:\Users\Alfred\Desktop\백종원의 3대천왕\EP.83\004_박현자네더덕밥.png"
"364","4","EP.84","1","라이너스바베큐","서울 용산구","서울 용산구 이태원로 136-13 (이태원동 56-20)","서울 용산구 이태원로 136-13","양식","1~2인분. 풀드포크+브리스킷+미니번4개 + 타코쉘 2개+사이드3가지","1~2인분. 풀드포크+브리스킷+미니번4개 + 타코쉘 2개+사이드3가지 (55,000원) / 2~3PPL. 스페어립 3대 +니번 + 사이드 3가지 선택 브리스킷 + 풀드포크 + 6미 (89,000원) / 스페어립 풀랙 + 브리스킷 + 풀드포크 + 미니번6ea 타코쉘 3ea + 사이드4가지 선택 (169,000원) / 장시간 훈연하여 입에서 살살 녹는 보들보들한 돼지고기 어깨살은 주문이 들어오는대로 즉석에서 손으로 찢어드립니다. (12,500원) / 브리스킷은 소의 양지머리입니다.노릇하게 구운 바삭 촉촉한 허브번 위에 달콤한 바베큐 소스와 딜피클이 함께 제공됩니다. (16,900원) / 하프랙베이비백립+풀드포크+브리스킷+치킨반마리+소시지1피스+9미니번+올사이드 (129,000원) / (주말 한정수량 판매)풀랙볼케이노베이비백립+브리스킷+풀드포크+9미니번+사이드중 4가지선택 (149,000원) / 스페어립 3대 + 코울슬로중 1가지 선택 + 프랜치프라이 + 샌드위치 번 (45,000원) / 풀랙 스페어립 + 프렌치프라이 + 코울슬로중 1가지 선택 (99,000원) / 스모크치킨반마리 + 레몬비네그레트토마토 샐러드 (10,900원) / 스모크치킨 한마리 + 레몬비네그레트토마토샐러드 (20,900원) / 풀드포크 100g추가 (9,900원) / 브리스킷 100g 추가 (14,900원) / 미니번 2pcs 추가 (2,500원) / TEXAS HOT GUTS 소시지는 100% 수제로 만든 하나밖에 없는 텍사스 스타일의 스파이시 소시지입니다. 저희 소시지는 살짝 매콤 짭짤하면서, 껍질은 탱탱합니다. (9,900원)","001_라이너스바베큐.png","C:\Users\Alfred\Desktop\백종원의 3대천왕\EP.84\001_라이너스바베큐.png"
"365","4","EP.84","2","군봉묵은지김치찜","인천 연수구","인천 연수구 비류대로150번길 13 (옥련동 116-29)","인천 연수구 비류대로150번길 13","찌개,전골","2년 숙성 국내산 묵은지와 부드러운 돼지고기가 함께 어울려 깔끔하고 맛있는 김치찜입니다.","2년 숙성 국내산 묵은지와 부드러운 돼지고기가 함께 어울려 깔끔하고 맛있는 김치찜입니다. (13,000원) / 2년 숙성 국내산 묵은지와 부드러운 돼지고기로 만든 맑은 김치찌개(=김치찜)입니다. (13,000원) / 2년 숙성 국내산 묵은지와 뜯는재미가 있는 등갈비 조합의 맛있는 김치찜입니다. (14,000원) / 2년숙성 국내산묵은지와 돼지고기,등갈비,손수만든 만두소의 손만두와 유부만두로 푸짐한 모듬찜 (15,000원) / 묵은지 김치찜과 쫀득한 맛고기 세트 *쫀득한 맛고기는 철판 치즈불맛요리로 소금맛, 매운맛 (19,000원) / 묵은지등갈비찜과 쫀득한 맛고기 세트 *쫀득한 맛고기는 철판 치즈불맛요리로 소금맛, 매운맛 (20,000원) / 묵은지 모듬찜과 쫀득한 맛고기 세트 *쫀득한 맛고기는 철판 치즈불맛요리로 소금맛, 매운맛 (21,000원)","002_군봉묵은지김치찜.png","C:\Users\Alfred\Desktop\백종원의 3대천왕\EP.84\002_군봉묵은지김치찜.png"
"366","4","EP.84","3","장군집","충북 청주시","충북 청주시 서원구 성봉로220번길 156 (개신동 316-6)","충북 청주시 서원구 성봉로220번길 156","돼지고기구이","껍데기","껍데기 (15,000원) / 기본모듬 (24,000원) / 갈매기살/막창 (26,000원) / 옛날도시락 (4,000원) / 국밥 (5,000원) / 술국 (6,000원) / 공기밥 (1,000원) / 살코기 (26,000원) / 암뽕 (24,000원) / 호디기 (24,000원) / 염통 (24,000원) / 껍질+살코기 (22,000원) / 꼬리 (26,000원) / 돈낭 (20,000원)","003_장군집.png","C:\Users\Alfred\Desktop\백종원의 3대천왕\EP.84\003_장군집.png"
"367","4","EP.85","1","원조카우보이한방통닭","경기 고양시","경기 고양시 덕양구 용두로47번길 191 (용두동 432-46)","경기 고양시 덕양구 용두로47번길 191","치킨,닭강정","누룽지통닭","누룽지통닭 (16,000원) / 포장23000 (24,000원)","001_원조카우보이한방통닭.png","C:\Users\Alfred\Desktop\백종원의 3대천왕\EP.85\001_원조카우보이한방통닭.png"
"368","4","EP.85","2","대남포장집","부산 남구","부산 남구 수영로366번길 19 (대연3동 37-1)","부산 남구 수영로366번길 19","해물,생선요리","문어숙회","","002_대남포장집.png","C:\Users\Alfred\Desktop\백종원의 3대천왕\EP.85\002_대남포장집.png"
"369","4","EP.85","3","원조40번","전남 여수시","전남 여수시 공화북3길 11 (공화동 1364)","전남 여수시 공화북3길 11","","뚝배기갈비찜","","003_원조40번.png","C:\Users\Alfred\Desktop\백종원의 3대천왕\EP.85\003_원조40번.png"
"370","4","EP.86","1","왕거미식당","대구 중구","대구 중구 국채보상로 696-8 (동인동4가 179)","대구 중구 국채보상로 696-8","한식","당일 도축 당일 판매를 원칙으로 힘줄을 일일이 제거한 한우 우둔살입니다","당일 도축 당일 판매를 원칙으로 힘줄을 일일이 제거한 한우 우둔살입니다 (50,000원) / 오드레기를 양지와 함께 연탄불에 구워 고소한 맛이 일품인 구이요리 (50,000원) / 대창구이 (40,000원) / 등골 (30,000원) / 혓바닥구이 (40,000원) / 육회 (35,000원) / 양지머리 (50,000원)","001_왕거미식당.png","C:\Users\Alfred\Desktop\백종원의 3대천왕\EP.86\001_왕거미식당.png"
"371","4","EP.86","2","원조수구레","서울 강서구","서울 강서구 양천로26길 10-6 (방화동 179-14)","서울 강서구 양천로26길 10-6","소고기구이","수구레","","002_원조수구레.png","C:\Users\Alfred\Desktop\백종원의 3대천왕\EP.86\002_원조수구레.png"
"372","4","EP.86","3","홍어1번지","전남 나주시","전남 나주시 영산3길 2-1 (영산동 254-1)","전남 나주시 영산3길 2-1","해물,생선요리","홍어","","003_홍어1번지.png","C:\Users\Alfred\Desktop\백종원의 3대천왕\EP.86\003_홍어1번지.png"
"373","4","EP.87","1","매드독스","부산 수영구","부산 수영구 광안해변로 235 (민락동 179-3)","부산 수영구 광안해변로 235","피자","[pizza] 오리지널 시카고 피자","[pizza] 오리지널 시카고 피자 (29,000원) / [pizza] 고구마 시카고 피자 (31,000원) / [pizza] 슈프리모 시카고 피자 (31,000원) / [pizza] 핫스파이시 피자 (31,000원) / [pizza] 그란치오 시카고 피자 (31,000원) / [pizza] 쉬림프 시카고 피자 (33,000원) / [pizza] 소세지 시카고 피자 (33,000원) / 일부 피자 변경시 추가금 발생 쉬림프, 소세지 +2,000원 (32,000원) / 기본적으로 피자는 오리지널 시카고 피자이며 피자변경시 가격변동이 있습니다 (44,000원) / 기본적으로 피자는 오리지널 시카고,파스타는 까르보나라 이며 변경시 가격변동이 있습니다 (61,000원) / 기본적으로 피자는 오리지널 시카고 피자이며 피자변경시 가격변동이 있습니다 (60,000원) / [세트F]피자+칠리감자+파스타+샐러드 (77,000원) / [pasta] 까르보나라 파스타 (17,900원)","001_매드독스.png","C:\Users\Alfred\Desktop\백종원의 3대천왕\EP.87\001_매드독스.png"
"374","4","EP.87","2","마녀커리크림치킨","서울 마포구","서울 마포구 마포구 동교로 227-5 (연남동 373-14)","서울 마포구 마포구 동교로 227-5","","치킨","","002_마녀커리크림치킨.png","C:\Users\Alfred\Desktop\백종원의 3대천왕\EP.87\002_마녀커리크림치킨.png"
"375","4","EP.87","3","풍남골뱅이","서울 중구","서울 중구 수표로 50-1 (을지로3가 350-1)","서울 중구 수표로 50-1","한식","풍남골뱅이추가","풍남골뱅이추가 (27,000원) / 풍남골뱅이 (31,000원) / 번데기 (8,000원) / 계란말이 (10,000원) / 국수사리 (4,000원) / 마른오징어 (15,000원) / 햄 (9,000원) / 포 (13,000원) / 군포 (13,000원)","003_풍남골뱅이.png","C:\Users\Alfred\Desktop\백종원의 3대천왕\EP.87\003_풍남골뱅이.png"
"376","4","EP.88","1","뭄알로이","경기 고양시","경기 고양시 일산동구 일산로316번길 53-5 (마두동 835)","경기 고양시 일산동구 일산로316번길 53-5","태국음식","태국음식","","001_뭄알로이.png","C:\Users\Alfred\Desktop\백종원의 3대천왕\EP.88\001_뭄알로이.png"
"377","4","EP.88","2","꼬메이베베","서울 마포구","서울 마포구 연희로1길 55 (연남동 383-72)","서울 마포구 연희로1길 55","기업","스페인음식","","002_꼬메이베베.png","C:\Users\Alfred\Desktop\백종원의 3대천왕\EP.88\002_꼬메이베베.png"
"378","4","EP.88","3","마라케쉬나이트","서울 용산구","서울 용산구 이태원로 164-1 (이태원동 72-32)","서울 용산구 이태원로 164-1","양식","아랍음식","","003_마라케쉬나이트.png","C:\Users\Alfred\Desktop\백종원의 3대천왕\EP.88\003_마라케쉬나이트.png"
"379","4","EP.88","4","파르투내","서울 중구","서울 중구 마른내로 154 (광희동1가 250-1 )","서울 중구 마른내로 154","기업","러시아음식","","004_파르투내.png","C:\Users\Alfred\Desktop\백종원의 3대천왕\EP.88\004_파르투내.png"
"380","4","EP.89","1","묘향만두","경기 구리시","경기 구리시 아차산로 63 (아천동 300-8)","경기 구리시 아차산로 63","만두","만두","","001_묘향만두.png","C:\Users\Alfred\Desktop\백종원의 3대천왕\EP.89\001_묘향만두.png"
"381","4","EP.89","2","신선식당","경북 안동시","경북 안동시 광석3길 20 (광석동 232-1)","경북 안동시 광석3길 20","국수","냉우동","냉우동 (6,000원) / 비빔우동 (6,000원) / 우동 (5,000원) / 짜장 (5,000원) / 곱배기 추가 (1,000원)","002_신선식당.png","C:\Users\Alfred\Desktop\백종원의 3대천왕\EP.89\002_신선식당.png"
"382","4","EP.89","3","삼육식당","경북 포항시","경북 포항시 남구 오천읍 문덕로43번길 6-4 (문덕리 347-3)","경북 포항시 남구 오천읍 문덕로43번길 6-4","닭요리","닭냉국수","닭냉국수 (10,000원) / 닭무침 (28,000원) / 닭개장정식 (11,000원) / 닭곰탕 (11,000원) / 닭두루치기 (28,000원) / 닭두루치기정식 (15,000원) / 닭수육 대 (24,000원)","003_삼육식당.png","C:\Users\Alfred\Desktop\백종원의 3대천왕\EP.89\003_삼육식당.png"
"383","4","EP.89","4","보안식당","전북 정읍시","전북 정읍시 중앙로 95 (수성동 528-5)","전북 정읍시 중앙로 95","칼국수,만두","쫄면","","004_보안식당.png","C:\Users\Alfred\Desktop\백종원의 3대천왕\EP.89\004_보안식당.png"
"384","4","EP.92","1","향유갈비","경기 포천시","경기 포천시 이동면 성장로 1287-13 (장암리 471-2)","경기 포천시 이동면 성장로 1287-13","육류,고기요리","이동갈비 1인(400g)","이동갈비 1인(400g) (44,000원) / 이동생갈비 1인(350g) (56,000원) / 한우 이동갈비 1인(380g) (59,000원) / 돼지왕구이 1인(250g) (20,000원) / 포장갈비(430g) (43,000원) / 추가시 5,000원! (5,000원) / 고기육수와 구수한 엄마손표 된장의 만남!구수함을 느껴보세요! 청양고추까지 넣으면 속풀이 굿 (15,000원) / 고기육수랑 엄마표 된장이 만나 느끼함을 잡았어요! 일단 드셔보세요 (10,000원) / 물냉면 (7,000원) / 꾸덕한 치즈와 육즙 가득한 육회, 고소 달달한 아보카도가 만난 환상적인 궁합! (30,000원) / 육회(200g) (25,000원) / 육회비빔밥 (10,000원) / 비빔냉면 (7,000원) / 된장찌개 (3,000원) / 열무국수 (7,000원)","001_향유갈비.png","C:\Users\Alfred\Desktop\백종원의 3대천왕\EP.92\001_향유갈비.png"
"385","4","EP.92","2","미미원","광주 동구","광주 동구 백서로 218 (동명동 138-5)","광주 동구 백서로 218","전,빈대떡","육전","육전 (30,000원) / 낙지탕탕이전 (30,000원) / 키조개전 (28,000원) / 새우전 (29,000원) / 흑미솥밥 (5,000원) / 백합떡국 (7,000원) / 매생이떡국 (8,000원)","002_미미원.png","C:\Users\Alfred\Desktop\백종원의 3대천왕\EP.92\002_미미원.png"
"386","4","EP.92","3","김광석신촌칼국수","서울 마포구","서울 마포구 신촌로 124 (노고산동 40-9)","서울 마포구 신촌로 124","칼국수,만두","버섯얼큰소고기샤브","버섯얼큰소고기샤브 (16,000원) / 버섯얼큰칼국수 (11,000원) / 샤브용 소고기 한접시(200g) (10,000원) / 샤브용소고기 반접시(100g) (5,000원) / 감자만두 10개 (8,000원) / 추가 미나리 (4,000원) / 추가 버섯 (3,000원)","003_김광석신촌칼국수.png","C:\Users\Alfred\Desktop\백종원의 3대천왕\EP.92\003_김광석신촌칼국수.png"
"387","4","EP.93","1","광명반점","대구 북구","대구 북구 칠성로 70-1 ( 칠성동2가 350-20)","대구 북구 칠성로 70-1","중식당","짬뽕","짬뽕 (9,500원) / 볶음밥 (9,500원) / 난자완스 소 (20,000원) / 짜장면 (7,000원) / 짜장밥 (8,000원) / 짬뽕밥 (10,000원) / 짜장소스 (12,000원) / 짬뽕국물 (15,000원) / 난자완스밥 (16,000원) / 난자완스 대 (40,000원)","001_광명반점.png","C:\Users\Alfred\Desktop\백종원의 3대천왕\EP.93\001_광명반점.png"
"388","4","EP.93","2","서궁","서울 영등포구","서울 영등포구 국제금융로 86 (여의도동 43-4)","서울 영등포구 국제금융로 86","기업","오향장육","","002_서궁.png","C:\Users\Alfred\Desktop\백종원의 3대천왕\EP.93\002_서궁.png"
"389","4","EP.93","3","순심원","전남 여수시","전남 여수시 교동남1길 5-17 (교동 442-2)","전남 여수시 교동남1길 5-17","중식당","잡채","잡채 (23,000원) / 라조육 (37,000원) / 탕수육 대 (38,000원) / 양장피 (43,000원) / 라조기 (37,000원) / 자장면 (7,000원) / 우동 (9,000원) / 짬뽕 (9,000원) / 해물철판자장(1인분) (12,000원) / 탕수육(중) (26,000원)","003_순심원.png","C:\Users\Alfred\Desktop\백종원의 3대천왕\EP.93\003_순심원.png"
